Id,Keyword
1,SaaS companies in Bengaluru India
2,best SaaS companies in Bengaluru India
3,top SaaS companies in Bengaluru India
4,SaaS companies looking for customer testimonials in Bengaluru India
5,SaaS companies testimonial marketing in Bengaluru India
6,SaaS companies customer review management in Bengaluru India
7,SaaS companies social proof marketing in Bengaluru India
8,SaaS companies review collection in Bengaluru India
9,SaaS companies customer feedback software in Bengaluru India
10,SaaS companies testimonial software in Bengaluru India
11,SaaS companies review software in Bengaluru India
12,SaaS companies feedback software in Bengaluru India
13,SaaS companies reputation management in Bengaluru India
14,SaaS companies customer success teams in Bengaluru India
15,SaaS companies marketing teams in Bengaluru India
16,SaaS companies founders in Bengaluru India
17,SaaS companies business owners in Bengaluru India
18,SaaS companies growth marketing in Bengaluru India
19,SaaS companies digital marketing in Bengaluru India
20,SaaS companies online reviews in Bengaluru India
21,SaaS companies case studies in Bengaluru India
22,SaaS companies video testimonials in Bengaluru India
23,SaaS companies customer stories in Bengaluru India
24,SaaS companies companies collecting testimonials in Bengaluru India
25,SaaS companies companies collecting customer reviews in Bengaluru India
26,SaaS companies companies using social proof in Bengaluru India
27,SaaS companies companies using video testimonials in Bengaluru India
28,SaaS companies companies needing more reviews in Bengaluru India
29,SaaS companies companies needing testimonial software in Bengaluru India
30,SaaS companies companies needing customer feedback tools in Bengaluru India
31,SaaS companies companies embedding testimonials on websites in Bengaluru India
32,SaaS companies companies showcasing customer reviews in Bengaluru India
33,SaaS companies companies showcasing customer stories in Bengaluru India
34,SaaS companies companies using review widgets in Bengaluru India
35,SaaS companies companies using testimonial widgets in Bengaluru India
36,SaaS companies companies building Wall of Love pages in Bengaluru India
37,SaaS companies agencies looking for SaaS partners in Bengaluru India
38,SaaS companies agencies looking for technology partners in Bengaluru India
39,SaaS companies agencies looking for white label software in Bengaluru India
40,SaaS companies agencies looking for software partners in Bengaluru India
41,SaaS companies agencies offering reputation management in Bengaluru India
42,SaaS companies agencies offering review generation in Bengaluru India
43,SaaS companies agencies offering testimonial marketing in Bengaluru India
44,SaaS companies agencies offering social proof marketing in Bengaluru India
45,SaaS companies startups collecting customer feedback in Bengaluru India
46,SaaS companies startups using testimonials in Bengaluru India
47,SaaS companies startups using social proof in Bengaluru India
48,SaaS companies businesses needing more customer reviews in Bengaluru India
49,SaaS companies businesses using testimonials in Bengaluru India
50,SaaS companies businesses improving customer trust in Bengaluru India
51,SaaS companies businesses improving conversion rates in Bengaluru India
52,SaaS companies companies customer success stories in Bengaluru India
53,SaaS companies companies customer advocacy in Bengaluru India
54,SaaS companies companies referral marketing in Bengaluru India
55,SaaS companies companies brand trust in Bengaluru India
56,SaaS companies companies conversion optimization in Bengaluru India
57,SaaS companies companies website conversion in Bengaluru India
58,SaaS companies companies client testimonial examples in Bengaluru India
59,SaaS companies companies customer review examples in Bengaluru India
60,SaaS companies companies customer testimonial examples in Bengaluru India
61,SaaS companies companies customer feedback in Bengaluru India
62,SaaS companies companies customer experience in Bengaluru India
63,SaaS companies companies customer advocacy programs in Bengaluru India
64,SaaS companies companies testimonial collection software in Bengaluru India
65,SaaS companies companies review collection software in Bengaluru India
66,SaaS companies companies video testimonial software in Bengaluru India
67,SaaS companies companies social proof software in Bengaluru India
68,SaaS companies companies reputation management software in Bengaluru India
69,SaaS companies companies customer feedback platform in Bengaluru India
70,SaaS companies companies testimonial platform in Bengaluru India
71,SaaS companies companies review management platform in Bengaluru India
72,SaaS companies businesses collecting customer feedback in Bengaluru India
73,SaaS companies businesses collecting customer testimonials in Bengaluru India
74,SaaS companies businesses collecting customer reviews in Bengaluru India
75,SaaS companies businesses using video reviews in Bengaluru India
76,SaaS companies businesses using customer stories in Bengaluru India
77,SaaS companies businesses using review widgets in Bengaluru India
78,SaaS companies businesses using testimonial widgets in Bengaluru India
79,SaaS companies businesses showcasing testimonials in Bengaluru India
80,SaaS companies businesses showcasing reviews in Bengaluru India
81,SaaS companies businesses showcasing customer stories in Bengaluru India
82,SaaS companies businesses needing social proof in Bengaluru India
83,SaaS companies businesses needing testimonial marketing in Bengaluru India
84,SaaS companies businesses needing customer feedback software in Bengaluru India
85,SaaS companies agencies serving startups in Bengaluru India
86,SaaS companies agencies serving SaaS companies in Bengaluru India
87,SaaS companies agencies serving small businesses in Bengaluru India
88,SaaS companies agencies serving ecommerce brands in Bengaluru India
89,SaaS companies agencies serving B2B companies in Bengaluru India
90,SaaS companies agencies serving local businesses in Bengaluru India
91,SaaS companies agencies partnering with SaaS companies in Bengaluru India
92,SaaS companies agencies partnering with software companies in Bengaluru India
93,SaaS companies agencies offering white label services in Bengaluru India
94,SaaS companies agencies offering SaaS solutions in Bengaluru India
95,SaaS companies agencies offering customer feedback solutions in Bengaluru India
96,SaaS companies agencies offering review management in Bengaluru India
97,SaaS companies agencies offering testimonial collection in Bengaluru India
98,SaaS companies agencies offering social proof services in Bengaluru India
99,SaaS companies companies using customer feedback platforms in Bengaluru India
100,SaaS companies companies using testimonial platforms in Bengaluru India
101,SaaS companies companies using review management platforms in Bengaluru India
102,SaaS companies companies using customer advocacy platforms in Bengaluru India
103,SaaS companies companies improving customer experience in Bengaluru India
104,SaaS companies companies improving customer trust in Bengaluru India
105,SaaS companies companies improving website conversion in Bengaluru India
106,SaaS companies companies improving lead conversion in Bengaluru India
107,SaaS companies companies improving online reputation in Bengaluru India
108,SaaS companies companies building customer trust in Bengaluru India
109,SaaS companies companies collecting video reviews in Bengaluru India
110,SaaS companies companies collecting video testimonials in Bengaluru India
111,SaaS companies companies collecting client feedback in Bengaluru India
112,SaaS companies companies collecting customer stories in Bengaluru India
113,SaaS companies in Mumbai India
114,best SaaS companies in Mumbai India
115,top SaaS companies in Mumbai India
116,SaaS companies looking for customer testimonials in Mumbai India
117,SaaS companies testimonial marketing in Mumbai India
118,SaaS companies customer review management in Mumbai India
119,SaaS companies social proof marketing in Mumbai India
120,SaaS companies review collection in Mumbai India
121,SaaS companies customer feedback software in Mumbai India
122,SaaS companies testimonial software in Mumbai India
123,SaaS companies review software in Mumbai India
124,SaaS companies feedback software in Mumbai India
125,SaaS companies reputation management in Mumbai India
126,SaaS companies customer success teams in Mumbai India
127,SaaS companies marketing teams in Mumbai India
128,SaaS companies founders in Mumbai India
129,SaaS companies business owners in Mumbai India
130,SaaS companies growth marketing in Mumbai India
131,SaaS companies digital marketing in Mumbai India
132,SaaS companies online reviews in Mumbai India
133,SaaS companies case studies in Mumbai India
134,SaaS companies video testimonials in Mumbai India
135,SaaS companies customer stories in Mumbai India
136,SaaS companies companies collecting testimonials in Mumbai India
137,SaaS companies companies collecting customer reviews in Mumbai India
138,SaaS companies companies using social proof in Mumbai India
139,SaaS companies companies using video testimonials in Mumbai India
140,SaaS companies companies needing more reviews in Mumbai India
141,SaaS companies companies needing testimonial software in Mumbai India
142,SaaS companies companies needing customer feedback tools in Mumbai India
143,SaaS companies companies embedding testimonials on websites in Mumbai India
144,SaaS companies companies showcasing customer reviews in Mumbai India
145,SaaS companies companies showcasing customer stories in Mumbai India
146,SaaS companies companies using review widgets in Mumbai India
147,SaaS companies companies using testimonial widgets in Mumbai India
148,SaaS companies companies building Wall of Love pages in Mumbai India
149,SaaS companies agencies looking for SaaS partners in Mumbai India
150,SaaS companies agencies looking for technology partners in Mumbai India
151,SaaS companies agencies looking for white label software in Mumbai India
152,SaaS companies agencies looking for software partners in Mumbai India
153,SaaS companies agencies offering reputation management in Mumbai India
154,SaaS companies agencies offering review generation in Mumbai India
155,SaaS companies agencies offering testimonial marketing in Mumbai India
156,SaaS companies agencies offering social proof marketing in Mumbai India
157,SaaS companies startups collecting customer feedback in Mumbai India
158,SaaS companies startups using testimonials in Mumbai India
159,SaaS companies startups using social proof in Mumbai India
160,SaaS companies businesses needing more customer reviews in Mumbai India
161,SaaS companies businesses using testimonials in Mumbai India
162,SaaS companies businesses improving customer trust in Mumbai India
163,SaaS companies businesses improving conversion rates in Mumbai India
164,SaaS companies companies customer success stories in Mumbai India
165,SaaS companies companies customer advocacy in Mumbai India
166,SaaS companies companies referral marketing in Mumbai India
167,SaaS companies companies brand trust in Mumbai India
168,SaaS companies companies conversion optimization in Mumbai India
169,SaaS companies companies website conversion in Mumbai India
170,SaaS companies companies client testimonial examples in Mumbai India
171,SaaS companies companies customer review examples in Mumbai India
172,SaaS companies companies customer testimonial examples in Mumbai India
173,SaaS companies companies customer feedback in Mumbai India
174,SaaS companies companies customer experience in Mumbai India
175,SaaS companies companies customer advocacy programs in Mumbai India
176,SaaS companies companies testimonial collection software in Mumbai India
177,SaaS companies companies review collection software in Mumbai India
178,SaaS companies companies video testimonial software in Mumbai India
179,SaaS companies companies social proof software in Mumbai India
180,SaaS companies companies reputation management software in Mumbai India
181,SaaS companies companies customer feedback platform in Mumbai India
182,SaaS companies companies testimonial platform in Mumbai India
183,SaaS companies companies review management platform in Mumbai India
184,SaaS companies businesses collecting customer feedback in Mumbai India
185,SaaS companies businesses collecting customer testimonials in Mumbai India
186,SaaS companies businesses collecting customer reviews in Mumbai India
187,SaaS companies businesses using video reviews in Mumbai India
188,SaaS companies businesses using customer stories in Mumbai India
189,SaaS companies businesses using review widgets in Mumbai India
190,SaaS companies businesses using testimonial widgets in Mumbai India
191,SaaS companies businesses showcasing testimonials in Mumbai India
192,SaaS companies businesses showcasing reviews in Mumbai India
193,SaaS companies businesses showcasing customer stories in Mumbai India
194,SaaS companies businesses needing social proof in Mumbai India
195,SaaS companies businesses needing testimonial marketing in Mumbai India
196,SaaS companies businesses needing customer feedback software in Mumbai India
197,SaaS companies agencies serving startups in Mumbai India
198,SaaS companies agencies serving SaaS companies in Mumbai India
199,SaaS companies agencies serving small businesses in Mumbai India
200,SaaS companies agencies serving ecommerce brands in Mumbai India
201,SaaS companies agencies serving B2B companies in Mumbai India
202,SaaS companies agencies serving local businesses in Mumbai India
203,SaaS companies agencies partnering with SaaS companies in Mumbai India
204,SaaS companies agencies partnering with software companies in Mumbai India
205,SaaS companies agencies offering white label services in Mumbai India
206,SaaS companies agencies offering SaaS solutions in Mumbai India
207,SaaS companies agencies offering customer feedback solutions in Mumbai India
208,SaaS companies agencies offering review management in Mumbai India
209,SaaS companies agencies offering testimonial collection in Mumbai India
210,SaaS companies agencies offering social proof services in Mumbai India
211,SaaS companies companies using customer feedback platforms in Mumbai India
212,SaaS companies companies using testimonial platforms in Mumbai India
213,SaaS companies companies using review management platforms in Mumbai India
214,SaaS companies companies using customer advocacy platforms in Mumbai India
215,SaaS companies companies improving customer experience in Mumbai India
216,SaaS companies companies improving customer trust in Mumbai India
217,SaaS companies companies improving website conversion in Mumbai India
218,SaaS companies companies improving lead conversion in Mumbai India
219,SaaS companies companies improving online reputation in Mumbai India
220,SaaS companies companies building customer trust in Mumbai India
221,SaaS companies companies collecting video reviews in Mumbai India
222,SaaS companies companies collecting video testimonials in Mumbai India
223,SaaS companies companies collecting client feedback in Mumbai India
224,SaaS companies companies collecting customer stories in Mumbai India
225,SaaS companies in Delhi NCR India
226,best SaaS companies in Delhi NCR India
227,top SaaS companies in Delhi NCR India
228,SaaS companies looking for customer testimonials in Delhi NCR India
229,SaaS companies testimonial marketing in Delhi NCR India
230,SaaS companies customer review management in Delhi NCR India
231,SaaS companies social proof marketing in Delhi NCR India
232,SaaS companies review collection in Delhi NCR India
233,SaaS companies customer feedback software in Delhi NCR India
234,SaaS companies testimonial software in Delhi NCR India
235,SaaS companies review software in Delhi NCR India
236,SaaS companies feedback software in Delhi NCR India
237,SaaS companies reputation management in Delhi NCR India
238,SaaS companies customer success teams in Delhi NCR India
239,SaaS companies marketing teams in Delhi NCR India
240,SaaS companies founders in Delhi NCR India
241,SaaS companies business owners in Delhi NCR India
242,SaaS companies growth marketing in Delhi NCR India
243,SaaS companies digital marketing in Delhi NCR India
244,SaaS companies online reviews in Delhi NCR India
245,SaaS companies case studies in Delhi NCR India
246,SaaS companies video testimonials in Delhi NCR India
247,SaaS companies customer stories in Delhi NCR India
248,SaaS companies companies collecting testimonials in Delhi NCR India
249,SaaS companies companies collecting customer reviews in Delhi NCR India
250,SaaS companies companies using social proof in Delhi NCR India
251,SaaS companies companies using video testimonials in Delhi NCR India
252,SaaS companies companies needing more reviews in Delhi NCR India
253,SaaS companies companies needing testimonial software in Delhi NCR India
254,SaaS companies companies needing customer feedback tools in Delhi NCR India
255,SaaS companies companies embedding testimonials on websites in Delhi NCR India
256,SaaS companies companies showcasing customer reviews in Delhi NCR India
257,SaaS companies companies showcasing customer stories in Delhi NCR India
258,SaaS companies companies using review widgets in Delhi NCR India
259,SaaS companies companies using testimonial widgets in Delhi NCR India
260,SaaS companies companies building Wall of Love pages in Delhi NCR India
261,SaaS companies agencies looking for SaaS partners in Delhi NCR India
262,SaaS companies agencies looking for technology partners in Delhi NCR India
263,SaaS companies agencies looking for white label software in Delhi NCR India
264,SaaS companies agencies looking for software partners in Delhi NCR India
265,SaaS companies agencies offering reputation management in Delhi NCR India
266,SaaS companies agencies offering review generation in Delhi NCR India
267,SaaS companies agencies offering testimonial marketing in Delhi NCR India
268,SaaS companies agencies offering social proof marketing in Delhi NCR India
269,SaaS companies startups collecting customer feedback in Delhi NCR India
270,SaaS companies startups using testimonials in Delhi NCR India
271,SaaS companies startups using social proof in Delhi NCR India
272,SaaS companies businesses needing more customer reviews in Delhi NCR India
273,SaaS companies businesses using testimonials in Delhi NCR India
274,SaaS companies businesses improving customer trust in Delhi NCR India
275,SaaS companies businesses improving conversion rates in Delhi NCR India
276,SaaS companies companies customer success stories in Delhi NCR India
277,SaaS companies companies customer advocacy in Delhi NCR India
278,SaaS companies companies referral marketing in Delhi NCR India
279,SaaS companies companies brand trust in Delhi NCR India
280,SaaS companies companies conversion optimization in Delhi NCR India
281,SaaS companies companies website conversion in Delhi NCR India
282,SaaS companies companies client testimonial examples in Delhi NCR India
283,SaaS companies companies customer review examples in Delhi NCR India
284,SaaS companies companies customer testimonial examples in Delhi NCR India
285,SaaS companies companies customer feedback in Delhi NCR India
286,SaaS companies companies customer experience in Delhi NCR India
287,SaaS companies companies customer advocacy programs in Delhi NCR India
288,SaaS companies companies testimonial collection software in Delhi NCR India
289,SaaS companies companies review collection software in Delhi NCR India
290,SaaS companies companies video testimonial software in Delhi NCR India
291,SaaS companies companies social proof software in Delhi NCR India
292,SaaS companies companies reputation management software in Delhi NCR India
293,SaaS companies companies customer feedback platform in Delhi NCR India
294,SaaS companies companies testimonial platform in Delhi NCR India
295,SaaS companies companies review management platform in Delhi NCR India
296,SaaS companies businesses collecting customer feedback in Delhi NCR India
297,SaaS companies businesses collecting customer testimonials in Delhi NCR India
298,SaaS companies businesses collecting customer reviews in Delhi NCR India
299,SaaS companies businesses using video reviews in Delhi NCR India
300,SaaS companies businesses using customer stories in Delhi NCR India
301,SaaS companies businesses using review widgets in Delhi NCR India
302,SaaS companies businesses using testimonial widgets in Delhi NCR India
303,SaaS companies businesses showcasing testimonials in Delhi NCR India
304,SaaS companies businesses showcasing reviews in Delhi NCR India
305,SaaS companies businesses showcasing customer stories in Delhi NCR India
306,SaaS companies businesses needing social proof in Delhi NCR India
307,SaaS companies businesses needing testimonial marketing in Delhi NCR India
308,SaaS companies businesses needing customer feedback software in Delhi NCR India
309,SaaS companies agencies serving startups in Delhi NCR India
310,SaaS companies agencies serving SaaS companies in Delhi NCR India
311,SaaS companies agencies serving small businesses in Delhi NCR India
312,SaaS companies agencies serving ecommerce brands in Delhi NCR India
313,SaaS companies agencies serving B2B companies in Delhi NCR India
314,SaaS companies agencies serving local businesses in Delhi NCR India
315,SaaS companies agencies partnering with SaaS companies in Delhi NCR India
316,SaaS companies agencies partnering with software companies in Delhi NCR India
317,SaaS companies agencies offering white label services in Delhi NCR India
318,SaaS companies agencies offering SaaS solutions in Delhi NCR India
319,SaaS companies agencies offering customer feedback solutions in Delhi NCR India
320,SaaS companies agencies offering review management in Delhi NCR India
321,SaaS companies agencies offering testimonial collection in Delhi NCR India
322,SaaS companies agencies offering social proof services in Delhi NCR India
323,SaaS companies companies using customer feedback platforms in Delhi NCR India
324,SaaS companies companies using testimonial platforms in Delhi NCR India
325,SaaS companies companies using review management platforms in Delhi NCR India
326,SaaS companies companies using customer advocacy platforms in Delhi NCR India
327,SaaS companies companies improving customer experience in Delhi NCR India
328,SaaS companies companies improving customer trust in Delhi NCR India
329,SaaS companies companies improving website conversion in Delhi NCR India
330,SaaS companies companies improving lead conversion in Delhi NCR India
331,SaaS companies companies improving online reputation in Delhi NCR India
332,SaaS companies companies building customer trust in Delhi NCR India
333,SaaS companies companies collecting video reviews in Delhi NCR India
334,SaaS companies companies collecting video testimonials in Delhi NCR India
335,SaaS companies companies collecting client feedback in Delhi NCR India
336,SaaS companies companies collecting customer stories in Delhi NCR India
337,SaaS companies in Gurugram India
338,best SaaS companies in Gurugram India
339,top SaaS companies in Gurugram India
340,SaaS companies looking for customer testimonials in Gurugram India
341,SaaS companies testimonial marketing in Gurugram India
342,SaaS companies customer review management in Gurugram India
343,SaaS companies social proof marketing in Gurugram India
344,SaaS companies review collection in Gurugram India
345,SaaS companies customer feedback software in Gurugram India
346,SaaS companies testimonial software in Gurugram India
347,SaaS companies review software in Gurugram India
348,SaaS companies feedback software in Gurugram India
349,SaaS companies reputation management in Gurugram India
350,SaaS companies customer success teams in Gurugram India
351,SaaS companies marketing teams in Gurugram India
352,SaaS companies founders in Gurugram India
353,SaaS companies business owners in Gurugram India
354,SaaS companies growth marketing in Gurugram India
355,SaaS companies digital marketing in Gurugram India
356,SaaS companies online reviews in Gurugram India
357,SaaS companies case studies in Gurugram India
358,SaaS companies video testimonials in Gurugram India
359,SaaS companies customer stories in Gurugram India
360,SaaS companies companies collecting testimonials in Gurugram India
361,SaaS companies companies collecting customer reviews in Gurugram India
362,SaaS companies companies using social proof in Gurugram India
363,SaaS companies companies using video testimonials in Gurugram India
364,SaaS companies companies needing more reviews in Gurugram India
365,SaaS companies companies needing testimonial software in Gurugram India
366,SaaS companies companies needing customer feedback tools in Gurugram India
367,SaaS companies companies embedding testimonials on websites in Gurugram India
368,SaaS companies companies showcasing customer reviews in Gurugram India
369,SaaS companies companies showcasing customer stories in Gurugram India
370,SaaS companies companies using review widgets in Gurugram India
371,SaaS companies companies using testimonial widgets in Gurugram India
372,SaaS companies companies building Wall of Love pages in Gurugram India
373,SaaS companies agencies looking for SaaS partners in Gurugram India
374,SaaS companies agencies looking for technology partners in Gurugram India
375,SaaS companies agencies looking for white label software in Gurugram India
376,SaaS companies agencies looking for software partners in Gurugram India
377,SaaS companies agencies offering reputation management in Gurugram India
378,SaaS companies agencies offering review generation in Gurugram India
379,SaaS companies agencies offering testimonial marketing in Gurugram India
380,SaaS companies agencies offering social proof marketing in Gurugram India
381,SaaS companies startups collecting customer feedback in Gurugram India
382,SaaS companies startups using testimonials in Gurugram India
383,SaaS companies startups using social proof in Gurugram India
384,SaaS companies businesses needing more customer reviews in Gurugram India
385,SaaS companies businesses using testimonials in Gurugram India
386,SaaS companies businesses improving customer trust in Gurugram India
387,SaaS companies businesses improving conversion rates in Gurugram India
388,SaaS companies companies customer success stories in Gurugram India
389,SaaS companies companies customer advocacy in Gurugram India
390,SaaS companies companies referral marketing in Gurugram India
391,SaaS companies companies brand trust in Gurugram India
392,SaaS companies companies conversion optimization in Gurugram India
393,SaaS companies companies website conversion in Gurugram India
394,SaaS companies companies client testimonial examples in Gurugram India
395,SaaS companies companies customer review examples in Gurugram India
396,SaaS companies companies customer testimonial examples in Gurugram India
397,SaaS companies companies customer feedback in Gurugram India
398,SaaS companies companies customer experience in Gurugram India
399,SaaS companies companies customer advocacy programs in Gurugram India
400,SaaS companies companies testimonial collection software in Gurugram India
401,SaaS companies companies review collection software in Gurugram India
402,SaaS companies companies video testimonial software in Gurugram India
403,SaaS companies companies social proof software in Gurugram India
404,SaaS companies companies reputation management software in Gurugram India
405,SaaS companies companies customer feedback platform in Gurugram India
406,SaaS companies companies testimonial platform in Gurugram India
407,SaaS companies companies review management platform in Gurugram India
408,SaaS companies businesses collecting customer feedback in Gurugram India
409,SaaS companies businesses collecting customer testimonials in Gurugram India
410,SaaS companies businesses collecting customer reviews in Gurugram India
411,SaaS companies businesses using video reviews in Gurugram India
412,SaaS companies businesses using customer stories in Gurugram India
413,SaaS companies businesses using review widgets in Gurugram India
414,SaaS companies businesses using testimonial widgets in Gurugram India
415,SaaS companies businesses showcasing testimonials in Gurugram India
416,SaaS companies businesses showcasing reviews in Gurugram India
417,SaaS companies businesses showcasing customer stories in Gurugram India
418,SaaS companies businesses needing social proof in Gurugram India
419,SaaS companies businesses needing testimonial marketing in Gurugram India
420,SaaS companies businesses needing customer feedback software in Gurugram India
421,SaaS companies agencies serving startups in Gurugram India
422,SaaS companies agencies serving SaaS companies in Gurugram India
423,SaaS companies agencies serving small businesses in Gurugram India
424,SaaS companies agencies serving ecommerce brands in Gurugram India
425,SaaS companies agencies serving B2B companies in Gurugram India
426,SaaS companies agencies serving local businesses in Gurugram India
427,SaaS companies agencies partnering with SaaS companies in Gurugram India
428,SaaS companies agencies partnering with software companies in Gurugram India
429,SaaS companies agencies offering white label services in Gurugram India
430,SaaS companies agencies offering SaaS solutions in Gurugram India
431,SaaS companies agencies offering customer feedback solutions in Gurugram India
432,SaaS companies agencies offering review management in Gurugram India
433,SaaS companies agencies offering testimonial collection in Gurugram India
434,SaaS companies agencies offering social proof services in Gurugram India
435,SaaS companies companies using customer feedback platforms in Gurugram India
436,SaaS companies companies using testimonial platforms in Gurugram India
437,SaaS companies companies using review management platforms in Gurugram India
438,SaaS companies companies using customer advocacy platforms in Gurugram India
439,SaaS companies companies improving customer experience in Gurugram India
440,SaaS companies companies improving customer trust in Gurugram India
441,SaaS companies companies improving website conversion in Gurugram India
442,SaaS companies companies improving lead conversion in Gurugram India
443,SaaS companies companies improving online reputation in Gurugram India
444,SaaS companies companies building customer trust in Gurugram India
445,SaaS companies companies collecting video reviews in Gurugram India
446,SaaS companies companies collecting video testimonials in Gurugram India
447,SaaS companies companies collecting client feedback in Gurugram India
448,SaaS companies companies collecting customer stories in Gurugram India
449,SaaS companies in Noida India
450,best SaaS companies in Noida India
451,top SaaS companies in Noida India
452,SaaS companies looking for customer testimonials in Noida India
453,SaaS companies testimonial marketing in Noida India
454,SaaS companies customer review management in Noida India
455,SaaS companies social proof marketing in Noida India
456,SaaS companies review collection in Noida India
457,SaaS companies customer feedback software in Noida India
458,SaaS companies testimonial software in Noida India
459,SaaS companies review software in Noida India
460,SaaS companies feedback software in Noida India
461,SaaS companies reputation management in Noida India
462,SaaS companies customer success teams in Noida India
463,SaaS companies marketing teams in Noida India
464,SaaS companies founders in Noida India
465,SaaS companies business owners in Noida India
466,SaaS companies growth marketing in Noida India
467,SaaS companies digital marketing in Noida India
468,SaaS companies online reviews in Noida India
469,SaaS companies case studies in Noida India
470,SaaS companies video testimonials in Noida India
471,SaaS companies customer stories in Noida India
472,SaaS companies companies collecting testimonials in Noida India
473,SaaS companies companies collecting customer reviews in Noida India
474,SaaS companies companies using social proof in Noida India
475,SaaS companies companies using video testimonials in Noida India
476,SaaS companies companies needing more reviews in Noida India
477,SaaS companies companies needing testimonial software in Noida India
478,SaaS companies companies needing customer feedback tools in Noida India
479,SaaS companies companies embedding testimonials on websites in Noida India
480,SaaS companies companies showcasing customer reviews in Noida India
481,SaaS companies companies showcasing customer stories in Noida India
482,SaaS companies companies using review widgets in Noida India
483,SaaS companies companies using testimonial widgets in Noida India
484,SaaS companies companies building Wall of Love pages in Noida India
485,SaaS companies agencies looking for SaaS partners in Noida India
486,SaaS companies agencies looking for technology partners in Noida India
487,SaaS companies agencies looking for white label software in Noida India
488,SaaS companies agencies looking for software partners in Noida India
489,SaaS companies agencies offering reputation management in Noida India
490,SaaS companies agencies offering review generation in Noida India
491,SaaS companies agencies offering testimonial marketing in Noida India
492,SaaS companies agencies offering social proof marketing in Noida India
493,SaaS companies startups collecting customer feedback in Noida India
494,SaaS companies startups using testimonials in Noida India
495,SaaS companies startups using social proof in Noida India
496,SaaS companies businesses needing more customer reviews in Noida India
497,SaaS companies businesses using testimonials in Noida India
498,SaaS companies businesses improving customer trust in Noida India
499,SaaS companies businesses improving conversion rates in Noida India
500,SaaS companies companies customer success stories in Noida India
501,SaaS companies companies customer advocacy in Noida India
502,SaaS companies companies referral marketing in Noida India
503,SaaS companies companies brand trust in Noida India
504,SaaS companies companies conversion optimization in Noida India
505,SaaS companies companies website conversion in Noida India
506,SaaS companies companies client testimonial examples in Noida India
507,SaaS companies companies customer review examples in Noida India
508,SaaS companies companies customer testimonial examples in Noida India
509,SaaS companies companies customer feedback in Noida India
510,SaaS companies companies customer experience in Noida India
511,SaaS companies companies customer advocacy programs in Noida India
512,SaaS companies companies testimonial collection software in Noida India
513,SaaS companies companies review collection software in Noida India
514,SaaS companies companies video testimonial software in Noida India
515,SaaS companies companies social proof software in Noida India
516,SaaS companies companies reputation management software in Noida India
517,SaaS companies companies customer feedback platform in Noida India
518,SaaS companies companies testimonial platform in Noida India
519,SaaS companies companies review management platform in Noida India
520,SaaS companies businesses collecting customer feedback in Noida India
521,SaaS companies businesses collecting customer testimonials in Noida India
522,SaaS companies businesses collecting customer reviews in Noida India
523,SaaS companies businesses using video reviews in Noida India
524,SaaS companies businesses using customer stories in Noida India
525,SaaS companies businesses using review widgets in Noida India
526,SaaS companies businesses using testimonial widgets in Noida India
527,SaaS companies businesses showcasing testimonials in Noida India
528,SaaS companies businesses showcasing reviews in Noida India
529,SaaS companies businesses showcasing customer stories in Noida India
530,SaaS companies businesses needing social proof in Noida India
531,SaaS companies businesses needing testimonial marketing in Noida India
532,SaaS companies businesses needing customer feedback software in Noida India
533,SaaS companies agencies serving startups in Noida India
534,SaaS companies agencies serving SaaS companies in Noida India
535,SaaS companies agencies serving small businesses in Noida India
536,SaaS companies agencies serving ecommerce brands in Noida India
537,SaaS companies agencies serving B2B companies in Noida India
538,SaaS companies agencies serving local businesses in Noida India
539,SaaS companies agencies partnering with SaaS companies in Noida India
540,SaaS companies agencies partnering with software companies in Noida India
541,SaaS companies agencies offering white label services in Noida India
542,SaaS companies agencies offering SaaS solutions in Noida India
543,SaaS companies agencies offering customer feedback solutions in Noida India
544,SaaS companies agencies offering review management in Noida India
545,SaaS companies agencies offering testimonial collection in Noida India
546,SaaS companies agencies offering social proof services in Noida India
547,SaaS companies companies using customer feedback platforms in Noida India
548,SaaS companies companies using testimonial platforms in Noida India
549,SaaS companies companies using review management platforms in Noida India
550,SaaS companies companies using customer advocacy platforms in Noida India
551,SaaS companies companies improving customer experience in Noida India
552,SaaS companies companies improving customer trust in Noida India
553,SaaS companies companies improving website conversion in Noida India
554,SaaS companies companies improving lead conversion in Noida India
555,SaaS companies companies improving online reputation in Noida India
556,SaaS companies companies building customer trust in Noida India
557,SaaS companies companies collecting video reviews in Noida India
558,SaaS companies companies collecting video testimonials in Noida India
559,SaaS companies companies collecting client feedback in Noida India
560,SaaS companies companies collecting customer stories in Noida India
561,SaaS companies in Hyderabad India
562,best SaaS companies in Hyderabad India
563,top SaaS companies in Hyderabad India
564,SaaS companies looking for customer testimonials in Hyderabad India
565,SaaS companies testimonial marketing in Hyderabad India
566,SaaS companies customer review management in Hyderabad India
567,SaaS companies social proof marketing in Hyderabad India
568,SaaS companies review collection in Hyderabad India
569,SaaS companies customer feedback software in Hyderabad India
570,SaaS companies testimonial software in Hyderabad India
571,SaaS companies review software in Hyderabad India
572,SaaS companies feedback software in Hyderabad India
573,SaaS companies reputation management in Hyderabad India
574,SaaS companies customer success teams in Hyderabad India
575,SaaS companies marketing teams in Hyderabad India
576,SaaS companies founders in Hyderabad India
577,SaaS companies business owners in Hyderabad India
578,SaaS companies growth marketing in Hyderabad India
579,SaaS companies digital marketing in Hyderabad India
580,SaaS companies online reviews in Hyderabad India
581,SaaS companies case studies in Hyderabad India
582,SaaS companies video testimonials in Hyderabad India
583,SaaS companies customer stories in Hyderabad India
584,SaaS companies companies collecting testimonials in Hyderabad India
585,SaaS companies companies collecting customer reviews in Hyderabad India
586,SaaS companies companies using social proof in Hyderabad India
587,SaaS companies companies using video testimonials in Hyderabad India
588,SaaS companies companies needing more reviews in Hyderabad India
589,SaaS companies companies needing testimonial software in Hyderabad India
590,SaaS companies companies needing customer feedback tools in Hyderabad India
591,SaaS companies companies embedding testimonials on websites in Hyderabad India
592,SaaS companies companies showcasing customer reviews in Hyderabad India
593,SaaS companies companies showcasing customer stories in Hyderabad India
594,SaaS companies companies using review widgets in Hyderabad India
595,SaaS companies companies using testimonial widgets in Hyderabad India
596,SaaS companies companies building Wall of Love pages in Hyderabad India
597,SaaS companies agencies looking for SaaS partners in Hyderabad India
598,SaaS companies agencies looking for technology partners in Hyderabad India
599,SaaS companies agencies looking for white label software in Hyderabad India
600,SaaS companies agencies looking for software partners in Hyderabad India
601,SaaS companies agencies offering reputation management in Hyderabad India
602,SaaS companies agencies offering review generation in Hyderabad India
603,SaaS companies agencies offering testimonial marketing in Hyderabad India
604,SaaS companies agencies offering social proof marketing in Hyderabad India
605,SaaS companies startups collecting customer feedback in Hyderabad India
606,SaaS companies startups using testimonials in Hyderabad India
607,SaaS companies startups using social proof in Hyderabad India
608,SaaS companies businesses needing more customer reviews in Hyderabad India
609,SaaS companies businesses using testimonials in Hyderabad India
610,SaaS companies businesses improving customer trust in Hyderabad India
611,SaaS companies businesses improving conversion rates in Hyderabad India
612,SaaS companies companies customer success stories in Hyderabad India
613,SaaS companies companies customer advocacy in Hyderabad India
614,SaaS companies companies referral marketing in Hyderabad India
615,SaaS companies companies brand trust in Hyderabad India
616,SaaS companies companies conversion optimization in Hyderabad India
617,SaaS companies companies website conversion in Hyderabad India
618,SaaS companies companies client testimonial examples in Hyderabad India
619,SaaS companies companies customer review examples in Hyderabad India
620,SaaS companies companies customer testimonial examples in Hyderabad India
621,SaaS companies companies customer feedback in Hyderabad India
622,SaaS companies companies customer experience in Hyderabad India
623,SaaS companies companies customer advocacy programs in Hyderabad India
624,SaaS companies companies testimonial collection software in Hyderabad India
625,SaaS companies companies review collection software in Hyderabad India
626,SaaS companies companies video testimonial software in Hyderabad India
627,SaaS companies companies social proof software in Hyderabad India
628,SaaS companies companies reputation management software in Hyderabad India
629,SaaS companies companies customer feedback platform in Hyderabad India
630,SaaS companies companies testimonial platform in Hyderabad India
631,SaaS companies companies review management platform in Hyderabad India
632,SaaS companies businesses collecting customer feedback in Hyderabad India
633,SaaS companies businesses collecting customer testimonials in Hyderabad India
634,SaaS companies businesses collecting customer reviews in Hyderabad India
635,SaaS companies businesses using video reviews in Hyderabad India
636,SaaS companies businesses using customer stories in Hyderabad India
637,SaaS companies businesses using review widgets in Hyderabad India
638,SaaS companies businesses using testimonial widgets in Hyderabad India
639,SaaS companies businesses showcasing testimonials in Hyderabad India
640,SaaS companies businesses showcasing reviews in Hyderabad India
641,SaaS companies businesses showcasing customer stories in Hyderabad India
642,SaaS companies businesses needing social proof in Hyderabad India
643,SaaS companies businesses needing testimonial marketing in Hyderabad India
644,SaaS companies businesses needing customer feedback software in Hyderabad India
645,SaaS companies agencies serving startups in Hyderabad India
646,SaaS companies agencies serving SaaS companies in Hyderabad India
647,SaaS companies agencies serving small businesses in Hyderabad India
648,SaaS companies agencies serving ecommerce brands in Hyderabad India
649,SaaS companies agencies serving B2B companies in Hyderabad India
650,SaaS companies agencies serving local businesses in Hyderabad India
651,SaaS companies agencies partnering with SaaS companies in Hyderabad India
652,SaaS companies agencies partnering with software companies in Hyderabad India
653,SaaS companies agencies offering white label services in Hyderabad India
654,SaaS companies agencies offering SaaS solutions in Hyderabad India
655,SaaS companies agencies offering customer feedback solutions in Hyderabad India
656,SaaS companies agencies offering review management in Hyderabad India
657,SaaS companies agencies offering testimonial collection in Hyderabad India
658,SaaS companies agencies offering social proof services in Hyderabad India
659,SaaS companies companies using customer feedback platforms in Hyderabad India
660,SaaS companies companies using testimonial platforms in Hyderabad India
661,SaaS companies companies using review management platforms in Hyderabad India
662,SaaS companies companies using customer advocacy platforms in Hyderabad India
663,SaaS companies companies improving customer experience in Hyderabad India
664,SaaS companies companies improving customer trust in Hyderabad India
665,SaaS companies companies improving website conversion in Hyderabad India
666,SaaS companies companies improving lead conversion in Hyderabad India
667,SaaS companies companies improving online reputation in Hyderabad India
668,SaaS companies companies building customer trust in Hyderabad India
669,SaaS companies companies collecting video reviews in Hyderabad India
670,SaaS companies companies collecting video testimonials in Hyderabad India
671,SaaS companies companies collecting client feedback in Hyderabad India
672,SaaS companies companies collecting customer stories in Hyderabad India
673,SaaS companies in Chennai India
674,best SaaS companies in Chennai India
675,top SaaS companies in Chennai India
676,SaaS companies looking for customer testimonials in Chennai India
677,SaaS companies testimonial marketing in Chennai India
678,SaaS companies customer review management in Chennai India
679,SaaS companies social proof marketing in Chennai India
680,SaaS companies review collection in Chennai India
681,SaaS companies customer feedback software in Chennai India
682,SaaS companies testimonial software in Chennai India
683,SaaS companies review software in Chennai India
684,SaaS companies feedback software in Chennai India
685,SaaS companies reputation management in Chennai India
686,SaaS companies customer success teams in Chennai India
687,SaaS companies marketing teams in Chennai India
688,SaaS companies founders in Chennai India
689,SaaS companies business owners in Chennai India
690,SaaS companies growth marketing in Chennai India
691,SaaS companies digital marketing in Chennai India
692,SaaS companies online reviews in Chennai India
693,SaaS companies case studies in Chennai India
694,SaaS companies video testimonials in Chennai India
695,SaaS companies customer stories in Chennai India
696,SaaS companies companies collecting testimonials in Chennai India
697,SaaS companies companies collecting customer reviews in Chennai India
698,SaaS companies companies using social proof in Chennai India
699,SaaS companies companies using video testimonials in Chennai India
700,SaaS companies companies needing more reviews in Chennai India
701,SaaS companies companies needing testimonial software in Chennai India
702,SaaS companies companies needing customer feedback tools in Chennai India
703,SaaS companies companies embedding testimonials on websites in Chennai India
704,SaaS companies companies showcasing customer reviews in Chennai India
705,SaaS companies companies showcasing customer stories in Chennai India
706,SaaS companies companies using review widgets in Chennai India
707,SaaS companies companies using testimonial widgets in Chennai India
708,SaaS companies companies building Wall of Love pages in Chennai India
709,SaaS companies agencies looking for SaaS partners in Chennai India
710,SaaS companies agencies looking for technology partners in Chennai India
711,SaaS companies agencies looking for white label software in Chennai India
712,SaaS companies agencies looking for software partners in Chennai India
713,SaaS companies agencies offering reputation management in Chennai India
714,SaaS companies agencies offering review generation in Chennai India
715,SaaS companies agencies offering testimonial marketing in Chennai India
716,SaaS companies agencies offering social proof marketing in Chennai India
717,SaaS companies startups collecting customer feedback in Chennai India
718,SaaS companies startups using testimonials in Chennai India
719,SaaS companies startups using social proof in Chennai India
720,SaaS companies businesses needing more customer reviews in Chennai India
721,SaaS companies businesses using testimonials in Chennai India
722,SaaS companies businesses improving customer trust in Chennai India
723,SaaS companies businesses improving conversion rates in Chennai India
724,SaaS companies companies customer success stories in Chennai India
725,SaaS companies companies customer advocacy in Chennai India
726,SaaS companies companies referral marketing in Chennai India
727,SaaS companies companies brand trust in Chennai India
728,SaaS companies companies conversion optimization in Chennai India
729,SaaS companies companies website conversion in Chennai India
730,SaaS companies companies client testimonial examples in Chennai India
731,SaaS companies companies customer review examples in Chennai India
732,SaaS companies companies customer testimonial examples in Chennai India
733,SaaS companies companies customer feedback in Chennai India
734,SaaS companies companies customer experience in Chennai India
735,SaaS companies companies customer advocacy programs in Chennai India
736,SaaS companies companies testimonial collection software in Chennai India
737,SaaS companies companies review collection software in Chennai India
738,SaaS companies companies video testimonial software in Chennai India
739,SaaS companies companies social proof software in Chennai India
740,SaaS companies companies reputation management software in Chennai India
741,SaaS companies companies customer feedback platform in Chennai India
742,SaaS companies companies testimonial platform in Chennai India
743,SaaS companies companies review management platform in Chennai India
744,SaaS companies businesses collecting customer feedback in Chennai India
745,SaaS companies businesses collecting customer testimonials in Chennai India
746,SaaS companies businesses collecting customer reviews in Chennai India
747,SaaS companies businesses using video reviews in Chennai India
748,SaaS companies businesses using customer stories in Chennai India
749,SaaS companies businesses using review widgets in Chennai India
750,SaaS companies businesses using testimonial widgets in Chennai India
751,SaaS companies businesses showcasing testimonials in Chennai India
752,SaaS companies businesses showcasing reviews in Chennai India
753,SaaS companies businesses showcasing customer stories in Chennai India
754,SaaS companies businesses needing social proof in Chennai India
755,SaaS companies businesses needing testimonial marketing in Chennai India
756,SaaS companies businesses needing customer feedback software in Chennai India
757,SaaS companies agencies serving startups in Chennai India
758,SaaS companies agencies serving SaaS companies in Chennai India
759,SaaS companies agencies serving small businesses in Chennai India
760,SaaS companies agencies serving ecommerce brands in Chennai India
761,SaaS companies agencies serving B2B companies in Chennai India
762,SaaS companies agencies serving local businesses in Chennai India
763,SaaS companies agencies partnering with SaaS companies in Chennai India
764,SaaS companies agencies partnering with software companies in Chennai India
765,SaaS companies agencies offering white label services in Chennai India
766,SaaS companies agencies offering SaaS solutions in Chennai India
767,SaaS companies agencies offering customer feedback solutions in Chennai India
768,SaaS companies agencies offering review management in Chennai India
769,SaaS companies agencies offering testimonial collection in Chennai India
770,SaaS companies agencies offering social proof services in Chennai India
771,SaaS companies companies using customer feedback platforms in Chennai India
772,SaaS companies companies using testimonial platforms in Chennai India
773,SaaS companies companies using review management platforms in Chennai India
774,SaaS companies companies using customer advocacy platforms in Chennai India
775,SaaS companies companies improving customer experience in Chennai India
776,SaaS companies companies improving customer trust in Chennai India
777,SaaS companies companies improving website conversion in Chennai India
778,SaaS companies companies improving lead conversion in Chennai India
779,SaaS companies companies improving online reputation in Chennai India
780,SaaS companies companies building customer trust in Chennai India
781,SaaS companies companies collecting video reviews in Chennai India
782,SaaS companies companies collecting video testimonials in Chennai India
783,SaaS companies companies collecting client feedback in Chennai India
784,SaaS companies companies collecting customer stories in Chennai India
785,SaaS companies in Pune India
786,best SaaS companies in Pune India
787,top SaaS companies in Pune India
788,SaaS companies looking for customer testimonials in Pune India
789,SaaS companies testimonial marketing in Pune India
790,SaaS companies customer review management in Pune India
791,SaaS companies social proof marketing in Pune India
792,SaaS companies review collection in Pune India
793,SaaS companies customer feedback software in Pune India
794,SaaS companies testimonial software in Pune India
795,SaaS companies review software in Pune India
796,SaaS companies feedback software in Pune India
797,SaaS companies reputation management in Pune India
798,SaaS companies customer success teams in Pune India
799,SaaS companies marketing teams in Pune India
800,SaaS companies founders in Pune India
801,SaaS companies business owners in Pune India
802,SaaS companies growth marketing in Pune India
803,SaaS companies digital marketing in Pune India
804,SaaS companies online reviews in Pune India
805,SaaS companies case studies in Pune India
806,SaaS companies video testimonials in Pune India
807,SaaS companies customer stories in Pune India
808,SaaS companies companies collecting testimonials in Pune India
809,SaaS companies companies collecting customer reviews in Pune India
810,SaaS companies companies using social proof in Pune India
811,SaaS companies companies using video testimonials in Pune India
812,SaaS companies companies needing more reviews in Pune India
813,SaaS companies companies needing testimonial software in Pune India
814,SaaS companies companies needing customer feedback tools in Pune India
815,SaaS companies companies embedding testimonials on websites in Pune India
816,SaaS companies companies showcasing customer reviews in Pune India
817,SaaS companies companies showcasing customer stories in Pune India
818,SaaS companies companies using review widgets in Pune India
819,SaaS companies companies using testimonial widgets in Pune India
820,SaaS companies companies building Wall of Love pages in Pune India
821,SaaS companies agencies looking for SaaS partners in Pune India
822,SaaS companies agencies looking for technology partners in Pune India
823,SaaS companies agencies looking for white label software in Pune India
824,SaaS companies agencies looking for software partners in Pune India
825,SaaS companies agencies offering reputation management in Pune India
826,SaaS companies agencies offering review generation in Pune India
827,SaaS companies agencies offering testimonial marketing in Pune India
828,SaaS companies agencies offering social proof marketing in Pune India
829,SaaS companies startups collecting customer feedback in Pune India
830,SaaS companies startups using testimonials in Pune India
831,SaaS companies startups using social proof in Pune India
832,SaaS companies businesses needing more customer reviews in Pune India
833,SaaS companies businesses using testimonials in Pune India
834,SaaS companies businesses improving customer trust in Pune India
835,SaaS companies businesses improving conversion rates in Pune India
836,SaaS companies companies customer success stories in Pune India
837,SaaS companies companies customer advocacy in Pune India
838,SaaS companies companies referral marketing in Pune India
839,SaaS companies companies brand trust in Pune India
840,SaaS companies companies conversion optimization in Pune India
841,SaaS companies companies website conversion in Pune India
842,SaaS companies companies client testimonial examples in Pune India
843,SaaS companies companies customer review examples in Pune India
844,SaaS companies companies customer testimonial examples in Pune India
845,SaaS companies companies customer feedback in Pune India
846,SaaS companies companies customer experience in Pune India
847,SaaS companies companies customer advocacy programs in Pune India
848,SaaS companies companies testimonial collection software in Pune India
849,SaaS companies companies review collection software in Pune India
850,SaaS companies companies video testimonial software in Pune India
851,SaaS companies companies social proof software in Pune India
852,SaaS companies companies reputation management software in Pune India
853,SaaS companies companies customer feedback platform in Pune India
854,SaaS companies companies testimonial platform in Pune India
855,SaaS companies companies review management platform in Pune India
856,SaaS companies businesses collecting customer feedback in Pune India
857,SaaS companies businesses collecting customer testimonials in Pune India
858,SaaS companies businesses collecting customer reviews in Pune India
859,SaaS companies businesses using video reviews in Pune India
860,SaaS companies businesses using customer stories in Pune India
861,SaaS companies businesses using review widgets in Pune India
862,SaaS companies businesses using testimonial widgets in Pune India
863,SaaS companies businesses showcasing testimonials in Pune India
864,SaaS companies businesses showcasing reviews in Pune India
865,SaaS companies businesses showcasing customer stories in Pune India
866,SaaS companies businesses needing social proof in Pune India
867,SaaS companies businesses needing testimonial marketing in Pune India
868,SaaS companies businesses needing customer feedback software in Pune India
869,SaaS companies agencies serving startups in Pune India
870,SaaS companies agencies serving SaaS companies in Pune India
871,SaaS companies agencies serving small businesses in Pune India
872,SaaS companies agencies serving ecommerce brands in Pune India
873,SaaS companies agencies serving B2B companies in Pune India
874,SaaS companies agencies serving local businesses in Pune India
875,SaaS companies agencies partnering with SaaS companies in Pune India
876,SaaS companies agencies partnering with software companies in Pune India
877,SaaS companies agencies offering white label services in Pune India
878,SaaS companies agencies offering SaaS solutions in Pune India
879,SaaS companies agencies offering customer feedback solutions in Pune India
880,SaaS companies agencies offering review management in Pune India
881,SaaS companies agencies offering testimonial collection in Pune India
882,SaaS companies agencies offering social proof services in Pune India
883,SaaS companies companies using customer feedback platforms in Pune India
884,SaaS companies companies using testimonial platforms in Pune India
885,SaaS companies companies using review management platforms in Pune India
886,SaaS companies companies using customer advocacy platforms in Pune India
887,SaaS companies companies improving customer experience in Pune India
888,SaaS companies companies improving customer trust in Pune India
889,SaaS companies companies improving website conversion in Pune India
890,SaaS companies companies improving lead conversion in Pune India
891,SaaS companies companies improving online reputation in Pune India
892,SaaS companies companies building customer trust in Pune India
893,SaaS companies companies collecting video reviews in Pune India
894,SaaS companies companies collecting video testimonials in Pune India
895,SaaS companies companies collecting client feedback in Pune India
896,SaaS companies companies collecting customer stories in Pune India
897,SaaS companies in Ahmedabad India
898,best SaaS companies in Ahmedabad India
899,top SaaS companies in Ahmedabad India
900,SaaS companies looking for customer testimonials in Ahmedabad India
901,SaaS companies testimonial marketing in Ahmedabad India
902,SaaS companies customer review management in Ahmedabad India
903,SaaS companies social proof marketing in Ahmedabad India
904,SaaS companies review collection in Ahmedabad India
905,SaaS companies customer feedback software in Ahmedabad India
906,SaaS companies testimonial software in Ahmedabad India
907,SaaS companies review software in Ahmedabad India
908,SaaS companies feedback software in Ahmedabad India
909,SaaS companies reputation management in Ahmedabad India
910,SaaS companies customer success teams in Ahmedabad India
911,SaaS companies marketing teams in Ahmedabad India
912,SaaS companies founders in Ahmedabad India
913,SaaS companies business owners in Ahmedabad India
914,SaaS companies growth marketing in Ahmedabad India
915,SaaS companies digital marketing in Ahmedabad India
916,SaaS companies online reviews in Ahmedabad India
917,SaaS companies case studies in Ahmedabad India
918,SaaS companies video testimonials in Ahmedabad India
919,SaaS companies customer stories in Ahmedabad India
920,SaaS companies companies collecting testimonials in Ahmedabad India
921,SaaS companies companies collecting customer reviews in Ahmedabad India
922,SaaS companies companies using social proof in Ahmedabad India
923,SaaS companies companies using video testimonials in Ahmedabad India
924,SaaS companies companies needing more reviews in Ahmedabad India
925,SaaS companies companies needing testimonial software in Ahmedabad India
926,SaaS companies companies needing customer feedback tools in Ahmedabad India
927,SaaS companies companies embedding testimonials on websites in Ahmedabad India
928,SaaS companies companies showcasing customer reviews in Ahmedabad India
929,SaaS companies companies showcasing customer stories in Ahmedabad India
930,SaaS companies companies using review widgets in Ahmedabad India
931,SaaS companies companies using testimonial widgets in Ahmedabad India
932,SaaS companies companies building Wall of Love pages in Ahmedabad India
933,SaaS companies agencies looking for SaaS partners in Ahmedabad India
934,SaaS companies agencies looking for technology partners in Ahmedabad India
935,SaaS companies agencies looking for white label software in Ahmedabad India
936,SaaS companies agencies looking for software partners in Ahmedabad India
937,SaaS companies agencies offering reputation management in Ahmedabad India
938,SaaS companies agencies offering review generation in Ahmedabad India
939,SaaS companies agencies offering testimonial marketing in Ahmedabad India
940,SaaS companies agencies offering social proof marketing in Ahmedabad India
941,SaaS companies startups collecting customer feedback in Ahmedabad India
942,SaaS companies startups using testimonials in Ahmedabad India
943,SaaS companies startups using social proof in Ahmedabad India
944,SaaS companies businesses needing more customer reviews in Ahmedabad India
945,SaaS companies businesses using testimonials in Ahmedabad India
946,SaaS companies businesses improving customer trust in Ahmedabad India
947,SaaS companies businesses improving conversion rates in Ahmedabad India
948,SaaS companies companies customer success stories in Ahmedabad India
949,SaaS companies companies customer advocacy in Ahmedabad India
950,SaaS companies companies referral marketing in Ahmedabad India
951,SaaS companies companies brand trust in Ahmedabad India
952,SaaS companies companies conversion optimization in Ahmedabad India
953,SaaS companies companies website conversion in Ahmedabad India
954,SaaS companies companies client testimonial examples in Ahmedabad India
955,SaaS companies companies customer review examples in Ahmedabad India
956,SaaS companies companies customer testimonial examples in Ahmedabad India
957,SaaS companies companies customer feedback in Ahmedabad India
958,SaaS companies companies customer experience in Ahmedabad India
959,SaaS companies companies customer advocacy programs in Ahmedabad India
960,SaaS companies companies testimonial collection software in Ahmedabad India
961,SaaS companies companies review collection software in Ahmedabad India
962,SaaS companies companies video testimonial software in Ahmedabad India
963,SaaS companies companies social proof software in Ahmedabad India
964,SaaS companies companies reputation management software in Ahmedabad India
965,SaaS companies companies customer feedback platform in Ahmedabad India
966,SaaS companies companies testimonial platform in Ahmedabad India
967,SaaS companies companies review management platform in Ahmedabad India
968,SaaS companies businesses collecting customer feedback in Ahmedabad India
969,SaaS companies businesses collecting customer testimonials in Ahmedabad India
970,SaaS companies businesses collecting customer reviews in Ahmedabad India
971,SaaS companies businesses using video reviews in Ahmedabad India
972,SaaS companies businesses using customer stories in Ahmedabad India
973,SaaS companies businesses using review widgets in Ahmedabad India
974,SaaS companies businesses using testimonial widgets in Ahmedabad India
975,SaaS companies businesses showcasing testimonials in Ahmedabad India
976,SaaS companies businesses showcasing reviews in Ahmedabad India
977,SaaS companies businesses showcasing customer stories in Ahmedabad India
978,SaaS companies businesses needing social proof in Ahmedabad India
979,SaaS companies businesses needing testimonial marketing in Ahmedabad India
980,SaaS companies businesses needing customer feedback software in Ahmedabad India
981,SaaS companies agencies serving startups in Ahmedabad India
982,SaaS companies agencies serving SaaS companies in Ahmedabad India
983,SaaS companies agencies serving small businesses in Ahmedabad India
984,SaaS companies agencies serving ecommerce brands in Ahmedabad India
985,SaaS companies agencies serving B2B companies in Ahmedabad India
986,SaaS companies agencies serving local businesses in Ahmedabad India
987,SaaS companies agencies partnering with SaaS companies in Ahmedabad India
988,SaaS companies agencies partnering with software companies in Ahmedabad India
989,SaaS companies agencies offering white label services in Ahmedabad India
990,SaaS companies agencies offering SaaS solutions in Ahmedabad India
991,SaaS companies agencies offering customer feedback solutions in Ahmedabad India
992,SaaS companies agencies offering review management in Ahmedabad India
993,SaaS companies agencies offering testimonial collection in Ahmedabad India
994,SaaS companies agencies offering social proof services in Ahmedabad India
995,SaaS companies companies using customer feedback platforms in Ahmedabad India
996,SaaS companies companies using testimonial platforms in Ahmedabad India
997,SaaS companies companies using review management platforms in Ahmedabad India
998,SaaS companies companies using customer advocacy platforms in Ahmedabad India
999,SaaS companies companies improving customer experience in Ahmedabad India
1000,SaaS companies companies improving customer trust in Ahmedabad India
1001,SaaS companies companies improving website conversion in Ahmedabad India
1002,SaaS companies companies improving lead conversion in Ahmedabad India
1003,SaaS companies companies improving online reputation in Ahmedabad India
1004,SaaS companies companies building customer trust in Ahmedabad India
1005,SaaS companies companies collecting video reviews in Ahmedabad India
1006,SaaS companies companies collecting video testimonials in Ahmedabad India
1007,SaaS companies companies collecting client feedback in Ahmedabad India
1008,SaaS companies companies collecting customer stories in Ahmedabad India
1009,SaaS companies in Kolkata India
1010,best SaaS companies in Kolkata India
1011,top SaaS companies in Kolkata India
1012,SaaS companies looking for customer testimonials in Kolkata India
1013,SaaS companies testimonial marketing in Kolkata India
1014,SaaS companies customer review management in Kolkata India
1015,SaaS companies social proof marketing in Kolkata India
1016,SaaS companies review collection in Kolkata India
1017,SaaS companies customer feedback software in Kolkata India
1018,SaaS companies testimonial software in Kolkata India
1019,SaaS companies review software in Kolkata India
1020,SaaS companies feedback software in Kolkata India
1021,SaaS companies reputation management in Kolkata India
1022,SaaS companies customer success teams in Kolkata India
1023,SaaS companies marketing teams in Kolkata India
1024,SaaS companies founders in Kolkata India
1025,SaaS companies business owners in Kolkata India
1026,SaaS companies growth marketing in Kolkata India
1027,SaaS companies digital marketing in Kolkata India
1028,SaaS companies online reviews in Kolkata India
1029,SaaS companies case studies in Kolkata India
1030,SaaS companies video testimonials in Kolkata India
1031,SaaS companies customer stories in Kolkata India
1032,SaaS companies companies collecting testimonials in Kolkata India
1033,SaaS companies companies collecting customer reviews in Kolkata India
1034,SaaS companies companies using social proof in Kolkata India
1035,SaaS companies companies using video testimonials in Kolkata India
1036,SaaS companies companies needing more reviews in Kolkata India
1037,SaaS companies companies needing testimonial software in Kolkata India
1038,SaaS companies companies needing customer feedback tools in Kolkata India
1039,SaaS companies companies embedding testimonials on websites in Kolkata India
1040,SaaS companies companies showcasing customer reviews in Kolkata India
1041,SaaS companies companies showcasing customer stories in Kolkata India
1042,SaaS companies companies using review widgets in Kolkata India
1043,SaaS companies companies using testimonial widgets in Kolkata India
1044,SaaS companies companies building Wall of Love pages in Kolkata India
1045,SaaS companies agencies looking for SaaS partners in Kolkata India
1046,SaaS companies agencies looking for technology partners in Kolkata India
1047,SaaS companies agencies looking for white label software in Kolkata India
1048,SaaS companies agencies looking for software partners in Kolkata India
1049,SaaS companies agencies offering reputation management in Kolkata India
1050,SaaS companies agencies offering review generation in Kolkata India
1051,SaaS companies agencies offering testimonial marketing in Kolkata India
1052,SaaS companies agencies offering social proof marketing in Kolkata India
1053,SaaS companies startups collecting customer feedback in Kolkata India
1054,SaaS companies startups using testimonials in Kolkata India
1055,SaaS companies startups using social proof in Kolkata India
1056,SaaS companies businesses needing more customer reviews in Kolkata India
1057,SaaS companies businesses using testimonials in Kolkata India
1058,SaaS companies businesses improving customer trust in Kolkata India
1059,SaaS companies businesses improving conversion rates in Kolkata India
1060,SaaS companies companies customer success stories in Kolkata India
1061,SaaS companies companies customer advocacy in Kolkata India
1062,SaaS companies companies referral marketing in Kolkata India
1063,SaaS companies companies brand trust in Kolkata India
1064,SaaS companies companies conversion optimization in Kolkata India
1065,SaaS companies companies website conversion in Kolkata India
1066,SaaS companies companies client testimonial examples in Kolkata India
1067,SaaS companies companies customer review examples in Kolkata India
1068,SaaS companies companies customer testimonial examples in Kolkata India
1069,SaaS companies companies customer feedback in Kolkata India
1070,SaaS companies companies customer experience in Kolkata India
1071,SaaS companies companies customer advocacy programs in Kolkata India
1072,SaaS companies companies testimonial collection software in Kolkata India
1073,SaaS companies companies review collection software in Kolkata India
1074,SaaS companies companies video testimonial software in Kolkata India
1075,SaaS companies companies social proof software in Kolkata India
1076,SaaS companies companies reputation management software in Kolkata India
1077,SaaS companies companies customer feedback platform in Kolkata India
1078,SaaS companies companies testimonial platform in Kolkata India
1079,SaaS companies companies review management platform in Kolkata India
1080,SaaS companies businesses collecting customer feedback in Kolkata India
1081,SaaS companies businesses collecting customer testimonials in Kolkata India
1082,SaaS companies businesses collecting customer reviews in Kolkata India
1083,SaaS companies businesses using video reviews in Kolkata India
1084,SaaS companies businesses using customer stories in Kolkata India
1085,SaaS companies businesses using review widgets in Kolkata India
1086,SaaS companies businesses using testimonial widgets in Kolkata India
1087,SaaS companies businesses showcasing testimonials in Kolkata India
1088,SaaS companies businesses showcasing reviews in Kolkata India
1089,SaaS companies businesses showcasing customer stories in Kolkata India
1090,SaaS companies businesses needing social proof in Kolkata India
1091,SaaS companies businesses needing testimonial marketing in Kolkata India
1092,SaaS companies businesses needing customer feedback software in Kolkata India
1093,SaaS companies agencies serving startups in Kolkata India
1094,SaaS companies agencies serving SaaS companies in Kolkata India
1095,SaaS companies agencies serving small businesses in Kolkata India
1096,SaaS companies agencies serving ecommerce brands in Kolkata India
1097,SaaS companies agencies serving B2B companies in Kolkata India
1098,SaaS companies agencies serving local businesses in Kolkata India
1099,SaaS companies agencies partnering with SaaS companies in Kolkata India
1100,SaaS companies agencies partnering with software companies in Kolkata India
1101,SaaS companies agencies offering white label services in Kolkata India
1102,SaaS companies agencies offering SaaS solutions in Kolkata India
1103,SaaS companies agencies offering customer feedback solutions in Kolkata India
1104,SaaS companies agencies offering review management in Kolkata India
1105,SaaS companies agencies offering testimonial collection in Kolkata India
1106,SaaS companies agencies offering social proof services in Kolkata India
1107,SaaS companies companies using customer feedback platforms in Kolkata India
1108,SaaS companies companies using testimonial platforms in Kolkata India
1109,SaaS companies companies using review management platforms in Kolkata India
1110,SaaS companies companies using customer advocacy platforms in Kolkata India
1111,SaaS companies companies improving customer experience in Kolkata India
1112,SaaS companies companies improving customer trust in Kolkata India
1113,SaaS companies companies improving website conversion in Kolkata India
1114,SaaS companies companies improving lead conversion in Kolkata India
1115,SaaS companies companies improving online reputation in Kolkata India
1116,SaaS companies companies building customer trust in Kolkata India
1117,SaaS companies companies collecting video reviews in Kolkata India
1118,SaaS companies companies collecting video testimonials in Kolkata India
1119,SaaS companies companies collecting client feedback in Kolkata India
1120,SaaS companies companies collecting customer stories in Kolkata India
1121,SaaS companies in Jaipur India
1122,best SaaS companies in Jaipur India
1123,top SaaS companies in Jaipur India
1124,SaaS companies looking for customer testimonials in Jaipur India
1125,SaaS companies testimonial marketing in Jaipur India
1126,SaaS companies customer review management in Jaipur India
1127,SaaS companies social proof marketing in Jaipur India
1128,SaaS companies review collection in Jaipur India
1129,SaaS companies customer feedback software in Jaipur India
1130,SaaS companies testimonial software in Jaipur India
1131,SaaS companies review software in Jaipur India
1132,SaaS companies feedback software in Jaipur India
1133,SaaS companies reputation management in Jaipur India
1134,SaaS companies customer success teams in Jaipur India
1135,SaaS companies marketing teams in Jaipur India
1136,SaaS companies founders in Jaipur India
1137,SaaS companies business owners in Jaipur India
1138,SaaS companies growth marketing in Jaipur India
1139,SaaS companies digital marketing in Jaipur India
1140,SaaS companies online reviews in Jaipur India
1141,SaaS companies case studies in Jaipur India
1142,SaaS companies video testimonials in Jaipur India
1143,SaaS companies customer stories in Jaipur India
1144,SaaS companies companies collecting testimonials in Jaipur India
1145,SaaS companies companies collecting customer reviews in Jaipur India
1146,SaaS companies companies using social proof in Jaipur India
1147,SaaS companies companies using video testimonials in Jaipur India
1148,SaaS companies companies needing more reviews in Jaipur India
1149,SaaS companies companies needing testimonial software in Jaipur India
1150,SaaS companies companies needing customer feedback tools in Jaipur India
1151,SaaS companies companies embedding testimonials on websites in Jaipur India
1152,SaaS companies companies showcasing customer reviews in Jaipur India
1153,SaaS companies companies showcasing customer stories in Jaipur India
1154,SaaS companies companies using review widgets in Jaipur India
1155,SaaS companies companies using testimonial widgets in Jaipur India
1156,SaaS companies companies building Wall of Love pages in Jaipur India
1157,SaaS companies agencies looking for SaaS partners in Jaipur India
1158,SaaS companies agencies looking for technology partners in Jaipur India
1159,SaaS companies agencies looking for white label software in Jaipur India
1160,SaaS companies agencies looking for software partners in Jaipur India
1161,SaaS companies agencies offering reputation management in Jaipur India
1162,SaaS companies agencies offering review generation in Jaipur India
1163,SaaS companies agencies offering testimonial marketing in Jaipur India
1164,SaaS companies agencies offering social proof marketing in Jaipur India
1165,SaaS companies startups collecting customer feedback in Jaipur India
1166,SaaS companies startups using testimonials in Jaipur India
1167,SaaS companies startups using social proof in Jaipur India
1168,SaaS companies businesses needing more customer reviews in Jaipur India
1169,SaaS companies businesses using testimonials in Jaipur India
1170,SaaS companies businesses improving customer trust in Jaipur India
1171,SaaS companies businesses improving conversion rates in Jaipur India
1172,SaaS companies companies customer success stories in Jaipur India
1173,SaaS companies companies customer advocacy in Jaipur India
1174,SaaS companies companies referral marketing in Jaipur India
1175,SaaS companies companies brand trust in Jaipur India
1176,SaaS companies companies conversion optimization in Jaipur India
1177,SaaS companies companies website conversion in Jaipur India
1178,SaaS companies companies client testimonial examples in Jaipur India
1179,SaaS companies companies customer review examples in Jaipur India
1180,SaaS companies companies customer testimonial examples in Jaipur India
1181,SaaS companies companies customer feedback in Jaipur India
1182,SaaS companies companies customer experience in Jaipur India
1183,SaaS companies companies customer advocacy programs in Jaipur India
1184,SaaS companies companies testimonial collection software in Jaipur India
1185,SaaS companies companies review collection software in Jaipur India
1186,SaaS companies companies video testimonial software in Jaipur India
1187,SaaS companies companies social proof software in Jaipur India
1188,SaaS companies companies reputation management software in Jaipur India
1189,SaaS companies companies customer feedback platform in Jaipur India
1190,SaaS companies companies testimonial platform in Jaipur India
1191,SaaS companies companies review management platform in Jaipur India
1192,SaaS companies businesses collecting customer feedback in Jaipur India
1193,SaaS companies businesses collecting customer testimonials in Jaipur India
1194,SaaS companies businesses collecting customer reviews in Jaipur India
1195,SaaS companies businesses using video reviews in Jaipur India
1196,SaaS companies businesses using customer stories in Jaipur India
1197,SaaS companies businesses using review widgets in Jaipur India
1198,SaaS companies businesses using testimonial widgets in Jaipur India
1199,SaaS companies businesses showcasing testimonials in Jaipur India
1200,SaaS companies businesses showcasing reviews in Jaipur India
1201,SaaS companies businesses showcasing customer stories in Jaipur India
1202,SaaS companies businesses needing social proof in Jaipur India
1203,SaaS companies businesses needing testimonial marketing in Jaipur India
1204,SaaS companies businesses needing customer feedback software in Jaipur India
1205,SaaS companies agencies serving startups in Jaipur India
1206,SaaS companies agencies serving SaaS companies in Jaipur India
1207,SaaS companies agencies serving small businesses in Jaipur India
1208,SaaS companies agencies serving ecommerce brands in Jaipur India
1209,SaaS companies agencies serving B2B companies in Jaipur India
1210,SaaS companies agencies serving local businesses in Jaipur India
1211,SaaS companies agencies partnering with SaaS companies in Jaipur India
1212,SaaS companies agencies partnering with software companies in Jaipur India
1213,SaaS companies agencies offering white label services in Jaipur India
1214,SaaS companies agencies offering SaaS solutions in Jaipur India
1215,SaaS companies agencies offering customer feedback solutions in Jaipur India
1216,SaaS companies agencies offering review management in Jaipur India
1217,SaaS companies agencies offering testimonial collection in Jaipur India
1218,SaaS companies agencies offering social proof services in Jaipur India
1219,SaaS companies companies using customer feedback platforms in Jaipur India
1220,SaaS companies companies using testimonial platforms in Jaipur India
1221,SaaS companies companies using review management platforms in Jaipur India
1222,SaaS companies companies using customer advocacy platforms in Jaipur India
1223,SaaS companies companies improving customer experience in Jaipur India
1224,SaaS companies companies improving customer trust in Jaipur India
1225,SaaS companies companies improving website conversion in Jaipur India
1226,SaaS companies companies improving lead conversion in Jaipur India
1227,SaaS companies companies improving online reputation in Jaipur India
1228,SaaS companies companies building customer trust in Jaipur India
1229,SaaS companies companies collecting video reviews in Jaipur India
1230,SaaS companies companies collecting video testimonials in Jaipur India
1231,SaaS companies companies collecting client feedback in Jaipur India
1232,SaaS companies companies collecting customer stories in Jaipur India
1233,SaaS companies in Indore India
1234,best SaaS companies in Indore India
1235,top SaaS companies in Indore India
1236,SaaS companies looking for customer testimonials in Indore India
1237,SaaS companies testimonial marketing in Indore India
1238,SaaS companies customer review management in Indore India
1239,SaaS companies social proof marketing in Indore India
1240,SaaS companies review collection in Indore India
1241,SaaS companies customer feedback software in Indore India
1242,SaaS companies testimonial software in Indore India
1243,SaaS companies review software in Indore India
1244,SaaS companies feedback software in Indore India
1245,SaaS companies reputation management in Indore India
1246,SaaS companies customer success teams in Indore India
1247,SaaS companies marketing teams in Indore India
1248,SaaS companies founders in Indore India
1249,SaaS companies business owners in Indore India
1250,SaaS companies growth marketing in Indore India
1251,SaaS companies digital marketing in Indore India
1252,SaaS companies online reviews in Indore India
1253,SaaS companies case studies in Indore India
1254,SaaS companies video testimonials in Indore India
1255,SaaS companies customer stories in Indore India
1256,SaaS companies companies collecting testimonials in Indore India
1257,SaaS companies companies collecting customer reviews in Indore India
1258,SaaS companies companies using social proof in Indore India
1259,SaaS companies companies using video testimonials in Indore India
1260,SaaS companies companies needing more reviews in Indore India
1261,SaaS companies companies needing testimonial software in Indore India
1262,SaaS companies companies needing customer feedback tools in Indore India
1263,SaaS companies companies embedding testimonials on websites in Indore India
1264,SaaS companies companies showcasing customer reviews in Indore India
1265,SaaS companies companies showcasing customer stories in Indore India
1266,SaaS companies companies using review widgets in Indore India
1267,SaaS companies companies using testimonial widgets in Indore India
1268,SaaS companies companies building Wall of Love pages in Indore India
1269,SaaS companies agencies looking for SaaS partners in Indore India
1270,SaaS companies agencies looking for technology partners in Indore India
1271,SaaS companies agencies looking for white label software in Indore India
1272,SaaS companies agencies looking for software partners in Indore India
1273,SaaS companies agencies offering reputation management in Indore India
1274,SaaS companies agencies offering review generation in Indore India
1275,SaaS companies agencies offering testimonial marketing in Indore India
1276,SaaS companies agencies offering social proof marketing in Indore India
1277,SaaS companies startups collecting customer feedback in Indore India
1278,SaaS companies startups using testimonials in Indore India
1279,SaaS companies startups using social proof in Indore India
1280,SaaS companies businesses needing more customer reviews in Indore India
1281,SaaS companies businesses using testimonials in Indore India
1282,SaaS companies businesses improving customer trust in Indore India
1283,SaaS companies businesses improving conversion rates in Indore India
1284,SaaS companies companies customer success stories in Indore India
1285,SaaS companies companies customer advocacy in Indore India
1286,SaaS companies companies referral marketing in Indore India
1287,SaaS companies companies brand trust in Indore India
1288,SaaS companies companies conversion optimization in Indore India
1289,SaaS companies companies website conversion in Indore India
1290,SaaS companies companies client testimonial examples in Indore India
1291,SaaS companies companies customer review examples in Indore India
1292,SaaS companies companies customer testimonial examples in Indore India
1293,SaaS companies companies customer feedback in Indore India
1294,SaaS companies companies customer experience in Indore India
1295,SaaS companies companies customer advocacy programs in Indore India
1296,SaaS companies companies testimonial collection software in Indore India
1297,SaaS companies companies review collection software in Indore India
1298,SaaS companies companies video testimonial software in Indore India
1299,SaaS companies companies social proof software in Indore India
1300,SaaS companies companies reputation management software in Indore India
1301,SaaS companies companies customer feedback platform in Indore India
1302,SaaS companies companies testimonial platform in Indore India
1303,SaaS companies companies review management platform in Indore India
1304,SaaS companies businesses collecting customer feedback in Indore India
1305,SaaS companies businesses collecting customer testimonials in Indore India
1306,SaaS companies businesses collecting customer reviews in Indore India
1307,SaaS companies businesses using video reviews in Indore India
1308,SaaS companies businesses using customer stories in Indore India
1309,SaaS companies businesses using review widgets in Indore India
1310,SaaS companies businesses using testimonial widgets in Indore India
1311,SaaS companies businesses showcasing testimonials in Indore India
1312,SaaS companies businesses showcasing reviews in Indore India
1313,SaaS companies businesses showcasing customer stories in Indore India
1314,SaaS companies businesses needing social proof in Indore India
1315,SaaS companies businesses needing testimonial marketing in Indore India
1316,SaaS companies businesses needing customer feedback software in Indore India
1317,SaaS companies agencies serving startups in Indore India
1318,SaaS companies agencies serving SaaS companies in Indore India
1319,SaaS companies agencies serving small businesses in Indore India
1320,SaaS companies agencies serving ecommerce brands in Indore India
1321,SaaS companies agencies serving B2B companies in Indore India
1322,SaaS companies agencies serving local businesses in Indore India
1323,SaaS companies agencies partnering with SaaS companies in Indore India
1324,SaaS companies agencies partnering with software companies in Indore India
1325,SaaS companies agencies offering white label services in Indore India
1326,SaaS companies agencies offering SaaS solutions in Indore India
1327,SaaS companies agencies offering customer feedback solutions in Indore India
1328,SaaS companies agencies offering review management in Indore India
1329,SaaS companies agencies offering testimonial collection in Indore India
1330,SaaS companies agencies offering social proof services in Indore India
1331,SaaS companies companies using customer feedback platforms in Indore India
1332,SaaS companies companies using testimonial platforms in Indore India
1333,SaaS companies companies using review management platforms in Indore India
1334,SaaS companies companies using customer advocacy platforms in Indore India
1335,SaaS companies companies improving customer experience in Indore India
1336,SaaS companies companies improving customer trust in Indore India
1337,SaaS companies companies improving website conversion in Indore India
1338,SaaS companies companies improving lead conversion in Indore India
1339,SaaS companies companies improving online reputation in Indore India
1340,SaaS companies companies building customer trust in Indore India
1341,SaaS companies companies collecting video reviews in Indore India
1342,SaaS companies companies collecting video testimonials in Indore India
1343,SaaS companies companies collecting client feedback in Indore India
1344,SaaS companies companies collecting customer stories in Indore India
1345,SaaS companies in Lucknow India
1346,best SaaS companies in Lucknow India
1347,top SaaS companies in Lucknow India
1348,SaaS companies looking for customer testimonials in Lucknow India
1349,SaaS companies testimonial marketing in Lucknow India
1350,SaaS companies customer review management in Lucknow India
1351,SaaS companies social proof marketing in Lucknow India
1352,SaaS companies review collection in Lucknow India
1353,SaaS companies customer feedback software in Lucknow India
1354,SaaS companies testimonial software in Lucknow India
1355,SaaS companies review software in Lucknow India
1356,SaaS companies feedback software in Lucknow India
1357,SaaS companies reputation management in Lucknow India
1358,SaaS companies customer success teams in Lucknow India
1359,SaaS companies marketing teams in Lucknow India
1360,SaaS companies founders in Lucknow India
1361,SaaS companies business owners in Lucknow India
1362,SaaS companies growth marketing in Lucknow India
1363,SaaS companies digital marketing in Lucknow India
1364,SaaS companies online reviews in Lucknow India
1365,SaaS companies case studies in Lucknow India
1366,SaaS companies video testimonials in Lucknow India
1367,SaaS companies customer stories in Lucknow India
1368,SaaS companies companies collecting testimonials in Lucknow India
1369,SaaS companies companies collecting customer reviews in Lucknow India
1370,SaaS companies companies using social proof in Lucknow India
1371,SaaS companies companies using video testimonials in Lucknow India
1372,SaaS companies companies needing more reviews in Lucknow India
1373,SaaS companies companies needing testimonial software in Lucknow India
1374,SaaS companies companies needing customer feedback tools in Lucknow India
1375,SaaS companies companies embedding testimonials on websites in Lucknow India
1376,SaaS companies companies showcasing customer reviews in Lucknow India
1377,SaaS companies companies showcasing customer stories in Lucknow India
1378,SaaS companies companies using review widgets in Lucknow India
1379,SaaS companies companies using testimonial widgets in Lucknow India
1380,SaaS companies companies building Wall of Love pages in Lucknow India
1381,SaaS companies agencies looking for SaaS partners in Lucknow India
1382,SaaS companies agencies looking for technology partners in Lucknow India
1383,SaaS companies agencies looking for white label software in Lucknow India
1384,SaaS companies agencies looking for software partners in Lucknow India
1385,SaaS companies agencies offering reputation management in Lucknow India
1386,SaaS companies agencies offering review generation in Lucknow India
1387,SaaS companies agencies offering testimonial marketing in Lucknow India
1388,SaaS companies agencies offering social proof marketing in Lucknow India
1389,SaaS companies startups collecting customer feedback in Lucknow India
1390,SaaS companies startups using testimonials in Lucknow India
1391,SaaS companies startups using social proof in Lucknow India
1392,SaaS companies businesses needing more customer reviews in Lucknow India
1393,SaaS companies businesses using testimonials in Lucknow India
1394,SaaS companies businesses improving customer trust in Lucknow India
1395,SaaS companies businesses improving conversion rates in Lucknow India
1396,SaaS companies companies customer success stories in Lucknow India
1397,SaaS companies companies customer advocacy in Lucknow India
1398,SaaS companies companies referral marketing in Lucknow India
1399,SaaS companies companies brand trust in Lucknow India
1400,SaaS companies companies conversion optimization in Lucknow India
1401,SaaS companies companies website conversion in Lucknow India
1402,SaaS companies companies client testimonial examples in Lucknow India
1403,SaaS companies companies customer review examples in Lucknow India
1404,SaaS companies companies customer testimonial examples in Lucknow India
1405,SaaS companies companies customer feedback in Lucknow India
1406,SaaS companies companies customer experience in Lucknow India
1407,SaaS companies companies customer advocacy programs in Lucknow India
1408,SaaS companies companies testimonial collection software in Lucknow India
1409,SaaS companies companies review collection software in Lucknow India
1410,SaaS companies companies video testimonial software in Lucknow India
1411,SaaS companies companies social proof software in Lucknow India
1412,SaaS companies companies reputation management software in Lucknow India
1413,SaaS companies companies customer feedback platform in Lucknow India
1414,SaaS companies companies testimonial platform in Lucknow India
1415,SaaS companies companies review management platform in Lucknow India
1416,SaaS companies businesses collecting customer feedback in Lucknow India
1417,SaaS companies businesses collecting customer testimonials in Lucknow India
1418,SaaS companies businesses collecting customer reviews in Lucknow India
1419,SaaS companies businesses using video reviews in Lucknow India
1420,SaaS companies businesses using customer stories in Lucknow India
1421,SaaS companies businesses using review widgets in Lucknow India
1422,SaaS companies businesses using testimonial widgets in Lucknow India
1423,SaaS companies businesses showcasing testimonials in Lucknow India
1424,SaaS companies businesses showcasing reviews in Lucknow India
1425,SaaS companies businesses showcasing customer stories in Lucknow India
1426,SaaS companies businesses needing social proof in Lucknow India
1427,SaaS companies businesses needing testimonial marketing in Lucknow India
1428,SaaS companies businesses needing customer feedback software in Lucknow India
1429,SaaS companies agencies serving startups in Lucknow India
1430,SaaS companies agencies serving SaaS companies in Lucknow India
1431,SaaS companies agencies serving small businesses in Lucknow India
1432,SaaS companies agencies serving ecommerce brands in Lucknow India
1433,SaaS companies agencies serving B2B companies in Lucknow India
1434,SaaS companies agencies serving local businesses in Lucknow India
1435,SaaS companies agencies partnering with SaaS companies in Lucknow India
1436,SaaS companies agencies partnering with software companies in Lucknow India
1437,SaaS companies agencies offering white label services in Lucknow India
1438,SaaS companies agencies offering SaaS solutions in Lucknow India
1439,SaaS companies agencies offering customer feedback solutions in Lucknow India
1440,SaaS companies agencies offering review management in Lucknow India
1441,SaaS companies agencies offering testimonial collection in Lucknow India
1442,SaaS companies agencies offering social proof services in Lucknow India
1443,SaaS companies companies using customer feedback platforms in Lucknow India
1444,SaaS companies companies using testimonial platforms in Lucknow India
1445,SaaS companies companies using review management platforms in Lucknow India
1446,SaaS companies companies using customer advocacy platforms in Lucknow India
1447,SaaS companies companies improving customer experience in Lucknow India
1448,SaaS companies companies improving customer trust in Lucknow India
1449,SaaS companies companies improving website conversion in Lucknow India
1450,SaaS companies companies improving lead conversion in Lucknow India
1451,SaaS companies companies improving online reputation in Lucknow India
1452,SaaS companies companies building customer trust in Lucknow India
1453,SaaS companies companies collecting video reviews in Lucknow India
1454,SaaS companies companies collecting video testimonials in Lucknow India
1455,SaaS companies companies collecting client feedback in Lucknow India
1456,SaaS companies companies collecting customer stories in Lucknow India
1457,SaaS companies in Kochi India
1458,best SaaS companies in Kochi India
1459,top SaaS companies in Kochi India
1460,SaaS companies looking for customer testimonials in Kochi India
1461,SaaS companies testimonial marketing in Kochi India
1462,SaaS companies customer review management in Kochi India
1463,SaaS companies social proof marketing in Kochi India
1464,SaaS companies review collection in Kochi India
1465,SaaS companies customer feedback software in Kochi India
1466,SaaS companies testimonial software in Kochi India
1467,SaaS companies review software in Kochi India
1468,SaaS companies feedback software in Kochi India
1469,SaaS companies reputation management in Kochi India
1470,SaaS companies customer success teams in Kochi India
1471,SaaS companies marketing teams in Kochi India
1472,SaaS companies founders in Kochi India
1473,SaaS companies business owners in Kochi India
1474,SaaS companies growth marketing in Kochi India
1475,SaaS companies digital marketing in Kochi India
1476,SaaS companies online reviews in Kochi India
1477,SaaS companies case studies in Kochi India
1478,SaaS companies video testimonials in Kochi India
1479,SaaS companies customer stories in Kochi India
1480,SaaS companies companies collecting testimonials in Kochi India
1481,SaaS companies companies collecting customer reviews in Kochi India
1482,SaaS companies companies using social proof in Kochi India
1483,SaaS companies companies using video testimonials in Kochi India
1484,SaaS companies companies needing more reviews in Kochi India
1485,SaaS companies companies needing testimonial software in Kochi India
1486,SaaS companies companies needing customer feedback tools in Kochi India
1487,SaaS companies companies embedding testimonials on websites in Kochi India
1488,SaaS companies companies showcasing customer reviews in Kochi India
1489,SaaS companies companies showcasing customer stories in Kochi India
1490,SaaS companies companies using review widgets in Kochi India
1491,SaaS companies companies using testimonial widgets in Kochi India
1492,SaaS companies companies building Wall of Love pages in Kochi India
1493,SaaS companies agencies looking for SaaS partners in Kochi India
1494,SaaS companies agencies looking for technology partners in Kochi India
1495,SaaS companies agencies looking for white label software in Kochi India
1496,SaaS companies agencies looking for software partners in Kochi India
1497,SaaS companies agencies offering reputation management in Kochi India
1498,SaaS companies agencies offering review generation in Kochi India
1499,SaaS companies agencies offering testimonial marketing in Kochi India
1500,SaaS companies agencies offering social proof marketing in Kochi India
1501,SaaS companies startups collecting customer feedback in Kochi India
1502,SaaS companies startups using testimonials in Kochi India
1503,SaaS companies startups using social proof in Kochi India
1504,SaaS companies businesses needing more customer reviews in Kochi India
1505,SaaS companies businesses using testimonials in Kochi India
1506,SaaS companies businesses improving customer trust in Kochi India
1507,SaaS companies businesses improving conversion rates in Kochi India
1508,SaaS companies companies customer success stories in Kochi India
1509,SaaS companies companies customer advocacy in Kochi India
1510,SaaS companies companies referral marketing in Kochi India
1511,SaaS companies companies brand trust in Kochi India
1512,SaaS companies companies conversion optimization in Kochi India
1513,SaaS companies companies website conversion in Kochi India
1514,SaaS companies companies client testimonial examples in Kochi India
1515,SaaS companies companies customer review examples in Kochi India
1516,SaaS companies companies customer testimonial examples in Kochi India
1517,SaaS companies companies customer feedback in Kochi India
1518,SaaS companies companies customer experience in Kochi India
1519,SaaS companies companies customer advocacy programs in Kochi India
1520,SaaS companies companies testimonial collection software in Kochi India
1521,SaaS companies companies review collection software in Kochi India
1522,SaaS companies companies video testimonial software in Kochi India
1523,SaaS companies companies social proof software in Kochi India
1524,SaaS companies companies reputation management software in Kochi India
1525,SaaS companies companies customer feedback platform in Kochi India
1526,SaaS companies companies testimonial platform in Kochi India
1527,SaaS companies companies review management platform in Kochi India
1528,SaaS companies businesses collecting customer feedback in Kochi India
1529,SaaS companies businesses collecting customer testimonials in Kochi India
1530,SaaS companies businesses collecting customer reviews in Kochi India
1531,SaaS companies businesses using video reviews in Kochi India
1532,SaaS companies businesses using customer stories in Kochi India
1533,SaaS companies businesses using review widgets in Kochi India
1534,SaaS companies businesses using testimonial widgets in Kochi India
1535,SaaS companies businesses showcasing testimonials in Kochi India
1536,SaaS companies businesses showcasing reviews in Kochi India
1537,SaaS companies businesses showcasing customer stories in Kochi India
1538,SaaS companies businesses needing social proof in Kochi India
1539,SaaS companies businesses needing testimonial marketing in Kochi India
1540,SaaS companies businesses needing customer feedback software in Kochi India
1541,SaaS companies agencies serving startups in Kochi India
1542,SaaS companies agencies serving SaaS companies in Kochi India
1543,SaaS companies agencies serving small businesses in Kochi India
1544,SaaS companies agencies serving ecommerce brands in Kochi India
1545,SaaS companies agencies serving B2B companies in Kochi India
1546,SaaS companies agencies serving local businesses in Kochi India
1547,SaaS companies agencies partnering with SaaS companies in Kochi India
1548,SaaS companies agencies partnering with software companies in Kochi India
1549,SaaS companies agencies offering white label services in Kochi India
1550,SaaS companies agencies offering SaaS solutions in Kochi India
1551,SaaS companies agencies offering customer feedback solutions in Kochi India
1552,SaaS companies agencies offering review management in Kochi India
1553,SaaS companies agencies offering testimonial collection in Kochi India
1554,SaaS companies agencies offering social proof services in Kochi India
1555,SaaS companies companies using customer feedback platforms in Kochi India
1556,SaaS companies companies using testimonial platforms in Kochi India
1557,SaaS companies companies using review management platforms in Kochi India
1558,SaaS companies companies using customer advocacy platforms in Kochi India
1559,SaaS companies companies improving customer experience in Kochi India
1560,SaaS companies companies improving customer trust in Kochi India
1561,SaaS companies companies improving website conversion in Kochi India
1562,SaaS companies companies improving lead conversion in Kochi India
1563,SaaS companies companies improving online reputation in Kochi India
1564,SaaS companies companies building customer trust in Kochi India
1565,SaaS companies companies collecting video reviews in Kochi India
1566,SaaS companies companies collecting video testimonials in Kochi India
1567,SaaS companies companies collecting client feedback in Kochi India
1568,SaaS companies companies collecting customer stories in Kochi India
1569,SaaS companies in Chandigarh India
1570,best SaaS companies in Chandigarh India
1571,top SaaS companies in Chandigarh India
1572,SaaS companies looking for customer testimonials in Chandigarh India
1573,SaaS companies testimonial marketing in Chandigarh India
1574,SaaS companies customer review management in Chandigarh India
1575,SaaS companies social proof marketing in Chandigarh India
1576,SaaS companies review collection in Chandigarh India
1577,SaaS companies customer feedback software in Chandigarh India
1578,SaaS companies testimonial software in Chandigarh India
1579,SaaS companies review software in Chandigarh India
1580,SaaS companies feedback software in Chandigarh India
1581,SaaS companies reputation management in Chandigarh India
1582,SaaS companies customer success teams in Chandigarh India
1583,SaaS companies marketing teams in Chandigarh India
1584,SaaS companies founders in Chandigarh India
1585,SaaS companies business owners in Chandigarh India
1586,SaaS companies growth marketing in Chandigarh India
1587,SaaS companies digital marketing in Chandigarh India
1588,SaaS companies online reviews in Chandigarh India
1589,SaaS companies case studies in Chandigarh India
1590,SaaS companies video testimonials in Chandigarh India
1591,SaaS companies customer stories in Chandigarh India
1592,SaaS companies companies collecting testimonials in Chandigarh India
1593,SaaS companies companies collecting customer reviews in Chandigarh India
1594,SaaS companies companies using social proof in Chandigarh India
1595,SaaS companies companies using video testimonials in Chandigarh India
1596,SaaS companies companies needing more reviews in Chandigarh India
1597,SaaS companies companies needing testimonial software in Chandigarh India
1598,SaaS companies companies needing customer feedback tools in Chandigarh India
1599,SaaS companies companies embedding testimonials on websites in Chandigarh India
1600,SaaS companies companies showcasing customer reviews in Chandigarh India
1601,SaaS companies companies showcasing customer stories in Chandigarh India
1602,SaaS companies companies using review widgets in Chandigarh India
1603,SaaS companies companies using testimonial widgets in Chandigarh India
1604,SaaS companies companies building Wall of Love pages in Chandigarh India
1605,SaaS companies agencies looking for SaaS partners in Chandigarh India
1606,SaaS companies agencies looking for technology partners in Chandigarh India
1607,SaaS companies agencies looking for white label software in Chandigarh India
1608,SaaS companies agencies looking for software partners in Chandigarh India
1609,SaaS companies agencies offering reputation management in Chandigarh India
1610,SaaS companies agencies offering review generation in Chandigarh India
1611,SaaS companies agencies offering testimonial marketing in Chandigarh India
1612,SaaS companies agencies offering social proof marketing in Chandigarh India
1613,SaaS companies startups collecting customer feedback in Chandigarh India
1614,SaaS companies startups using testimonials in Chandigarh India
1615,SaaS companies startups using social proof in Chandigarh India
1616,SaaS companies businesses needing more customer reviews in Chandigarh India
1617,SaaS companies businesses using testimonials in Chandigarh India
1618,SaaS companies businesses improving customer trust in Chandigarh India
1619,SaaS companies businesses improving conversion rates in Chandigarh India
1620,SaaS companies companies customer success stories in Chandigarh India
1621,SaaS companies companies customer advocacy in Chandigarh India
1622,SaaS companies companies referral marketing in Chandigarh India
1623,SaaS companies companies brand trust in Chandigarh India
1624,SaaS companies companies conversion optimization in Chandigarh India
1625,SaaS companies companies website conversion in Chandigarh India
1626,SaaS companies companies client testimonial examples in Chandigarh India
1627,SaaS companies companies customer review examples in Chandigarh India
1628,SaaS companies companies customer testimonial examples in Chandigarh India
1629,SaaS companies companies customer feedback in Chandigarh India
1630,SaaS companies companies customer experience in Chandigarh India
1631,SaaS companies companies customer advocacy programs in Chandigarh India
1632,SaaS companies companies testimonial collection software in Chandigarh India
1633,SaaS companies companies review collection software in Chandigarh India
1634,SaaS companies companies video testimonial software in Chandigarh India
1635,SaaS companies companies social proof software in Chandigarh India
1636,SaaS companies companies reputation management software in Chandigarh India
1637,SaaS companies companies customer feedback platform in Chandigarh India
1638,SaaS companies companies testimonial platform in Chandigarh India
1639,SaaS companies companies review management platform in Chandigarh India
1640,SaaS companies businesses collecting customer feedback in Chandigarh India
1641,SaaS companies businesses collecting customer testimonials in Chandigarh India
1642,SaaS companies businesses collecting customer reviews in Chandigarh India
1643,SaaS companies businesses using video reviews in Chandigarh India
1644,SaaS companies businesses using customer stories in Chandigarh India
1645,SaaS companies businesses using review widgets in Chandigarh India
1646,SaaS companies businesses using testimonial widgets in Chandigarh India
1647,SaaS companies businesses showcasing testimonials in Chandigarh India
1648,SaaS companies businesses showcasing reviews in Chandigarh India
1649,SaaS companies businesses showcasing customer stories in Chandigarh India
1650,SaaS companies businesses needing social proof in Chandigarh India
1651,SaaS companies businesses needing testimonial marketing in Chandigarh India
1652,SaaS companies businesses needing customer feedback software in Chandigarh India
1653,SaaS companies agencies serving startups in Chandigarh India
1654,SaaS companies agencies serving SaaS companies in Chandigarh India
1655,SaaS companies agencies serving small businesses in Chandigarh India
1656,SaaS companies agencies serving ecommerce brands in Chandigarh India
1657,SaaS companies agencies serving B2B companies in Chandigarh India
1658,SaaS companies agencies serving local businesses in Chandigarh India
1659,SaaS companies agencies partnering with SaaS companies in Chandigarh India
1660,SaaS companies agencies partnering with software companies in Chandigarh India
1661,SaaS companies agencies offering white label services in Chandigarh India
1662,SaaS companies agencies offering SaaS solutions in Chandigarh India
1663,SaaS companies agencies offering customer feedback solutions in Chandigarh India
1664,SaaS companies agencies offering review management in Chandigarh India
1665,SaaS companies agencies offering testimonial collection in Chandigarh India
1666,SaaS companies agencies offering social proof services in Chandigarh India
1667,SaaS companies companies using customer feedback platforms in Chandigarh India
1668,SaaS companies companies using testimonial platforms in Chandigarh India
1669,SaaS companies companies using review management platforms in Chandigarh India
1670,SaaS companies companies using customer advocacy platforms in Chandigarh India
1671,SaaS companies companies improving customer experience in Chandigarh India
1672,SaaS companies companies improving customer trust in Chandigarh India
1673,SaaS companies companies improving website conversion in Chandigarh India
1674,SaaS companies companies improving lead conversion in Chandigarh India
1675,SaaS companies companies improving online reputation in Chandigarh India
1676,SaaS companies companies building customer trust in Chandigarh India
1677,SaaS companies companies collecting video reviews in Chandigarh India
1678,SaaS companies companies collecting video testimonials in Chandigarh India
1679,SaaS companies companies collecting client feedback in Chandigarh India
1680,SaaS companies companies collecting customer stories in Chandigarh India
1681,SaaS companies in Surat India
1682,best SaaS companies in Surat India
1683,top SaaS companies in Surat India
1684,SaaS companies looking for customer testimonials in Surat India
1685,SaaS companies testimonial marketing in Surat India
1686,SaaS companies customer review management in Surat India
1687,SaaS companies social proof marketing in Surat India
1688,SaaS companies review collection in Surat India
1689,SaaS companies customer feedback software in Surat India
1690,SaaS companies testimonial software in Surat India
1691,SaaS companies review software in Surat India
1692,SaaS companies feedback software in Surat India
1693,SaaS companies reputation management in Surat India
1694,SaaS companies customer success teams in Surat India
1695,SaaS companies marketing teams in Surat India
1696,SaaS companies founders in Surat India
1697,SaaS companies business owners in Surat India
1698,SaaS companies growth marketing in Surat India
1699,SaaS companies digital marketing in Surat India
1700,SaaS companies online reviews in Surat India
1701,SaaS companies case studies in Surat India
1702,SaaS companies video testimonials in Surat India
1703,SaaS companies customer stories in Surat India
1704,SaaS companies companies collecting testimonials in Surat India
1705,SaaS companies companies collecting customer reviews in Surat India
1706,SaaS companies companies using social proof in Surat India
1707,SaaS companies companies using video testimonials in Surat India
1708,SaaS companies companies needing more reviews in Surat India
1709,SaaS companies companies needing testimonial software in Surat India
1710,SaaS companies companies needing customer feedback tools in Surat India
1711,SaaS companies companies embedding testimonials on websites in Surat India
1712,SaaS companies companies showcasing customer reviews in Surat India
1713,SaaS companies companies showcasing customer stories in Surat India
1714,SaaS companies companies using review widgets in Surat India
1715,SaaS companies companies using testimonial widgets in Surat India
1716,SaaS companies companies building Wall of Love pages in Surat India
1717,SaaS companies agencies looking for SaaS partners in Surat India
1718,SaaS companies agencies looking for technology partners in Surat India
1719,SaaS companies agencies looking for white label software in Surat India
1720,SaaS companies agencies looking for software partners in Surat India
1721,SaaS companies agencies offering reputation management in Surat India
1722,SaaS companies agencies offering review generation in Surat India
1723,SaaS companies agencies offering testimonial marketing in Surat India
1724,SaaS companies agencies offering social proof marketing in Surat India
1725,SaaS companies startups collecting customer feedback in Surat India
1726,SaaS companies startups using testimonials in Surat India
1727,SaaS companies startups using social proof in Surat India
1728,SaaS companies businesses needing more customer reviews in Surat India
1729,SaaS companies businesses using testimonials in Surat India
1730,SaaS companies businesses improving customer trust in Surat India
1731,SaaS companies businesses improving conversion rates in Surat India
1732,SaaS companies companies customer success stories in Surat India
1733,SaaS companies companies customer advocacy in Surat India
1734,SaaS companies companies referral marketing in Surat India
1735,SaaS companies companies brand trust in Surat India
1736,SaaS companies companies conversion optimization in Surat India
1737,SaaS companies companies website conversion in Surat India
1738,SaaS companies companies client testimonial examples in Surat India
1739,SaaS companies companies customer review examples in Surat India
1740,SaaS companies companies customer testimonial examples in Surat India
1741,SaaS companies companies customer feedback in Surat India
1742,SaaS companies companies customer experience in Surat India
1743,SaaS companies companies customer advocacy programs in Surat India
1744,SaaS companies companies testimonial collection software in Surat India
1745,SaaS companies companies review collection software in Surat India
1746,SaaS companies companies video testimonial software in Surat India
1747,SaaS companies companies social proof software in Surat India
1748,SaaS companies companies reputation management software in Surat India
1749,SaaS companies companies customer feedback platform in Surat India
1750,SaaS companies companies testimonial platform in Surat India
1751,SaaS companies companies review management platform in Surat India
1752,SaaS companies businesses collecting customer feedback in Surat India
1753,SaaS companies businesses collecting customer testimonials in Surat India
1754,SaaS companies businesses collecting customer reviews in Surat India
1755,SaaS companies businesses using video reviews in Surat India
1756,SaaS companies businesses using customer stories in Surat India
1757,SaaS companies businesses using review widgets in Surat India
1758,SaaS companies businesses using testimonial widgets in Surat India
1759,SaaS companies businesses showcasing testimonials in Surat India
1760,SaaS companies businesses showcasing reviews in Surat India
1761,SaaS companies businesses showcasing customer stories in Surat India
1762,SaaS companies businesses needing social proof in Surat India
1763,SaaS companies businesses needing testimonial marketing in Surat India
1764,SaaS companies businesses needing customer feedback software in Surat India
1765,SaaS companies agencies serving startups in Surat India
1766,SaaS companies agencies serving SaaS companies in Surat India
1767,SaaS companies agencies serving small businesses in Surat India
1768,SaaS companies agencies serving ecommerce brands in Surat India
1769,SaaS companies agencies serving B2B companies in Surat India
1770,SaaS companies agencies serving local businesses in Surat India
1771,SaaS companies agencies partnering with SaaS companies in Surat India
1772,SaaS companies agencies partnering with software companies in Surat India
1773,SaaS companies agencies offering white label services in Surat India
1774,SaaS companies agencies offering SaaS solutions in Surat India
1775,SaaS companies agencies offering customer feedback solutions in Surat India
1776,SaaS companies agencies offering review management in Surat India
1777,SaaS companies agencies offering testimonial collection in Surat India
1778,SaaS companies agencies offering social proof services in Surat India
1779,SaaS companies companies using customer feedback platforms in Surat India
1780,SaaS companies companies using testimonial platforms in Surat India
1781,SaaS companies companies using review management platforms in Surat India
1782,SaaS companies companies using customer advocacy platforms in Surat India
1783,SaaS companies companies improving customer experience in Surat India
1784,SaaS companies companies improving customer trust in Surat India
1785,SaaS companies companies improving website conversion in Surat India
1786,SaaS companies companies improving lead conversion in Surat India
1787,SaaS companies companies improving online reputation in Surat India
1788,SaaS companies companies building customer trust in Surat India
1789,SaaS companies companies collecting video reviews in Surat India
1790,SaaS companies companies collecting video testimonials in Surat India
1791,SaaS companies companies collecting client feedback in Surat India
1792,SaaS companies companies collecting customer stories in Surat India
1793,SaaS companies in Nagpur India
1794,best SaaS companies in Nagpur India
1795,top SaaS companies in Nagpur India
1796,SaaS companies looking for customer testimonials in Nagpur India
1797,SaaS companies testimonial marketing in Nagpur India
1798,SaaS companies customer review management in Nagpur India
1799,SaaS companies social proof marketing in Nagpur India
1800,SaaS companies review collection in Nagpur India
1801,SaaS companies customer feedback software in Nagpur India
1802,SaaS companies testimonial software in Nagpur India
1803,SaaS companies review software in Nagpur India
1804,SaaS companies feedback software in Nagpur India
1805,SaaS companies reputation management in Nagpur India
1806,SaaS companies customer success teams in Nagpur India
1807,SaaS companies marketing teams in Nagpur India
1808,SaaS companies founders in Nagpur India
1809,SaaS companies business owners in Nagpur India
1810,SaaS companies growth marketing in Nagpur India
1811,SaaS companies digital marketing in Nagpur India
1812,SaaS companies online reviews in Nagpur India
1813,SaaS companies case studies in Nagpur India
1814,SaaS companies video testimonials in Nagpur India
1815,SaaS companies customer stories in Nagpur India
1816,SaaS companies companies collecting testimonials in Nagpur India
1817,SaaS companies companies collecting customer reviews in Nagpur India
1818,SaaS companies companies using social proof in Nagpur India
1819,SaaS companies companies using video testimonials in Nagpur India
1820,SaaS companies companies needing more reviews in Nagpur India
1821,SaaS companies companies needing testimonial software in Nagpur India
1822,SaaS companies companies needing customer feedback tools in Nagpur India
1823,SaaS companies companies embedding testimonials on websites in Nagpur India
1824,SaaS companies companies showcasing customer reviews in Nagpur India
1825,SaaS companies companies showcasing customer stories in Nagpur India
1826,SaaS companies companies using review widgets in Nagpur India
1827,SaaS companies companies using testimonial widgets in Nagpur India
1828,SaaS companies companies building Wall of Love pages in Nagpur India
1829,SaaS companies agencies looking for SaaS partners in Nagpur India
1830,SaaS companies agencies looking for technology partners in Nagpur India
1831,SaaS companies agencies looking for white label software in Nagpur India
1832,SaaS companies agencies looking for software partners in Nagpur India
1833,SaaS companies agencies offering reputation management in Nagpur India
1834,SaaS companies agencies offering review generation in Nagpur India
1835,SaaS companies agencies offering testimonial marketing in Nagpur India
1836,SaaS companies agencies offering social proof marketing in Nagpur India
1837,SaaS companies startups collecting customer feedback in Nagpur India
1838,SaaS companies startups using testimonials in Nagpur India
1839,SaaS companies startups using social proof in Nagpur India
1840,SaaS companies businesses needing more customer reviews in Nagpur India
1841,SaaS companies businesses using testimonials in Nagpur India
1842,SaaS companies businesses improving customer trust in Nagpur India
1843,SaaS companies businesses improving conversion rates in Nagpur India
1844,SaaS companies companies customer success stories in Nagpur India
1845,SaaS companies companies customer advocacy in Nagpur India
1846,SaaS companies companies referral marketing in Nagpur India
1847,SaaS companies companies brand trust in Nagpur India
1848,SaaS companies companies conversion optimization in Nagpur India
1849,SaaS companies companies website conversion in Nagpur India
1850,SaaS companies companies client testimonial examples in Nagpur India
1851,SaaS companies companies customer review examples in Nagpur India
1852,SaaS companies companies customer testimonial examples in Nagpur India
1853,SaaS companies companies customer feedback in Nagpur India
1854,SaaS companies companies customer experience in Nagpur India
1855,SaaS companies companies customer advocacy programs in Nagpur India
1856,SaaS companies companies testimonial collection software in Nagpur India
1857,SaaS companies companies review collection software in Nagpur India
1858,SaaS companies companies video testimonial software in Nagpur India
1859,SaaS companies companies social proof software in Nagpur India
1860,SaaS companies companies reputation management software in Nagpur India
1861,SaaS companies companies customer feedback platform in Nagpur India
1862,SaaS companies companies testimonial platform in Nagpur India
1863,SaaS companies companies review management platform in Nagpur India
1864,SaaS companies businesses collecting customer feedback in Nagpur India
1865,SaaS companies businesses collecting customer testimonials in Nagpur India
1866,SaaS companies businesses collecting customer reviews in Nagpur India
1867,SaaS companies businesses using video reviews in Nagpur India
1868,SaaS companies businesses using customer stories in Nagpur India
1869,SaaS companies businesses using review widgets in Nagpur India
1870,SaaS companies businesses using testimonial widgets in Nagpur India
1871,SaaS companies businesses showcasing testimonials in Nagpur India
1872,SaaS companies businesses showcasing reviews in Nagpur India
1873,SaaS companies businesses showcasing customer stories in Nagpur India
1874,SaaS companies businesses needing social proof in Nagpur India
1875,SaaS companies businesses needing testimonial marketing in Nagpur India
1876,SaaS companies businesses needing customer feedback software in Nagpur India
1877,SaaS companies agencies serving startups in Nagpur India
1878,SaaS companies agencies serving SaaS companies in Nagpur India
1879,SaaS companies agencies serving small businesses in Nagpur India
1880,SaaS companies agencies serving ecommerce brands in Nagpur India
1881,SaaS companies agencies serving B2B companies in Nagpur India
1882,SaaS companies agencies serving local businesses in Nagpur India
1883,SaaS companies agencies partnering with SaaS companies in Nagpur India
1884,SaaS companies agencies partnering with software companies in Nagpur India
1885,SaaS companies agencies offering white label services in Nagpur India
1886,SaaS companies agencies offering SaaS solutions in Nagpur India
1887,SaaS companies agencies offering customer feedback solutions in Nagpur India
1888,SaaS companies agencies offering review management in Nagpur India
1889,SaaS companies agencies offering testimonial collection in Nagpur India
1890,SaaS companies agencies offering social proof services in Nagpur India
1891,SaaS companies companies using customer feedback platforms in Nagpur India
1892,SaaS companies companies using testimonial platforms in Nagpur India
1893,SaaS companies companies using review management platforms in Nagpur India
1894,SaaS companies companies using customer advocacy platforms in Nagpur India
1895,SaaS companies companies improving customer experience in Nagpur India
1896,SaaS companies companies improving customer trust in Nagpur India
1897,SaaS companies companies improving website conversion in Nagpur India
1898,SaaS companies companies improving lead conversion in Nagpur India
1899,SaaS companies companies improving online reputation in Nagpur India
1900,SaaS companies companies building customer trust in Nagpur India
1901,SaaS companies companies collecting video reviews in Nagpur India
1902,SaaS companies companies collecting video testimonials in Nagpur India
1903,SaaS companies companies collecting client feedback in Nagpur India
1904,SaaS companies companies collecting customer stories in Nagpur India
1905,SaaS companies in Coimbatore India
1906,best SaaS companies in Coimbatore India
1907,top SaaS companies in Coimbatore India
1908,SaaS companies looking for customer testimonials in Coimbatore India
1909,SaaS companies testimonial marketing in Coimbatore India
1910,SaaS companies customer review management in Coimbatore India
1911,SaaS companies social proof marketing in Coimbatore India
1912,SaaS companies review collection in Coimbatore India
1913,SaaS companies customer feedback software in Coimbatore India
1914,SaaS companies testimonial software in Coimbatore India
1915,SaaS companies review software in Coimbatore India
1916,SaaS companies feedback software in Coimbatore India
1917,SaaS companies reputation management in Coimbatore India
1918,SaaS companies customer success teams in Coimbatore India
1919,SaaS companies marketing teams in Coimbatore India
1920,SaaS companies founders in Coimbatore India
1921,SaaS companies business owners in Coimbatore India
1922,SaaS companies growth marketing in Coimbatore India
1923,SaaS companies digital marketing in Coimbatore India
1924,SaaS companies online reviews in Coimbatore India
1925,SaaS companies case studies in Coimbatore India
1926,SaaS companies video testimonials in Coimbatore India
1927,SaaS companies customer stories in Coimbatore India
1928,SaaS companies companies collecting testimonials in Coimbatore India
1929,SaaS companies companies collecting customer reviews in Coimbatore India
1930,SaaS companies companies using social proof in Coimbatore India
1931,SaaS companies companies using video testimonials in Coimbatore India
1932,SaaS companies companies needing more reviews in Coimbatore India
1933,SaaS companies companies needing testimonial software in Coimbatore India
1934,SaaS companies companies needing customer feedback tools in Coimbatore India
1935,SaaS companies companies embedding testimonials on websites in Coimbatore India
1936,SaaS companies companies showcasing customer reviews in Coimbatore India
1937,SaaS companies companies showcasing customer stories in Coimbatore India
1938,SaaS companies companies using review widgets in Coimbatore India
1939,SaaS companies companies using testimonial widgets in Coimbatore India
1940,SaaS companies companies building Wall of Love pages in Coimbatore India
1941,SaaS companies agencies looking for SaaS partners in Coimbatore India
1942,SaaS companies agencies looking for technology partners in Coimbatore India
1943,SaaS companies agencies looking for white label software in Coimbatore India
1944,SaaS companies agencies looking for software partners in Coimbatore India
1945,SaaS companies agencies offering reputation management in Coimbatore India
1946,SaaS companies agencies offering review generation in Coimbatore India
1947,SaaS companies agencies offering testimonial marketing in Coimbatore India
1948,SaaS companies agencies offering social proof marketing in Coimbatore India
1949,SaaS companies startups collecting customer feedback in Coimbatore India
1950,SaaS companies startups using testimonials in Coimbatore India
1951,SaaS companies startups using social proof in Coimbatore India
1952,SaaS companies businesses needing more customer reviews in Coimbatore India
1953,SaaS companies businesses using testimonials in Coimbatore India
1954,SaaS companies businesses improving customer trust in Coimbatore India
1955,SaaS companies businesses improving conversion rates in Coimbatore India
1956,SaaS companies companies customer success stories in Coimbatore India
1957,SaaS companies companies customer advocacy in Coimbatore India
1958,SaaS companies companies referral marketing in Coimbatore India
1959,SaaS companies companies brand trust in Coimbatore India
1960,SaaS companies companies conversion optimization in Coimbatore India
1961,SaaS companies companies website conversion in Coimbatore India
1962,SaaS companies companies client testimonial examples in Coimbatore India
1963,SaaS companies companies customer review examples in Coimbatore India
1964,SaaS companies companies customer testimonial examples in Coimbatore India
1965,SaaS companies companies customer feedback in Coimbatore India
1966,SaaS companies companies customer experience in Coimbatore India
1967,SaaS companies companies customer advocacy programs in Coimbatore India
1968,SaaS companies companies testimonial collection software in Coimbatore India
1969,SaaS companies companies review collection software in Coimbatore India
1970,SaaS companies companies video testimonial software in Coimbatore India
1971,SaaS companies companies social proof software in Coimbatore India
1972,SaaS companies companies reputation management software in Coimbatore India
1973,SaaS companies companies customer feedback platform in Coimbatore India
1974,SaaS companies companies testimonial platform in Coimbatore India
1975,SaaS companies companies review management platform in Coimbatore India
1976,SaaS companies businesses collecting customer feedback in Coimbatore India
1977,SaaS companies businesses collecting customer testimonials in Coimbatore India
1978,SaaS companies businesses collecting customer reviews in Coimbatore India
1979,SaaS companies businesses using video reviews in Coimbatore India
1980,SaaS companies businesses using customer stories in Coimbatore India
1981,SaaS companies businesses using review widgets in Coimbatore India
1982,SaaS companies businesses using testimonial widgets in Coimbatore India
1983,SaaS companies businesses showcasing testimonials in Coimbatore India
1984,SaaS companies businesses showcasing reviews in Coimbatore India
1985,SaaS companies businesses showcasing customer stories in Coimbatore India
1986,SaaS companies businesses needing social proof in Coimbatore India
1987,SaaS companies businesses needing testimonial marketing in Coimbatore India
1988,SaaS companies businesses needing customer feedback software in Coimbatore India
1989,SaaS companies agencies serving startups in Coimbatore India
1990,SaaS companies agencies serving SaaS companies in Coimbatore India
1991,SaaS companies agencies serving small businesses in Coimbatore India
1992,SaaS companies agencies serving ecommerce brands in Coimbatore India
1993,SaaS companies agencies serving B2B companies in Coimbatore India
1994,SaaS companies agencies serving local businesses in Coimbatore India
1995,SaaS companies agencies partnering with SaaS companies in Coimbatore India
1996,SaaS companies agencies partnering with software companies in Coimbatore India
1997,SaaS companies agencies offering white label services in Coimbatore India
1998,SaaS companies agencies offering SaaS solutions in Coimbatore India
1999,SaaS companies agencies offering customer feedback solutions in Coimbatore India
2000,SaaS companies agencies offering review management in Coimbatore India
2001,SaaS companies agencies offering testimonial collection in Coimbatore India
2002,SaaS companies agencies offering social proof services in Coimbatore India
2003,SaaS companies companies using customer feedback platforms in Coimbatore India
2004,SaaS companies companies using testimonial platforms in Coimbatore India
2005,SaaS companies companies using review management platforms in Coimbatore India
2006,SaaS companies companies using customer advocacy platforms in Coimbatore India
2007,SaaS companies companies improving customer experience in Coimbatore India
2008,SaaS companies companies improving customer trust in Coimbatore India
2009,SaaS companies companies improving website conversion in Coimbatore India
2010,SaaS companies companies improving lead conversion in Coimbatore India
2011,SaaS companies companies improving online reputation in Coimbatore India
2012,SaaS companies companies building customer trust in Coimbatore India
2013,SaaS companies companies collecting video reviews in Coimbatore India
2014,SaaS companies companies collecting video testimonials in Coimbatore India
2015,SaaS companies companies collecting client feedback in Coimbatore India
2016,SaaS companies companies collecting customer stories in Coimbatore India
2017,SaaS companies in Dubai UAE
2018,best SaaS companies in Dubai UAE
2019,top SaaS companies in Dubai UAE
2020,SaaS companies looking for customer testimonials in Dubai UAE
2021,SaaS companies testimonial marketing in Dubai UAE
2022,SaaS companies customer review management in Dubai UAE
2023,SaaS companies social proof marketing in Dubai UAE
2024,SaaS companies review collection in Dubai UAE
2025,SaaS companies customer feedback software in Dubai UAE
2026,SaaS companies testimonial software in Dubai UAE
2027,SaaS companies review software in Dubai UAE
2028,SaaS companies feedback software in Dubai UAE
2029,SaaS companies reputation management in Dubai UAE
2030,SaaS companies customer success teams in Dubai UAE
2031,SaaS companies marketing teams in Dubai UAE
2032,SaaS companies founders in Dubai UAE
2033,SaaS companies business owners in Dubai UAE
2034,SaaS companies growth marketing in Dubai UAE
2035,SaaS companies digital marketing in Dubai UAE
2036,SaaS companies online reviews in Dubai UAE
2037,SaaS companies case studies in Dubai UAE
2038,SaaS companies video testimonials in Dubai UAE
2039,SaaS companies customer stories in Dubai UAE
2040,SaaS companies companies collecting testimonials in Dubai UAE
2041,SaaS companies companies collecting customer reviews in Dubai UAE
2042,SaaS companies companies using social proof in Dubai UAE
2043,SaaS companies companies using video testimonials in Dubai UAE
2044,SaaS companies companies needing more reviews in Dubai UAE
2045,SaaS companies companies needing testimonial software in Dubai UAE
2046,SaaS companies companies needing customer feedback tools in Dubai UAE
2047,SaaS companies companies embedding testimonials on websites in Dubai UAE
2048,SaaS companies companies showcasing customer reviews in Dubai UAE
2049,SaaS companies companies showcasing customer stories in Dubai UAE
2050,SaaS companies companies using review widgets in Dubai UAE
2051,SaaS companies companies using testimonial widgets in Dubai UAE
2052,SaaS companies companies building Wall of Love pages in Dubai UAE
2053,SaaS companies agencies looking for SaaS partners in Dubai UAE
2054,SaaS companies agencies looking for technology partners in Dubai UAE
2055,SaaS companies agencies looking for white label software in Dubai UAE
2056,SaaS companies agencies looking for software partners in Dubai UAE
2057,SaaS companies agencies offering reputation management in Dubai UAE
2058,SaaS companies agencies offering review generation in Dubai UAE
2059,SaaS companies agencies offering testimonial marketing in Dubai UAE
2060,SaaS companies agencies offering social proof marketing in Dubai UAE
2061,SaaS companies startups collecting customer feedback in Dubai UAE
2062,SaaS companies startups using testimonials in Dubai UAE
2063,SaaS companies startups using social proof in Dubai UAE
2064,SaaS companies businesses needing more customer reviews in Dubai UAE
2065,SaaS companies businesses using testimonials in Dubai UAE
2066,SaaS companies businesses improving customer trust in Dubai UAE
2067,SaaS companies businesses improving conversion rates in Dubai UAE
2068,SaaS companies companies customer success stories in Dubai UAE
2069,SaaS companies companies customer advocacy in Dubai UAE
2070,SaaS companies companies referral marketing in Dubai UAE
2071,SaaS companies companies brand trust in Dubai UAE
2072,SaaS companies companies conversion optimization in Dubai UAE
2073,SaaS companies companies website conversion in Dubai UAE
2074,SaaS companies companies client testimonial examples in Dubai UAE
2075,SaaS companies companies customer review examples in Dubai UAE
2076,SaaS companies companies customer testimonial examples in Dubai UAE
2077,SaaS companies companies customer feedback in Dubai UAE
2078,SaaS companies companies customer experience in Dubai UAE
2079,SaaS companies companies customer advocacy programs in Dubai UAE
2080,SaaS companies companies testimonial collection software in Dubai UAE
2081,SaaS companies companies review collection software in Dubai UAE
2082,SaaS companies companies video testimonial software in Dubai UAE
2083,SaaS companies companies social proof software in Dubai UAE
2084,SaaS companies companies reputation management software in Dubai UAE
2085,SaaS companies companies customer feedback platform in Dubai UAE
2086,SaaS companies companies testimonial platform in Dubai UAE
2087,SaaS companies companies review management platform in Dubai UAE
2088,SaaS companies businesses collecting customer feedback in Dubai UAE
2089,SaaS companies businesses collecting customer testimonials in Dubai UAE
2090,SaaS companies businesses collecting customer reviews in Dubai UAE
2091,SaaS companies businesses using video reviews in Dubai UAE
2092,SaaS companies businesses using customer stories in Dubai UAE
2093,SaaS companies businesses using review widgets in Dubai UAE
2094,SaaS companies businesses using testimonial widgets in Dubai UAE
2095,SaaS companies businesses showcasing testimonials in Dubai UAE
2096,SaaS companies businesses showcasing reviews in Dubai UAE
2097,SaaS companies businesses showcasing customer stories in Dubai UAE
2098,SaaS companies businesses needing social proof in Dubai UAE
2099,SaaS companies businesses needing testimonial marketing in Dubai UAE
2100,SaaS companies businesses needing customer feedback software in Dubai UAE
2101,SaaS companies agencies serving startups in Dubai UAE
2102,SaaS companies agencies serving SaaS companies in Dubai UAE
2103,SaaS companies agencies serving small businesses in Dubai UAE
2104,SaaS companies agencies serving ecommerce brands in Dubai UAE
2105,SaaS companies agencies serving B2B companies in Dubai UAE
2106,SaaS companies agencies serving local businesses in Dubai UAE
2107,SaaS companies agencies partnering with SaaS companies in Dubai UAE
2108,SaaS companies agencies partnering with software companies in Dubai UAE
2109,SaaS companies agencies offering white label services in Dubai UAE
2110,SaaS companies agencies offering SaaS solutions in Dubai UAE
2111,SaaS companies agencies offering customer feedback solutions in Dubai UAE
2112,SaaS companies agencies offering review management in Dubai UAE
2113,SaaS companies agencies offering testimonial collection in Dubai UAE
2114,SaaS companies agencies offering social proof services in Dubai UAE
2115,SaaS companies companies using customer feedback platforms in Dubai UAE
2116,SaaS companies companies using testimonial platforms in Dubai UAE
2117,SaaS companies companies using review management platforms in Dubai UAE
2118,SaaS companies companies using customer advocacy platforms in Dubai UAE
2119,SaaS companies companies improving customer experience in Dubai UAE
2120,SaaS companies companies improving customer trust in Dubai UAE
2121,SaaS companies companies improving website conversion in Dubai UAE
2122,SaaS companies companies improving lead conversion in Dubai UAE
2123,SaaS companies companies improving online reputation in Dubai UAE
2124,SaaS companies companies building customer trust in Dubai UAE
2125,SaaS companies companies collecting video reviews in Dubai UAE
2126,SaaS companies companies collecting video testimonials in Dubai UAE
2127,SaaS companies companies collecting client feedback in Dubai UAE
2128,SaaS companies companies collecting customer stories in Dubai UAE
2129,SaaS companies in Abu Dhabi UAE
2130,best SaaS companies in Abu Dhabi UAE
2131,top SaaS companies in Abu Dhabi UAE
2132,SaaS companies looking for customer testimonials in Abu Dhabi UAE
2133,SaaS companies testimonial marketing in Abu Dhabi UAE
2134,SaaS companies customer review management in Abu Dhabi UAE
2135,SaaS companies social proof marketing in Abu Dhabi UAE
2136,SaaS companies review collection in Abu Dhabi UAE
2137,SaaS companies customer feedback software in Abu Dhabi UAE
2138,SaaS companies testimonial software in Abu Dhabi UAE
2139,SaaS companies review software in Abu Dhabi UAE
2140,SaaS companies feedback software in Abu Dhabi UAE
2141,SaaS companies reputation management in Abu Dhabi UAE
2142,SaaS companies customer success teams in Abu Dhabi UAE
2143,SaaS companies marketing teams in Abu Dhabi UAE
2144,SaaS companies founders in Abu Dhabi UAE
2145,SaaS companies business owners in Abu Dhabi UAE
2146,SaaS companies growth marketing in Abu Dhabi UAE
2147,SaaS companies digital marketing in Abu Dhabi UAE
2148,SaaS companies online reviews in Abu Dhabi UAE
2149,SaaS companies case studies in Abu Dhabi UAE
2150,SaaS companies video testimonials in Abu Dhabi UAE
2151,SaaS companies customer stories in Abu Dhabi UAE
2152,SaaS companies companies collecting testimonials in Abu Dhabi UAE
2153,SaaS companies companies collecting customer reviews in Abu Dhabi UAE
2154,SaaS companies companies using social proof in Abu Dhabi UAE
2155,SaaS companies companies using video testimonials in Abu Dhabi UAE
2156,SaaS companies companies needing more reviews in Abu Dhabi UAE
2157,SaaS companies companies needing testimonial software in Abu Dhabi UAE
2158,SaaS companies companies needing customer feedback tools in Abu Dhabi UAE
2159,SaaS companies companies embedding testimonials on websites in Abu Dhabi UAE
2160,SaaS companies companies showcasing customer reviews in Abu Dhabi UAE
2161,SaaS companies companies showcasing customer stories in Abu Dhabi UAE
2162,SaaS companies companies using review widgets in Abu Dhabi UAE
2163,SaaS companies companies using testimonial widgets in Abu Dhabi UAE
2164,SaaS companies companies building Wall of Love pages in Abu Dhabi UAE
2165,SaaS companies agencies looking for SaaS partners in Abu Dhabi UAE
2166,SaaS companies agencies looking for technology partners in Abu Dhabi UAE
2167,SaaS companies agencies looking for white label software in Abu Dhabi UAE
2168,SaaS companies agencies looking for software partners in Abu Dhabi UAE
2169,SaaS companies agencies offering reputation management in Abu Dhabi UAE
2170,SaaS companies agencies offering review generation in Abu Dhabi UAE
2171,SaaS companies agencies offering testimonial marketing in Abu Dhabi UAE
2172,SaaS companies agencies offering social proof marketing in Abu Dhabi UAE
2173,SaaS companies startups collecting customer feedback in Abu Dhabi UAE
2174,SaaS companies startups using testimonials in Abu Dhabi UAE
2175,SaaS companies startups using social proof in Abu Dhabi UAE
2176,SaaS companies businesses needing more customer reviews in Abu Dhabi UAE
2177,SaaS companies businesses using testimonials in Abu Dhabi UAE
2178,SaaS companies businesses improving customer trust in Abu Dhabi UAE
2179,SaaS companies businesses improving conversion rates in Abu Dhabi UAE
2180,SaaS companies companies customer success stories in Abu Dhabi UAE
2181,SaaS companies companies customer advocacy in Abu Dhabi UAE
2182,SaaS companies companies referral marketing in Abu Dhabi UAE
2183,SaaS companies companies brand trust in Abu Dhabi UAE
2184,SaaS companies companies conversion optimization in Abu Dhabi UAE
2185,SaaS companies companies website conversion in Abu Dhabi UAE
2186,SaaS companies companies client testimonial examples in Abu Dhabi UAE
2187,SaaS companies companies customer review examples in Abu Dhabi UAE
2188,SaaS companies companies customer testimonial examples in Abu Dhabi UAE
2189,SaaS companies companies customer feedback in Abu Dhabi UAE
2190,SaaS companies companies customer experience in Abu Dhabi UAE
2191,SaaS companies companies customer advocacy programs in Abu Dhabi UAE
2192,SaaS companies companies testimonial collection software in Abu Dhabi UAE
2193,SaaS companies companies review collection software in Abu Dhabi UAE
2194,SaaS companies companies video testimonial software in Abu Dhabi UAE
2195,SaaS companies companies social proof software in Abu Dhabi UAE
2196,SaaS companies companies reputation management software in Abu Dhabi UAE
2197,SaaS companies companies customer feedback platform in Abu Dhabi UAE
2198,SaaS companies companies testimonial platform in Abu Dhabi UAE
2199,SaaS companies companies review management platform in Abu Dhabi UAE
2200,SaaS companies businesses collecting customer feedback in Abu Dhabi UAE
2201,SaaS companies businesses collecting customer testimonials in Abu Dhabi UAE
2202,SaaS companies businesses collecting customer reviews in Abu Dhabi UAE
2203,SaaS companies businesses using video reviews in Abu Dhabi UAE
2204,SaaS companies businesses using customer stories in Abu Dhabi UAE
2205,SaaS companies businesses using review widgets in Abu Dhabi UAE
2206,SaaS companies businesses using testimonial widgets in Abu Dhabi UAE
2207,SaaS companies businesses showcasing testimonials in Abu Dhabi UAE
2208,SaaS companies businesses showcasing reviews in Abu Dhabi UAE
2209,SaaS companies businesses showcasing customer stories in Abu Dhabi UAE
2210,SaaS companies businesses needing social proof in Abu Dhabi UAE
2211,SaaS companies businesses needing testimonial marketing in Abu Dhabi UAE
2212,SaaS companies businesses needing customer feedback software in Abu Dhabi UAE
2213,SaaS companies agencies serving startups in Abu Dhabi UAE
2214,SaaS companies agencies serving SaaS companies in Abu Dhabi UAE
2215,SaaS companies agencies serving small businesses in Abu Dhabi UAE
2216,SaaS companies agencies serving ecommerce brands in Abu Dhabi UAE
2217,SaaS companies agencies serving B2B companies in Abu Dhabi UAE
2218,SaaS companies agencies serving local businesses in Abu Dhabi UAE
2219,SaaS companies agencies partnering with SaaS companies in Abu Dhabi UAE
2220,SaaS companies agencies partnering with software companies in Abu Dhabi UAE
2221,SaaS companies agencies offering white label services in Abu Dhabi UAE
2222,SaaS companies agencies offering SaaS solutions in Abu Dhabi UAE
2223,SaaS companies agencies offering customer feedback solutions in Abu Dhabi UAE
2224,SaaS companies agencies offering review management in Abu Dhabi UAE
2225,SaaS companies agencies offering testimonial collection in Abu Dhabi UAE
2226,SaaS companies agencies offering social proof services in Abu Dhabi UAE
2227,SaaS companies companies using customer feedback platforms in Abu Dhabi UAE
2228,SaaS companies companies using testimonial platforms in Abu Dhabi UAE
2229,SaaS companies companies using review management platforms in Abu Dhabi UAE
2230,SaaS companies companies using customer advocacy platforms in Abu Dhabi UAE
2231,SaaS companies companies improving customer experience in Abu Dhabi UAE
2232,SaaS companies companies improving customer trust in Abu Dhabi UAE
2233,SaaS companies companies improving website conversion in Abu Dhabi UAE
2234,SaaS companies companies improving lead conversion in Abu Dhabi UAE
2235,SaaS companies companies improving online reputation in Abu Dhabi UAE
2236,SaaS companies companies building customer trust in Abu Dhabi UAE
2237,SaaS companies companies collecting video reviews in Abu Dhabi UAE
2238,SaaS companies companies collecting video testimonials in Abu Dhabi UAE
2239,SaaS companies companies collecting client feedback in Abu Dhabi UAE
2240,SaaS companies companies collecting customer stories in Abu Dhabi UAE
2241,SaaS companies in Sharjah UAE
2242,best SaaS companies in Sharjah UAE
2243,top SaaS companies in Sharjah UAE
2244,SaaS companies looking for customer testimonials in Sharjah UAE
2245,SaaS companies testimonial marketing in Sharjah UAE
2246,SaaS companies customer review management in Sharjah UAE
2247,SaaS companies social proof marketing in Sharjah UAE
2248,SaaS companies review collection in Sharjah UAE
2249,SaaS companies customer feedback software in Sharjah UAE
2250,SaaS companies testimonial software in Sharjah UAE
2251,SaaS companies review software in Sharjah UAE
2252,SaaS companies feedback software in Sharjah UAE
2253,SaaS companies reputation management in Sharjah UAE
2254,SaaS companies customer success teams in Sharjah UAE
2255,SaaS companies marketing teams in Sharjah UAE
2256,SaaS companies founders in Sharjah UAE
2257,SaaS companies business owners in Sharjah UAE
2258,SaaS companies growth marketing in Sharjah UAE
2259,SaaS companies digital marketing in Sharjah UAE
2260,SaaS companies online reviews in Sharjah UAE
2261,SaaS companies case studies in Sharjah UAE
2262,SaaS companies video testimonials in Sharjah UAE
2263,SaaS companies customer stories in Sharjah UAE
2264,SaaS companies companies collecting testimonials in Sharjah UAE
2265,SaaS companies companies collecting customer reviews in Sharjah UAE
2266,SaaS companies companies using social proof in Sharjah UAE
2267,SaaS companies companies using video testimonials in Sharjah UAE
2268,SaaS companies companies needing more reviews in Sharjah UAE
2269,SaaS companies companies needing testimonial software in Sharjah UAE
2270,SaaS companies companies needing customer feedback tools in Sharjah UAE
2271,SaaS companies companies embedding testimonials on websites in Sharjah UAE
2272,SaaS companies companies showcasing customer reviews in Sharjah UAE
2273,SaaS companies companies showcasing customer stories in Sharjah UAE
2274,SaaS companies companies using review widgets in Sharjah UAE
2275,SaaS companies companies using testimonial widgets in Sharjah UAE
2276,SaaS companies companies building Wall of Love pages in Sharjah UAE
2277,SaaS companies agencies looking for SaaS partners in Sharjah UAE
2278,SaaS companies agencies looking for technology partners in Sharjah UAE
2279,SaaS companies agencies looking for white label software in Sharjah UAE
2280,SaaS companies agencies looking for software partners in Sharjah UAE
2281,SaaS companies agencies offering reputation management in Sharjah UAE
2282,SaaS companies agencies offering review generation in Sharjah UAE
2283,SaaS companies agencies offering testimonial marketing in Sharjah UAE
2284,SaaS companies agencies offering social proof marketing in Sharjah UAE
2285,SaaS companies startups collecting customer feedback in Sharjah UAE
2286,SaaS companies startups using testimonials in Sharjah UAE
2287,SaaS companies startups using social proof in Sharjah UAE
2288,SaaS companies businesses needing more customer reviews in Sharjah UAE
2289,SaaS companies businesses using testimonials in Sharjah UAE
2290,SaaS companies businesses improving customer trust in Sharjah UAE
2291,SaaS companies businesses improving conversion rates in Sharjah UAE
2292,SaaS companies companies customer success stories in Sharjah UAE
2293,SaaS companies companies customer advocacy in Sharjah UAE
2294,SaaS companies companies referral marketing in Sharjah UAE
2295,SaaS companies companies brand trust in Sharjah UAE
2296,SaaS companies companies conversion optimization in Sharjah UAE
2297,SaaS companies companies website conversion in Sharjah UAE
2298,SaaS companies companies client testimonial examples in Sharjah UAE
2299,SaaS companies companies customer review examples in Sharjah UAE
2300,SaaS companies companies customer testimonial examples in Sharjah UAE
2301,SaaS companies companies customer feedback in Sharjah UAE
2302,SaaS companies companies customer experience in Sharjah UAE
2303,SaaS companies companies customer advocacy programs in Sharjah UAE
2304,SaaS companies companies testimonial collection software in Sharjah UAE
2305,SaaS companies companies review collection software in Sharjah UAE
2306,SaaS companies companies video testimonial software in Sharjah UAE
2307,SaaS companies companies social proof software in Sharjah UAE
2308,SaaS companies companies reputation management software in Sharjah UAE
2309,SaaS companies companies customer feedback platform in Sharjah UAE
2310,SaaS companies companies testimonial platform in Sharjah UAE
2311,SaaS companies companies review management platform in Sharjah UAE
2312,SaaS companies businesses collecting customer feedback in Sharjah UAE
2313,SaaS companies businesses collecting customer testimonials in Sharjah UAE
2314,SaaS companies businesses collecting customer reviews in Sharjah UAE
2315,SaaS companies businesses using video reviews in Sharjah UAE
2316,SaaS companies businesses using customer stories in Sharjah UAE
2317,SaaS companies businesses using review widgets in Sharjah UAE
2318,SaaS companies businesses using testimonial widgets in Sharjah UAE
2319,SaaS companies businesses showcasing testimonials in Sharjah UAE
2320,SaaS companies businesses showcasing reviews in Sharjah UAE
2321,SaaS companies businesses showcasing customer stories in Sharjah UAE
2322,SaaS companies businesses needing social proof in Sharjah UAE
2323,SaaS companies businesses needing testimonial marketing in Sharjah UAE
2324,SaaS companies businesses needing customer feedback software in Sharjah UAE
2325,SaaS companies agencies serving startups in Sharjah UAE
2326,SaaS companies agencies serving SaaS companies in Sharjah UAE
2327,SaaS companies agencies serving small businesses in Sharjah UAE
2328,SaaS companies agencies serving ecommerce brands in Sharjah UAE
2329,SaaS companies agencies serving B2B companies in Sharjah UAE
2330,SaaS companies agencies serving local businesses in Sharjah UAE
2331,SaaS companies agencies partnering with SaaS companies in Sharjah UAE
2332,SaaS companies agencies partnering with software companies in Sharjah UAE
2333,SaaS companies agencies offering white label services in Sharjah UAE
2334,SaaS companies agencies offering SaaS solutions in Sharjah UAE
2335,SaaS companies agencies offering customer feedback solutions in Sharjah UAE
2336,SaaS companies agencies offering review management in Sharjah UAE
2337,SaaS companies agencies offering testimonial collection in Sharjah UAE
2338,SaaS companies agencies offering social proof services in Sharjah UAE
2339,SaaS companies companies using customer feedback platforms in Sharjah UAE
2340,SaaS companies companies using testimonial platforms in Sharjah UAE
2341,SaaS companies companies using review management platforms in Sharjah UAE
2342,SaaS companies companies using customer advocacy platforms in Sharjah UAE
2343,SaaS companies companies improving customer experience in Sharjah UAE
2344,SaaS companies companies improving customer trust in Sharjah UAE
2345,SaaS companies companies improving website conversion in Sharjah UAE
2346,SaaS companies companies improving lead conversion in Sharjah UAE
2347,SaaS companies companies improving online reputation in Sharjah UAE
2348,SaaS companies companies building customer trust in Sharjah UAE
2349,SaaS companies companies collecting video reviews in Sharjah UAE
2350,SaaS companies companies collecting video testimonials in Sharjah UAE
2351,SaaS companies companies collecting client feedback in Sharjah UAE
2352,SaaS companies companies collecting customer stories in Sharjah UAE
2353,SaaS companies in Riyadh Saudi Arabia
2354,best SaaS companies in Riyadh Saudi Arabia
2355,top SaaS companies in Riyadh Saudi Arabia
2356,SaaS companies looking for customer testimonials in Riyadh Saudi Arabia
2357,SaaS companies testimonial marketing in Riyadh Saudi Arabia
2358,SaaS companies customer review management in Riyadh Saudi Arabia
2359,SaaS companies social proof marketing in Riyadh Saudi Arabia
2360,SaaS companies review collection in Riyadh Saudi Arabia
2361,SaaS companies customer feedback software in Riyadh Saudi Arabia
2362,SaaS companies testimonial software in Riyadh Saudi Arabia
2363,SaaS companies review software in Riyadh Saudi Arabia
2364,SaaS companies feedback software in Riyadh Saudi Arabia
2365,SaaS companies reputation management in Riyadh Saudi Arabia
2366,SaaS companies customer success teams in Riyadh Saudi Arabia
2367,SaaS companies marketing teams in Riyadh Saudi Arabia
2368,SaaS companies founders in Riyadh Saudi Arabia
2369,SaaS companies business owners in Riyadh Saudi Arabia
2370,SaaS companies growth marketing in Riyadh Saudi Arabia
2371,SaaS companies digital marketing in Riyadh Saudi Arabia
2372,SaaS companies online reviews in Riyadh Saudi Arabia
2373,SaaS companies case studies in Riyadh Saudi Arabia
2374,SaaS companies video testimonials in Riyadh Saudi Arabia
2375,SaaS companies customer stories in Riyadh Saudi Arabia
2376,SaaS companies companies collecting testimonials in Riyadh Saudi Arabia
2377,SaaS companies companies collecting customer reviews in Riyadh Saudi Arabia
2378,SaaS companies companies using social proof in Riyadh Saudi Arabia
2379,SaaS companies companies using video testimonials in Riyadh Saudi Arabia
2380,SaaS companies companies needing more reviews in Riyadh Saudi Arabia
2381,SaaS companies companies needing testimonial software in Riyadh Saudi Arabia
2382,SaaS companies companies needing customer feedback tools in Riyadh Saudi Arabia
2383,SaaS companies companies embedding testimonials on websites in Riyadh Saudi Arabia
2384,SaaS companies companies showcasing customer reviews in Riyadh Saudi Arabia
2385,SaaS companies companies showcasing customer stories in Riyadh Saudi Arabia
2386,SaaS companies companies using review widgets in Riyadh Saudi Arabia
2387,SaaS companies companies using testimonial widgets in Riyadh Saudi Arabia
2388,SaaS companies companies building Wall of Love pages in Riyadh Saudi Arabia
2389,SaaS companies agencies looking for SaaS partners in Riyadh Saudi Arabia
2390,SaaS companies agencies looking for technology partners in Riyadh Saudi Arabia
2391,SaaS companies agencies looking for white label software in Riyadh Saudi Arabia
2392,SaaS companies agencies looking for software partners in Riyadh Saudi Arabia
2393,SaaS companies agencies offering reputation management in Riyadh Saudi Arabia
2394,SaaS companies agencies offering review generation in Riyadh Saudi Arabia
2395,SaaS companies agencies offering testimonial marketing in Riyadh Saudi Arabia
2396,SaaS companies agencies offering social proof marketing in Riyadh Saudi Arabia
2397,SaaS companies startups collecting customer feedback in Riyadh Saudi Arabia
2398,SaaS companies startups using testimonials in Riyadh Saudi Arabia
2399,SaaS companies startups using social proof in Riyadh Saudi Arabia
2400,SaaS companies businesses needing more customer reviews in Riyadh Saudi Arabia
2401,SaaS companies businesses using testimonials in Riyadh Saudi Arabia
2402,SaaS companies businesses improving customer trust in Riyadh Saudi Arabia
2403,SaaS companies businesses improving conversion rates in Riyadh Saudi Arabia
2404,SaaS companies companies customer success stories in Riyadh Saudi Arabia
2405,SaaS companies companies customer advocacy in Riyadh Saudi Arabia
2406,SaaS companies companies referral marketing in Riyadh Saudi Arabia
2407,SaaS companies companies brand trust in Riyadh Saudi Arabia
2408,SaaS companies companies conversion optimization in Riyadh Saudi Arabia
2409,SaaS companies companies website conversion in Riyadh Saudi Arabia
2410,SaaS companies companies client testimonial examples in Riyadh Saudi Arabia
2411,SaaS companies companies customer review examples in Riyadh Saudi Arabia
2412,SaaS companies companies customer testimonial examples in Riyadh Saudi Arabia
2413,SaaS companies companies customer feedback in Riyadh Saudi Arabia
2414,SaaS companies companies customer experience in Riyadh Saudi Arabia
2415,SaaS companies companies customer advocacy programs in Riyadh Saudi Arabia
2416,SaaS companies companies testimonial collection software in Riyadh Saudi Arabia
2417,SaaS companies companies review collection software in Riyadh Saudi Arabia
2418,SaaS companies companies video testimonial software in Riyadh Saudi Arabia
2419,SaaS companies companies social proof software in Riyadh Saudi Arabia
2420,SaaS companies companies reputation management software in Riyadh Saudi Arabia
2421,SaaS companies companies customer feedback platform in Riyadh Saudi Arabia
2422,SaaS companies companies testimonial platform in Riyadh Saudi Arabia
2423,SaaS companies companies review management platform in Riyadh Saudi Arabia
2424,SaaS companies businesses collecting customer feedback in Riyadh Saudi Arabia
2425,SaaS companies businesses collecting customer testimonials in Riyadh Saudi Arabia
2426,SaaS companies businesses collecting customer reviews in Riyadh Saudi Arabia
2427,SaaS companies businesses using video reviews in Riyadh Saudi Arabia
2428,SaaS companies businesses using customer stories in Riyadh Saudi Arabia
2429,SaaS companies businesses using review widgets in Riyadh Saudi Arabia
2430,SaaS companies businesses using testimonial widgets in Riyadh Saudi Arabia
2431,SaaS companies businesses showcasing testimonials in Riyadh Saudi Arabia
2432,SaaS companies businesses showcasing reviews in Riyadh Saudi Arabia
2433,SaaS companies businesses showcasing customer stories in Riyadh Saudi Arabia
2434,SaaS companies businesses needing social proof in Riyadh Saudi Arabia
2435,SaaS companies businesses needing testimonial marketing in Riyadh Saudi Arabia
2436,SaaS companies businesses needing customer feedback software in Riyadh Saudi Arabia
2437,SaaS companies agencies serving startups in Riyadh Saudi Arabia
2438,SaaS companies agencies serving SaaS companies in Riyadh Saudi Arabia
2439,SaaS companies agencies serving small businesses in Riyadh Saudi Arabia
2440,SaaS companies agencies serving ecommerce brands in Riyadh Saudi Arabia
2441,SaaS companies agencies serving B2B companies in Riyadh Saudi Arabia
2442,SaaS companies agencies serving local businesses in Riyadh Saudi Arabia
2443,SaaS companies agencies partnering with SaaS companies in Riyadh Saudi Arabia
2444,SaaS companies agencies partnering with software companies in Riyadh Saudi Arabia
2445,SaaS companies agencies offering white label services in Riyadh Saudi Arabia
2446,SaaS companies agencies offering SaaS solutions in Riyadh Saudi Arabia
2447,SaaS companies agencies offering customer feedback solutions in Riyadh Saudi Arabia
2448,SaaS companies agencies offering review management in Riyadh Saudi Arabia
2449,SaaS companies agencies offering testimonial collection in Riyadh Saudi Arabia
2450,SaaS companies agencies offering social proof services in Riyadh Saudi Arabia
2451,SaaS companies companies using customer feedback platforms in Riyadh Saudi Arabia
2452,SaaS companies companies using testimonial platforms in Riyadh Saudi Arabia
2453,SaaS companies companies using review management platforms in Riyadh Saudi Arabia
2454,SaaS companies companies using customer advocacy platforms in Riyadh Saudi Arabia
2455,SaaS companies companies improving customer experience in Riyadh Saudi Arabia
2456,SaaS companies companies improving customer trust in Riyadh Saudi Arabia
2457,SaaS companies companies improving website conversion in Riyadh Saudi Arabia
2458,SaaS companies companies improving lead conversion in Riyadh Saudi Arabia
2459,SaaS companies companies improving online reputation in Riyadh Saudi Arabia
2460,SaaS companies companies building customer trust in Riyadh Saudi Arabia
2461,SaaS companies companies collecting video reviews in Riyadh Saudi Arabia
2462,SaaS companies companies collecting video testimonials in Riyadh Saudi Arabia
2463,SaaS companies companies collecting client feedback in Riyadh Saudi Arabia
2464,SaaS companies companies collecting customer stories in Riyadh Saudi Arabia
2465,SaaS companies in Jeddah Saudi Arabia
2466,best SaaS companies in Jeddah Saudi Arabia
2467,top SaaS companies in Jeddah Saudi Arabia
2468,SaaS companies looking for customer testimonials in Jeddah Saudi Arabia
2469,SaaS companies testimonial marketing in Jeddah Saudi Arabia
2470,SaaS companies customer review management in Jeddah Saudi Arabia
2471,SaaS companies social proof marketing in Jeddah Saudi Arabia
2472,SaaS companies review collection in Jeddah Saudi Arabia
2473,SaaS companies customer feedback software in Jeddah Saudi Arabia
2474,SaaS companies testimonial software in Jeddah Saudi Arabia
2475,SaaS companies review software in Jeddah Saudi Arabia
2476,SaaS companies feedback software in Jeddah Saudi Arabia
2477,SaaS companies reputation management in Jeddah Saudi Arabia
2478,SaaS companies customer success teams in Jeddah Saudi Arabia
2479,SaaS companies marketing teams in Jeddah Saudi Arabia
2480,SaaS companies founders in Jeddah Saudi Arabia
2481,SaaS companies business owners in Jeddah Saudi Arabia
2482,SaaS companies growth marketing in Jeddah Saudi Arabia
2483,SaaS companies digital marketing in Jeddah Saudi Arabia
2484,SaaS companies online reviews in Jeddah Saudi Arabia
2485,SaaS companies case studies in Jeddah Saudi Arabia
2486,SaaS companies video testimonials in Jeddah Saudi Arabia
2487,SaaS companies customer stories in Jeddah Saudi Arabia
2488,SaaS companies companies collecting testimonials in Jeddah Saudi Arabia
2489,SaaS companies companies collecting customer reviews in Jeddah Saudi Arabia
2490,SaaS companies companies using social proof in Jeddah Saudi Arabia
2491,SaaS companies companies using video testimonials in Jeddah Saudi Arabia
2492,SaaS companies companies needing more reviews in Jeddah Saudi Arabia
2493,SaaS companies companies needing testimonial software in Jeddah Saudi Arabia
2494,SaaS companies companies needing customer feedback tools in Jeddah Saudi Arabia
2495,SaaS companies companies embedding testimonials on websites in Jeddah Saudi Arabia
2496,SaaS companies companies showcasing customer reviews in Jeddah Saudi Arabia
2497,SaaS companies companies showcasing customer stories in Jeddah Saudi Arabia
2498,SaaS companies companies using review widgets in Jeddah Saudi Arabia
2499,SaaS companies companies using testimonial widgets in Jeddah Saudi Arabia
2500,SaaS companies companies building Wall of Love pages in Jeddah Saudi Arabia
2501,SaaS companies agencies looking for SaaS partners in Jeddah Saudi Arabia
2502,SaaS companies agencies looking for technology partners in Jeddah Saudi Arabia
2503,SaaS companies agencies looking for white label software in Jeddah Saudi Arabia
2504,SaaS companies agencies looking for software partners in Jeddah Saudi Arabia
2505,SaaS companies agencies offering reputation management in Jeddah Saudi Arabia
2506,SaaS companies agencies offering review generation in Jeddah Saudi Arabia
2507,SaaS companies agencies offering testimonial marketing in Jeddah Saudi Arabia
2508,SaaS companies agencies offering social proof marketing in Jeddah Saudi Arabia
2509,SaaS companies startups collecting customer feedback in Jeddah Saudi Arabia
2510,SaaS companies startups using testimonials in Jeddah Saudi Arabia
2511,SaaS companies startups using social proof in Jeddah Saudi Arabia
2512,SaaS companies businesses needing more customer reviews in Jeddah Saudi Arabia
2513,SaaS companies businesses using testimonials in Jeddah Saudi Arabia
2514,SaaS companies businesses improving customer trust in Jeddah Saudi Arabia
2515,SaaS companies businesses improving conversion rates in Jeddah Saudi Arabia
2516,SaaS companies companies customer success stories in Jeddah Saudi Arabia
2517,SaaS companies companies customer advocacy in Jeddah Saudi Arabia
2518,SaaS companies companies referral marketing in Jeddah Saudi Arabia
2519,SaaS companies companies brand trust in Jeddah Saudi Arabia
2520,SaaS companies companies conversion optimization in Jeddah Saudi Arabia
2521,SaaS companies companies website conversion in Jeddah Saudi Arabia
2522,SaaS companies companies client testimonial examples in Jeddah Saudi Arabia
2523,SaaS companies companies customer review examples in Jeddah Saudi Arabia
2524,SaaS companies companies customer testimonial examples in Jeddah Saudi Arabia
2525,SaaS companies companies customer feedback in Jeddah Saudi Arabia
2526,SaaS companies companies customer experience in Jeddah Saudi Arabia
2527,SaaS companies companies customer advocacy programs in Jeddah Saudi Arabia
2528,SaaS companies companies testimonial collection software in Jeddah Saudi Arabia
2529,SaaS companies companies review collection software in Jeddah Saudi Arabia
2530,SaaS companies companies video testimonial software in Jeddah Saudi Arabia
2531,SaaS companies companies social proof software in Jeddah Saudi Arabia
2532,SaaS companies companies reputation management software in Jeddah Saudi Arabia
2533,SaaS companies companies customer feedback platform in Jeddah Saudi Arabia
2534,SaaS companies companies testimonial platform in Jeddah Saudi Arabia
2535,SaaS companies companies review management platform in Jeddah Saudi Arabia
2536,SaaS companies businesses collecting customer feedback in Jeddah Saudi Arabia
2537,SaaS companies businesses collecting customer testimonials in Jeddah Saudi Arabia
2538,SaaS companies businesses collecting customer reviews in Jeddah Saudi Arabia
2539,SaaS companies businesses using video reviews in Jeddah Saudi Arabia
2540,SaaS companies businesses using customer stories in Jeddah Saudi Arabia
2541,SaaS companies businesses using review widgets in Jeddah Saudi Arabia
2542,SaaS companies businesses using testimonial widgets in Jeddah Saudi Arabia
2543,SaaS companies businesses showcasing testimonials in Jeddah Saudi Arabia
2544,SaaS companies businesses showcasing reviews in Jeddah Saudi Arabia
2545,SaaS companies businesses showcasing customer stories in Jeddah Saudi Arabia
2546,SaaS companies businesses needing social proof in Jeddah Saudi Arabia
2547,SaaS companies businesses needing testimonial marketing in Jeddah Saudi Arabia
2548,SaaS companies businesses needing customer feedback software in Jeddah Saudi Arabia
2549,SaaS companies agencies serving startups in Jeddah Saudi Arabia
2550,SaaS companies agencies serving SaaS companies in Jeddah Saudi Arabia
2551,SaaS companies agencies serving small businesses in Jeddah Saudi Arabia
2552,SaaS companies agencies serving ecommerce brands in Jeddah Saudi Arabia
2553,SaaS companies agencies serving B2B companies in Jeddah Saudi Arabia
2554,SaaS companies agencies serving local businesses in Jeddah Saudi Arabia
2555,SaaS companies agencies partnering with SaaS companies in Jeddah Saudi Arabia
2556,SaaS companies agencies partnering with software companies in Jeddah Saudi Arabia
2557,SaaS companies agencies offering white label services in Jeddah Saudi Arabia
2558,SaaS companies agencies offering SaaS solutions in Jeddah Saudi Arabia
2559,SaaS companies agencies offering customer feedback solutions in Jeddah Saudi Arabia
2560,SaaS companies agencies offering review management in Jeddah Saudi Arabia
2561,SaaS companies agencies offering testimonial collection in Jeddah Saudi Arabia
2562,SaaS companies agencies offering social proof services in Jeddah Saudi Arabia
2563,SaaS companies companies using customer feedback platforms in Jeddah Saudi Arabia
2564,SaaS companies companies using testimonial platforms in Jeddah Saudi Arabia
2565,SaaS companies companies using review management platforms in Jeddah Saudi Arabia
2566,SaaS companies companies using customer advocacy platforms in Jeddah Saudi Arabia
2567,SaaS companies companies improving customer experience in Jeddah Saudi Arabia
2568,SaaS companies companies improving customer trust in Jeddah Saudi Arabia
2569,SaaS companies companies improving website conversion in Jeddah Saudi Arabia
2570,SaaS companies companies improving lead conversion in Jeddah Saudi Arabia
2571,SaaS companies companies improving online reputation in Jeddah Saudi Arabia
2572,SaaS companies companies building customer trust in Jeddah Saudi Arabia
2573,SaaS companies companies collecting video reviews in Jeddah Saudi Arabia
2574,SaaS companies companies collecting video testimonials in Jeddah Saudi Arabia
2575,SaaS companies companies collecting client feedback in Jeddah Saudi Arabia
2576,SaaS companies companies collecting customer stories in Jeddah Saudi Arabia
2577,SaaS companies in Doha Qatar
2578,best SaaS companies in Doha Qatar
2579,top SaaS companies in Doha Qatar
2580,SaaS companies looking for customer testimonials in Doha Qatar
2581,SaaS companies testimonial marketing in Doha Qatar
2582,SaaS companies customer review management in Doha Qatar
2583,SaaS companies social proof marketing in Doha Qatar
2584,SaaS companies review collection in Doha Qatar
2585,SaaS companies customer feedback software in Doha Qatar
2586,SaaS companies testimonial software in Doha Qatar
2587,SaaS companies review software in Doha Qatar
2588,SaaS companies feedback software in Doha Qatar
2589,SaaS companies reputation management in Doha Qatar
2590,SaaS companies customer success teams in Doha Qatar
2591,SaaS companies marketing teams in Doha Qatar
2592,SaaS companies founders in Doha Qatar
2593,SaaS companies business owners in Doha Qatar
2594,SaaS companies growth marketing in Doha Qatar
2595,SaaS companies digital marketing in Doha Qatar
2596,SaaS companies online reviews in Doha Qatar
2597,SaaS companies case studies in Doha Qatar
2598,SaaS companies video testimonials in Doha Qatar
2599,SaaS companies customer stories in Doha Qatar
2600,SaaS companies companies collecting testimonials in Doha Qatar
2601,SaaS companies companies collecting customer reviews in Doha Qatar
2602,SaaS companies companies using social proof in Doha Qatar
2603,SaaS companies companies using video testimonials in Doha Qatar
2604,SaaS companies companies needing more reviews in Doha Qatar
2605,SaaS companies companies needing testimonial software in Doha Qatar
2606,SaaS companies companies needing customer feedback tools in Doha Qatar
2607,SaaS companies companies embedding testimonials on websites in Doha Qatar
2608,SaaS companies companies showcasing customer reviews in Doha Qatar
2609,SaaS companies companies showcasing customer stories in Doha Qatar
2610,SaaS companies companies using review widgets in Doha Qatar
2611,SaaS companies companies using testimonial widgets in Doha Qatar
2612,SaaS companies companies building Wall of Love pages in Doha Qatar
2613,SaaS companies agencies looking for SaaS partners in Doha Qatar
2614,SaaS companies agencies looking for technology partners in Doha Qatar
2615,SaaS companies agencies looking for white label software in Doha Qatar
2616,SaaS companies agencies looking for software partners in Doha Qatar
2617,SaaS companies agencies offering reputation management in Doha Qatar
2618,SaaS companies agencies offering review generation in Doha Qatar
2619,SaaS companies agencies offering testimonial marketing in Doha Qatar
2620,SaaS companies agencies offering social proof marketing in Doha Qatar
2621,SaaS companies startups collecting customer feedback in Doha Qatar
2622,SaaS companies startups using testimonials in Doha Qatar
2623,SaaS companies startups using social proof in Doha Qatar
2624,SaaS companies businesses needing more customer reviews in Doha Qatar
2625,SaaS companies businesses using testimonials in Doha Qatar
2626,SaaS companies businesses improving customer trust in Doha Qatar
2627,SaaS companies businesses improving conversion rates in Doha Qatar
2628,SaaS companies companies customer success stories in Doha Qatar
2629,SaaS companies companies customer advocacy in Doha Qatar
2630,SaaS companies companies referral marketing in Doha Qatar
2631,SaaS companies companies brand trust in Doha Qatar
2632,SaaS companies companies conversion optimization in Doha Qatar
2633,SaaS companies companies website conversion in Doha Qatar
2634,SaaS companies companies client testimonial examples in Doha Qatar
2635,SaaS companies companies customer review examples in Doha Qatar
2636,SaaS companies companies customer testimonial examples in Doha Qatar
2637,SaaS companies companies customer feedback in Doha Qatar
2638,SaaS companies companies customer experience in Doha Qatar
2639,SaaS companies companies customer advocacy programs in Doha Qatar
2640,SaaS companies companies testimonial collection software in Doha Qatar
2641,SaaS companies companies review collection software in Doha Qatar
2642,SaaS companies companies video testimonial software in Doha Qatar
2643,SaaS companies companies social proof software in Doha Qatar
2644,SaaS companies companies reputation management software in Doha Qatar
2645,SaaS companies companies customer feedback platform in Doha Qatar
2646,SaaS companies companies testimonial platform in Doha Qatar
2647,SaaS companies companies review management platform in Doha Qatar
2648,SaaS companies businesses collecting customer feedback in Doha Qatar
2649,SaaS companies businesses collecting customer testimonials in Doha Qatar
2650,SaaS companies businesses collecting customer reviews in Doha Qatar
2651,SaaS companies businesses using video reviews in Doha Qatar
2652,SaaS companies businesses using customer stories in Doha Qatar
2653,SaaS companies businesses using review widgets in Doha Qatar
2654,SaaS companies businesses using testimonial widgets in Doha Qatar
2655,SaaS companies businesses showcasing testimonials in Doha Qatar
2656,SaaS companies businesses showcasing reviews in Doha Qatar
2657,SaaS companies businesses showcasing customer stories in Doha Qatar
2658,SaaS companies businesses needing social proof in Doha Qatar
2659,SaaS companies businesses needing testimonial marketing in Doha Qatar
2660,SaaS companies businesses needing customer feedback software in Doha Qatar
2661,SaaS companies agencies serving startups in Doha Qatar
2662,SaaS companies agencies serving SaaS companies in Doha Qatar
2663,SaaS companies agencies serving small businesses in Doha Qatar
2664,SaaS companies agencies serving ecommerce brands in Doha Qatar
2665,SaaS companies agencies serving B2B companies in Doha Qatar
2666,SaaS companies agencies serving local businesses in Doha Qatar
2667,SaaS companies agencies partnering with SaaS companies in Doha Qatar
2668,SaaS companies agencies partnering with software companies in Doha Qatar
2669,SaaS companies agencies offering white label services in Doha Qatar
2670,SaaS companies agencies offering SaaS solutions in Doha Qatar
2671,SaaS companies agencies offering customer feedback solutions in Doha Qatar
2672,SaaS companies agencies offering review management in Doha Qatar
2673,SaaS companies agencies offering testimonial collection in Doha Qatar
2674,SaaS companies agencies offering social proof services in Doha Qatar
2675,SaaS companies companies using customer feedback platforms in Doha Qatar
2676,SaaS companies companies using testimonial platforms in Doha Qatar
2677,SaaS companies companies using review management platforms in Doha Qatar
2678,SaaS companies companies using customer advocacy platforms in Doha Qatar
2679,SaaS companies companies improving customer experience in Doha Qatar
2680,SaaS companies companies improving customer trust in Doha Qatar
2681,SaaS companies companies improving website conversion in Doha Qatar
2682,SaaS companies companies improving lead conversion in Doha Qatar
2683,SaaS companies companies improving online reputation in Doha Qatar
2684,SaaS companies companies building customer trust in Doha Qatar
2685,SaaS companies companies collecting video reviews in Doha Qatar
2686,SaaS companies companies collecting video testimonials in Doha Qatar
2687,SaaS companies companies collecting client feedback in Doha Qatar
2688,SaaS companies companies collecting customer stories in Doha Qatar
2689,SaaS companies in Singapore
2690,best SaaS companies in Singapore
2691,top SaaS companies in Singapore
2692,SaaS companies looking for customer testimonials in Singapore
2693,SaaS companies testimonial marketing in Singapore
2694,SaaS companies customer review management in Singapore
2695,SaaS companies social proof marketing in Singapore
2696,SaaS companies review collection in Singapore
2697,SaaS companies customer feedback software in Singapore
2698,SaaS companies testimonial software in Singapore
2699,SaaS companies review software in Singapore
2700,SaaS companies feedback software in Singapore
2701,SaaS companies reputation management in Singapore
2702,SaaS companies customer success teams in Singapore
2703,SaaS companies marketing teams in Singapore
2704,SaaS companies founders in Singapore
2705,SaaS companies business owners in Singapore
2706,SaaS companies growth marketing in Singapore
2707,SaaS companies digital marketing in Singapore
2708,SaaS companies online reviews in Singapore
2709,SaaS companies case studies in Singapore
2710,SaaS companies video testimonials in Singapore
2711,SaaS companies customer stories in Singapore
2712,SaaS companies companies collecting testimonials in Singapore
2713,SaaS companies companies collecting customer reviews in Singapore
2714,SaaS companies companies using social proof in Singapore
2715,SaaS companies companies using video testimonials in Singapore
2716,SaaS companies companies needing more reviews in Singapore
2717,SaaS companies companies needing testimonial software in Singapore
2718,SaaS companies companies needing customer feedback tools in Singapore
2719,SaaS companies companies embedding testimonials on websites in Singapore
2720,SaaS companies companies showcasing customer reviews in Singapore
2721,SaaS companies companies showcasing customer stories in Singapore
2722,SaaS companies companies using review widgets in Singapore
2723,SaaS companies companies using testimonial widgets in Singapore
2724,SaaS companies companies building Wall of Love pages in Singapore
2725,SaaS companies agencies looking for SaaS partners in Singapore
2726,SaaS companies agencies looking for technology partners in Singapore
2727,SaaS companies agencies looking for white label software in Singapore
2728,SaaS companies agencies looking for software partners in Singapore
2729,SaaS companies agencies offering reputation management in Singapore
2730,SaaS companies agencies offering review generation in Singapore
2731,SaaS companies agencies offering testimonial marketing in Singapore
2732,SaaS companies agencies offering social proof marketing in Singapore
2733,SaaS companies startups collecting customer feedback in Singapore
2734,SaaS companies startups using testimonials in Singapore
2735,SaaS companies startups using social proof in Singapore
2736,SaaS companies businesses needing more customer reviews in Singapore
2737,SaaS companies businesses using testimonials in Singapore
2738,SaaS companies businesses improving customer trust in Singapore
2739,SaaS companies businesses improving conversion rates in Singapore
2740,SaaS companies companies customer success stories in Singapore
2741,SaaS companies companies customer advocacy in Singapore
2742,SaaS companies companies referral marketing in Singapore
2743,SaaS companies companies brand trust in Singapore
2744,SaaS companies companies conversion optimization in Singapore
2745,SaaS companies companies website conversion in Singapore
2746,SaaS companies companies client testimonial examples in Singapore
2747,SaaS companies companies customer review examples in Singapore
2748,SaaS companies companies customer testimonial examples in Singapore
2749,SaaS companies companies customer feedback in Singapore
2750,SaaS companies companies customer experience in Singapore
2751,SaaS companies companies customer advocacy programs in Singapore
2752,SaaS companies companies testimonial collection software in Singapore
2753,SaaS companies companies review collection software in Singapore
2754,SaaS companies companies video testimonial software in Singapore
2755,SaaS companies companies social proof software in Singapore
2756,SaaS companies companies reputation management software in Singapore
2757,SaaS companies companies customer feedback platform in Singapore
2758,SaaS companies companies testimonial platform in Singapore
2759,SaaS companies companies review management platform in Singapore
2760,SaaS companies businesses collecting customer feedback in Singapore
2761,SaaS companies businesses collecting customer testimonials in Singapore
2762,SaaS companies businesses collecting customer reviews in Singapore
2763,SaaS companies businesses using video reviews in Singapore
2764,SaaS companies businesses using customer stories in Singapore
2765,SaaS companies businesses using review widgets in Singapore
2766,SaaS companies businesses using testimonial widgets in Singapore
2767,SaaS companies businesses showcasing testimonials in Singapore
2768,SaaS companies businesses showcasing reviews in Singapore
2769,SaaS companies businesses showcasing customer stories in Singapore
2770,SaaS companies businesses needing social proof in Singapore
2771,SaaS companies businesses needing testimonial marketing in Singapore
2772,SaaS companies businesses needing customer feedback software in Singapore
2773,SaaS companies agencies serving startups in Singapore
2774,SaaS companies agencies serving SaaS companies in Singapore
2775,SaaS companies agencies serving small businesses in Singapore
2776,SaaS companies agencies serving ecommerce brands in Singapore
2777,SaaS companies agencies serving B2B companies in Singapore
2778,SaaS companies agencies serving local businesses in Singapore
2779,SaaS companies agencies partnering with SaaS companies in Singapore
2780,SaaS companies agencies partnering with software companies in Singapore
2781,SaaS companies agencies offering white label services in Singapore
2782,SaaS companies agencies offering SaaS solutions in Singapore
2783,SaaS companies agencies offering customer feedback solutions in Singapore
2784,SaaS companies agencies offering review management in Singapore
2785,SaaS companies agencies offering testimonial collection in Singapore
2786,SaaS companies agencies offering social proof services in Singapore
2787,SaaS companies companies using customer feedback platforms in Singapore
2788,SaaS companies companies using testimonial platforms in Singapore
2789,SaaS companies companies using review management platforms in Singapore
2790,SaaS companies companies using customer advocacy platforms in Singapore
2791,SaaS companies companies improving customer experience in Singapore
2792,SaaS companies companies improving customer trust in Singapore
2793,SaaS companies companies improving website conversion in Singapore
2794,SaaS companies companies improving lead conversion in Singapore
2795,SaaS companies companies improving online reputation in Singapore
2796,SaaS companies companies building customer trust in Singapore
2797,SaaS companies companies collecting video reviews in Singapore
2798,SaaS companies companies collecting video testimonials in Singapore
2799,SaaS companies companies collecting client feedback in Singapore
2800,SaaS companies companies collecting customer stories in Singapore
2801,SaaS companies in London UK
2802,best SaaS companies in London UK
2803,top SaaS companies in London UK
2804,SaaS companies looking for customer testimonials in London UK
2805,SaaS companies testimonial marketing in London UK
2806,SaaS companies customer review management in London UK
2807,SaaS companies social proof marketing in London UK
2808,SaaS companies review collection in London UK
2809,SaaS companies customer feedback software in London UK
2810,SaaS companies testimonial software in London UK
2811,SaaS companies review software in London UK
2812,SaaS companies feedback software in London UK
2813,SaaS companies reputation management in London UK
2814,SaaS companies customer success teams in London UK
2815,SaaS companies marketing teams in London UK
2816,SaaS companies founders in London UK
2817,SaaS companies business owners in London UK
2818,SaaS companies growth marketing in London UK
2819,SaaS companies digital marketing in London UK
2820,SaaS companies online reviews in London UK
2821,SaaS companies case studies in London UK
2822,SaaS companies video testimonials in London UK
2823,SaaS companies customer stories in London UK
2824,SaaS companies companies collecting testimonials in London UK
2825,SaaS companies companies collecting customer reviews in London UK
2826,SaaS companies companies using social proof in London UK
2827,SaaS companies companies using video testimonials in London UK
2828,SaaS companies companies needing more reviews in London UK
2829,SaaS companies companies needing testimonial software in London UK
2830,SaaS companies companies needing customer feedback tools in London UK
2831,SaaS companies companies embedding testimonials on websites in London UK
2832,SaaS companies companies showcasing customer reviews in London UK
2833,SaaS companies companies showcasing customer stories in London UK
2834,SaaS companies companies using review widgets in London UK
2835,SaaS companies companies using testimonial widgets in London UK
2836,SaaS companies companies building Wall of Love pages in London UK
2837,SaaS companies agencies looking for SaaS partners in London UK
2838,SaaS companies agencies looking for technology partners in London UK
2839,SaaS companies agencies looking for white label software in London UK
2840,SaaS companies agencies looking for software partners in London UK
2841,SaaS companies agencies offering reputation management in London UK
2842,SaaS companies agencies offering review generation in London UK
2843,SaaS companies agencies offering testimonial marketing in London UK
2844,SaaS companies agencies offering social proof marketing in London UK
2845,SaaS companies startups collecting customer feedback in London UK
2846,SaaS companies startups using testimonials in London UK
2847,SaaS companies startups using social proof in London UK
2848,SaaS companies businesses needing more customer reviews in London UK
2849,SaaS companies businesses using testimonials in London UK
2850,SaaS companies businesses improving customer trust in London UK
2851,SaaS companies businesses improving conversion rates in London UK
2852,SaaS companies companies customer success stories in London UK
2853,SaaS companies companies customer advocacy in London UK
2854,SaaS companies companies referral marketing in London UK
2855,SaaS companies companies brand trust in London UK
2856,SaaS companies companies conversion optimization in London UK
2857,SaaS companies companies website conversion in London UK
2858,SaaS companies companies client testimonial examples in London UK
2859,SaaS companies companies customer review examples in London UK
2860,SaaS companies companies customer testimonial examples in London UK
2861,SaaS companies companies customer feedback in London UK
2862,SaaS companies companies customer experience in London UK
2863,SaaS companies companies customer advocacy programs in London UK
2864,SaaS companies companies testimonial collection software in London UK
2865,SaaS companies companies review collection software in London UK
2866,SaaS companies companies video testimonial software in London UK
2867,SaaS companies companies social proof software in London UK
2868,SaaS companies companies reputation management software in London UK
2869,SaaS companies companies customer feedback platform in London UK
2870,SaaS companies companies testimonial platform in London UK
2871,SaaS companies companies review management platform in London UK
2872,SaaS companies businesses collecting customer feedback in London UK
2873,SaaS companies businesses collecting customer testimonials in London UK
2874,SaaS companies businesses collecting customer reviews in London UK
2875,SaaS companies businesses using video reviews in London UK
2876,SaaS companies businesses using customer stories in London UK
2877,SaaS companies businesses using review widgets in London UK
2878,SaaS companies businesses using testimonial widgets in London UK
2879,SaaS companies businesses showcasing testimonials in London UK
2880,SaaS companies businesses showcasing reviews in London UK
2881,SaaS companies businesses showcasing customer stories in London UK
2882,SaaS companies businesses needing social proof in London UK
2883,SaaS companies businesses needing testimonial marketing in London UK
2884,SaaS companies businesses needing customer feedback software in London UK
2885,SaaS companies agencies serving startups in London UK
2886,SaaS companies agencies serving SaaS companies in London UK
2887,SaaS companies agencies serving small businesses in London UK
2888,SaaS companies agencies serving ecommerce brands in London UK
2889,SaaS companies agencies serving B2B companies in London UK
2890,SaaS companies agencies serving local businesses in London UK
2891,SaaS companies agencies partnering with SaaS companies in London UK
2892,SaaS companies agencies partnering with software companies in London UK
2893,SaaS companies agencies offering white label services in London UK
2894,SaaS companies agencies offering SaaS solutions in London UK
2895,SaaS companies agencies offering customer feedback solutions in London UK
2896,SaaS companies agencies offering review management in London UK
2897,SaaS companies agencies offering testimonial collection in London UK
2898,SaaS companies agencies offering social proof services in London UK
2899,SaaS companies companies using customer feedback platforms in London UK
2900,SaaS companies companies using testimonial platforms in London UK
2901,SaaS companies companies using review management platforms in London UK
2902,SaaS companies companies using customer advocacy platforms in London UK
2903,SaaS companies companies improving customer experience in London UK
2904,SaaS companies companies improving customer trust in London UK
2905,SaaS companies companies improving website conversion in London UK
2906,SaaS companies companies improving lead conversion in London UK
2907,SaaS companies companies improving online reputation in London UK
2908,SaaS companies companies building customer trust in London UK
2909,SaaS companies companies collecting video reviews in London UK
2910,SaaS companies companies collecting video testimonials in London UK
2911,SaaS companies companies collecting client feedback in London UK
2912,SaaS companies companies collecting customer stories in London UK
2913,SaaS companies in Manchester UK
2914,best SaaS companies in Manchester UK
2915,top SaaS companies in Manchester UK
2916,SaaS companies looking for customer testimonials in Manchester UK
2917,SaaS companies testimonial marketing in Manchester UK
2918,SaaS companies customer review management in Manchester UK
2919,SaaS companies social proof marketing in Manchester UK
2920,SaaS companies review collection in Manchester UK
2921,SaaS companies customer feedback software in Manchester UK
2922,SaaS companies testimonial software in Manchester UK
2923,SaaS companies review software in Manchester UK
2924,SaaS companies feedback software in Manchester UK
2925,SaaS companies reputation management in Manchester UK
2926,SaaS companies customer success teams in Manchester UK
2927,SaaS companies marketing teams in Manchester UK
2928,SaaS companies founders in Manchester UK
2929,SaaS companies business owners in Manchester UK
2930,SaaS companies growth marketing in Manchester UK
2931,SaaS companies digital marketing in Manchester UK
2932,SaaS companies online reviews in Manchester UK
2933,SaaS companies case studies in Manchester UK
2934,SaaS companies video testimonials in Manchester UK
2935,SaaS companies customer stories in Manchester UK
2936,SaaS companies companies collecting testimonials in Manchester UK
2937,SaaS companies companies collecting customer reviews in Manchester UK
2938,SaaS companies companies using social proof in Manchester UK
2939,SaaS companies companies using video testimonials in Manchester UK
2940,SaaS companies companies needing more reviews in Manchester UK
2941,SaaS companies companies needing testimonial software in Manchester UK
2942,SaaS companies companies needing customer feedback tools in Manchester UK
2943,SaaS companies companies embedding testimonials on websites in Manchester UK
2944,SaaS companies companies showcasing customer reviews in Manchester UK
2945,SaaS companies companies showcasing customer stories in Manchester UK
2946,SaaS companies companies using review widgets in Manchester UK
2947,SaaS companies companies using testimonial widgets in Manchester UK
2948,SaaS companies companies building Wall of Love pages in Manchester UK
2949,SaaS companies agencies looking for SaaS partners in Manchester UK
2950,SaaS companies agencies looking for technology partners in Manchester UK
2951,SaaS companies agencies looking for white label software in Manchester UK
2952,SaaS companies agencies looking for software partners in Manchester UK
2953,SaaS companies agencies offering reputation management in Manchester UK
2954,SaaS companies agencies offering review generation in Manchester UK
2955,SaaS companies agencies offering testimonial marketing in Manchester UK
2956,SaaS companies agencies offering social proof marketing in Manchester UK
2957,SaaS companies startups collecting customer feedback in Manchester UK
2958,SaaS companies startups using testimonials in Manchester UK
2959,SaaS companies startups using social proof in Manchester UK
2960,SaaS companies businesses needing more customer reviews in Manchester UK
2961,SaaS companies businesses using testimonials in Manchester UK
2962,SaaS companies businesses improving customer trust in Manchester UK
2963,SaaS companies businesses improving conversion rates in Manchester UK
2964,SaaS companies companies customer success stories in Manchester UK
2965,SaaS companies companies customer advocacy in Manchester UK
2966,SaaS companies companies referral marketing in Manchester UK
2967,SaaS companies companies brand trust in Manchester UK
2968,SaaS companies companies conversion optimization in Manchester UK
2969,SaaS companies companies website conversion in Manchester UK
2970,SaaS companies companies client testimonial examples in Manchester UK
2971,SaaS companies companies customer review examples in Manchester UK
2972,SaaS companies companies customer testimonial examples in Manchester UK
2973,SaaS companies companies customer feedback in Manchester UK
2974,SaaS companies companies customer experience in Manchester UK
2975,SaaS companies companies customer advocacy programs in Manchester UK
2976,SaaS companies companies testimonial collection software in Manchester UK
2977,SaaS companies companies review collection software in Manchester UK
2978,SaaS companies companies video testimonial software in Manchester UK
2979,SaaS companies companies social proof software in Manchester UK
2980,SaaS companies companies reputation management software in Manchester UK
2981,SaaS companies companies customer feedback platform in Manchester UK
2982,SaaS companies companies testimonial platform in Manchester UK
2983,SaaS companies companies review management platform in Manchester UK
2984,SaaS companies businesses collecting customer feedback in Manchester UK
2985,SaaS companies businesses collecting customer testimonials in Manchester UK
2986,SaaS companies businesses collecting customer reviews in Manchester UK
2987,SaaS companies businesses using video reviews in Manchester UK
2988,SaaS companies businesses using customer stories in Manchester UK
2989,SaaS companies businesses using review widgets in Manchester UK
2990,SaaS companies businesses using testimonial widgets in Manchester UK
2991,SaaS companies businesses showcasing testimonials in Manchester UK
2992,SaaS companies businesses showcasing reviews in Manchester UK
2993,SaaS companies businesses showcasing customer stories in Manchester UK
2994,SaaS companies businesses needing social proof in Manchester UK
2995,SaaS companies businesses needing testimonial marketing in Manchester UK
2996,SaaS companies businesses needing customer feedback software in Manchester UK
2997,SaaS companies agencies serving startups in Manchester UK
2998,SaaS companies agencies serving SaaS companies in Manchester UK
2999,SaaS companies agencies serving small businesses in Manchester UK
3000,SaaS companies agencies serving ecommerce brands in Manchester UK
3001,SaaS companies agencies serving B2B companies in Manchester UK
3002,SaaS companies agencies serving local businesses in Manchester UK
3003,SaaS companies agencies partnering with SaaS companies in Manchester UK
3004,SaaS companies agencies partnering with software companies in Manchester UK
3005,SaaS companies agencies offering white label services in Manchester UK
3006,SaaS companies agencies offering SaaS solutions in Manchester UK
3007,SaaS companies agencies offering customer feedback solutions in Manchester UK
3008,SaaS companies agencies offering review management in Manchester UK
3009,SaaS companies agencies offering testimonial collection in Manchester UK
3010,SaaS companies agencies offering social proof services in Manchester UK
3011,SaaS companies companies using customer feedback platforms in Manchester UK
3012,SaaS companies companies using testimonial platforms in Manchester UK
3013,SaaS companies companies using review management platforms in Manchester UK
3014,SaaS companies companies using customer advocacy platforms in Manchester UK
3015,SaaS companies companies improving customer experience in Manchester UK
3016,SaaS companies companies improving customer trust in Manchester UK
3017,SaaS companies companies improving website conversion in Manchester UK
3018,SaaS companies companies improving lead conversion in Manchester UK
3019,SaaS companies companies improving online reputation in Manchester UK
3020,SaaS companies companies building customer trust in Manchester UK
3021,SaaS companies companies collecting video reviews in Manchester UK
3022,SaaS companies companies collecting video testimonials in Manchester UK
3023,SaaS companies companies collecting client feedback in Manchester UK
3024,SaaS companies companies collecting customer stories in Manchester UK
3025,SaaS companies in Birmingham UK
3026,best SaaS companies in Birmingham UK
3027,top SaaS companies in Birmingham UK
3028,SaaS companies looking for customer testimonials in Birmingham UK
3029,SaaS companies testimonial marketing in Birmingham UK
3030,SaaS companies customer review management in Birmingham UK
3031,SaaS companies social proof marketing in Birmingham UK
3032,SaaS companies review collection in Birmingham UK
3033,SaaS companies customer feedback software in Birmingham UK
3034,SaaS companies testimonial software in Birmingham UK
3035,SaaS companies review software in Birmingham UK
3036,SaaS companies feedback software in Birmingham UK
3037,SaaS companies reputation management in Birmingham UK
3038,SaaS companies customer success teams in Birmingham UK
3039,SaaS companies marketing teams in Birmingham UK
3040,SaaS companies founders in Birmingham UK
3041,SaaS companies business owners in Birmingham UK
3042,SaaS companies growth marketing in Birmingham UK
3043,SaaS companies digital marketing in Birmingham UK
3044,SaaS companies online reviews in Birmingham UK
3045,SaaS companies case studies in Birmingham UK
3046,SaaS companies video testimonials in Birmingham UK
3047,SaaS companies customer stories in Birmingham UK
3048,SaaS companies companies collecting testimonials in Birmingham UK
3049,SaaS companies companies collecting customer reviews in Birmingham UK
3050,SaaS companies companies using social proof in Birmingham UK
3051,SaaS companies companies using video testimonials in Birmingham UK
3052,SaaS companies companies needing more reviews in Birmingham UK
3053,SaaS companies companies needing testimonial software in Birmingham UK
3054,SaaS companies companies needing customer feedback tools in Birmingham UK
3055,SaaS companies companies embedding testimonials on websites in Birmingham UK
3056,SaaS companies companies showcasing customer reviews in Birmingham UK
3057,SaaS companies companies showcasing customer stories in Birmingham UK
3058,SaaS companies companies using review widgets in Birmingham UK
3059,SaaS companies companies using testimonial widgets in Birmingham UK
3060,SaaS companies companies building Wall of Love pages in Birmingham UK
3061,SaaS companies agencies looking for SaaS partners in Birmingham UK
3062,SaaS companies agencies looking for technology partners in Birmingham UK
3063,SaaS companies agencies looking for white label software in Birmingham UK
3064,SaaS companies agencies looking for software partners in Birmingham UK
3065,SaaS companies agencies offering reputation management in Birmingham UK
3066,SaaS companies agencies offering review generation in Birmingham UK
3067,SaaS companies agencies offering testimonial marketing in Birmingham UK
3068,SaaS companies agencies offering social proof marketing in Birmingham UK
3069,SaaS companies startups collecting customer feedback in Birmingham UK
3070,SaaS companies startups using testimonials in Birmingham UK
3071,SaaS companies startups using social proof in Birmingham UK
3072,SaaS companies businesses needing more customer reviews in Birmingham UK
3073,SaaS companies businesses using testimonials in Birmingham UK
3074,SaaS companies businesses improving customer trust in Birmingham UK
3075,SaaS companies businesses improving conversion rates in Birmingham UK
3076,SaaS companies companies customer success stories in Birmingham UK
3077,SaaS companies companies customer advocacy in Birmingham UK
3078,SaaS companies companies referral marketing in Birmingham UK
3079,SaaS companies companies brand trust in Birmingham UK
3080,SaaS companies companies conversion optimization in Birmingham UK
3081,SaaS companies companies website conversion in Birmingham UK
3082,SaaS companies companies client testimonial examples in Birmingham UK
3083,SaaS companies companies customer review examples in Birmingham UK
3084,SaaS companies companies customer testimonial examples in Birmingham UK
3085,SaaS companies companies customer feedback in Birmingham UK
3086,SaaS companies companies customer experience in Birmingham UK
3087,SaaS companies companies customer advocacy programs in Birmingham UK
3088,SaaS companies companies testimonial collection software in Birmingham UK
3089,SaaS companies companies review collection software in Birmingham UK
3090,SaaS companies companies video testimonial software in Birmingham UK
3091,SaaS companies companies social proof software in Birmingham UK
3092,SaaS companies companies reputation management software in Birmingham UK
3093,SaaS companies companies customer feedback platform in Birmingham UK
3094,SaaS companies companies testimonial platform in Birmingham UK
3095,SaaS companies companies review management platform in Birmingham UK
3096,SaaS companies businesses collecting customer feedback in Birmingham UK
3097,SaaS companies businesses collecting customer testimonials in Birmingham UK
3098,SaaS companies businesses collecting customer reviews in Birmingham UK
3099,SaaS companies businesses using video reviews in Birmingham UK
3100,SaaS companies businesses using customer stories in Birmingham UK
3101,SaaS companies businesses using review widgets in Birmingham UK
3102,SaaS companies businesses using testimonial widgets in Birmingham UK
3103,SaaS companies businesses showcasing testimonials in Birmingham UK
3104,SaaS companies businesses showcasing reviews in Birmingham UK
3105,SaaS companies businesses showcasing customer stories in Birmingham UK
3106,SaaS companies businesses needing social proof in Birmingham UK
3107,SaaS companies businesses needing testimonial marketing in Birmingham UK
3108,SaaS companies businesses needing customer feedback software in Birmingham UK
3109,SaaS companies agencies serving startups in Birmingham UK
3110,SaaS companies agencies serving SaaS companies in Birmingham UK
3111,SaaS companies agencies serving small businesses in Birmingham UK
3112,SaaS companies agencies serving ecommerce brands in Birmingham UK
3113,SaaS companies agencies serving B2B companies in Birmingham UK
3114,SaaS companies agencies serving local businesses in Birmingham UK
3115,SaaS companies agencies partnering with SaaS companies in Birmingham UK
3116,SaaS companies agencies partnering with software companies in Birmingham UK
3117,SaaS companies agencies offering white label services in Birmingham UK
3118,SaaS companies agencies offering SaaS solutions in Birmingham UK
3119,SaaS companies agencies offering customer feedback solutions in Birmingham UK
3120,SaaS companies agencies offering review management in Birmingham UK
3121,SaaS companies agencies offering testimonial collection in Birmingham UK
3122,SaaS companies agencies offering social proof services in Birmingham UK
3123,SaaS companies companies using customer feedback platforms in Birmingham UK
3124,SaaS companies companies using testimonial platforms in Birmingham UK
3125,SaaS companies companies using review management platforms in Birmingham UK
3126,SaaS companies companies using customer advocacy platforms in Birmingham UK
3127,SaaS companies companies improving customer experience in Birmingham UK
3128,SaaS companies companies improving customer trust in Birmingham UK
3129,SaaS companies companies improving website conversion in Birmingham UK
3130,SaaS companies companies improving lead conversion in Birmingham UK
3131,SaaS companies companies improving online reputation in Birmingham UK
3132,SaaS companies companies building customer trust in Birmingham UK
3133,SaaS companies companies collecting video reviews in Birmingham UK
3134,SaaS companies companies collecting video testimonials in Birmingham UK
3135,SaaS companies companies collecting client feedback in Birmingham UK
3136,SaaS companies companies collecting customer stories in Birmingham UK
3137,SaaS companies in New York USA
3138,best SaaS companies in New York USA
3139,top SaaS companies in New York USA
3140,SaaS companies looking for customer testimonials in New York USA
3141,SaaS companies testimonial marketing in New York USA
3142,SaaS companies customer review management in New York USA
3143,SaaS companies social proof marketing in New York USA
3144,SaaS companies review collection in New York USA
3145,SaaS companies customer feedback software in New York USA
3146,SaaS companies testimonial software in New York USA
3147,SaaS companies review software in New York USA
3148,SaaS companies feedback software in New York USA
3149,SaaS companies reputation management in New York USA
3150,SaaS companies customer success teams in New York USA
3151,SaaS companies marketing teams in New York USA
3152,SaaS companies founders in New York USA
3153,SaaS companies business owners in New York USA
3154,SaaS companies growth marketing in New York USA
3155,SaaS companies digital marketing in New York USA
3156,SaaS companies online reviews in New York USA
3157,SaaS companies case studies in New York USA
3158,SaaS companies video testimonials in New York USA
3159,SaaS companies customer stories in New York USA
3160,SaaS companies companies collecting testimonials in New York USA
3161,SaaS companies companies collecting customer reviews in New York USA
3162,SaaS companies companies using social proof in New York USA
3163,SaaS companies companies using video testimonials in New York USA
3164,SaaS companies companies needing more reviews in New York USA
3165,SaaS companies companies needing testimonial software in New York USA
3166,SaaS companies companies needing customer feedback tools in New York USA
3167,SaaS companies companies embedding testimonials on websites in New York USA
3168,SaaS companies companies showcasing customer reviews in New York USA
3169,SaaS companies companies showcasing customer stories in New York USA
3170,SaaS companies companies using review widgets in New York USA
3171,SaaS companies companies using testimonial widgets in New York USA
3172,SaaS companies companies building Wall of Love pages in New York USA
3173,SaaS companies agencies looking for SaaS partners in New York USA
3174,SaaS companies agencies looking for technology partners in New York USA
3175,SaaS companies agencies looking for white label software in New York USA
3176,SaaS companies agencies looking for software partners in New York USA
3177,SaaS companies agencies offering reputation management in New York USA
3178,SaaS companies agencies offering review generation in New York USA
3179,SaaS companies agencies offering testimonial marketing in New York USA
3180,SaaS companies agencies offering social proof marketing in New York USA
3181,SaaS companies startups collecting customer feedback in New York USA
3182,SaaS companies startups using testimonials in New York USA
3183,SaaS companies startups using social proof in New York USA
3184,SaaS companies businesses needing more customer reviews in New York USA
3185,SaaS companies businesses using testimonials in New York USA
3186,SaaS companies businesses improving customer trust in New York USA
3187,SaaS companies businesses improving conversion rates in New York USA
3188,SaaS companies companies customer success stories in New York USA
3189,SaaS companies companies customer advocacy in New York USA
3190,SaaS companies companies referral marketing in New York USA
3191,SaaS companies companies brand trust in New York USA
3192,SaaS companies companies conversion optimization in New York USA
3193,SaaS companies companies website conversion in New York USA
3194,SaaS companies companies client testimonial examples in New York USA
3195,SaaS companies companies customer review examples in New York USA
3196,SaaS companies companies customer testimonial examples in New York USA
3197,SaaS companies companies customer feedback in New York USA
3198,SaaS companies companies customer experience in New York USA
3199,SaaS companies companies customer advocacy programs in New York USA
3200,SaaS companies companies testimonial collection software in New York USA
3201,SaaS companies companies review collection software in New York USA
3202,SaaS companies companies video testimonial software in New York USA
3203,SaaS companies companies social proof software in New York USA
3204,SaaS companies companies reputation management software in New York USA
3205,SaaS companies companies customer feedback platform in New York USA
3206,SaaS companies companies testimonial platform in New York USA
3207,SaaS companies companies review management platform in New York USA
3208,SaaS companies businesses collecting customer feedback in New York USA
3209,SaaS companies businesses collecting customer testimonials in New York USA
3210,SaaS companies businesses collecting customer reviews in New York USA
3211,SaaS companies businesses using video reviews in New York USA
3212,SaaS companies businesses using customer stories in New York USA
3213,SaaS companies businesses using review widgets in New York USA
3214,SaaS companies businesses using testimonial widgets in New York USA
3215,SaaS companies businesses showcasing testimonials in New York USA
3216,SaaS companies businesses showcasing reviews in New York USA
3217,SaaS companies businesses showcasing customer stories in New York USA
3218,SaaS companies businesses needing social proof in New York USA
3219,SaaS companies businesses needing testimonial marketing in New York USA
3220,SaaS companies businesses needing customer feedback software in New York USA
3221,SaaS companies agencies serving startups in New York USA
3222,SaaS companies agencies serving SaaS companies in New York USA
3223,SaaS companies agencies serving small businesses in New York USA
3224,SaaS companies agencies serving ecommerce brands in New York USA
3225,SaaS companies agencies serving B2B companies in New York USA
3226,SaaS companies agencies serving local businesses in New York USA
3227,SaaS companies agencies partnering with SaaS companies in New York USA
3228,SaaS companies agencies partnering with software companies in New York USA
3229,SaaS companies agencies offering white label services in New York USA
3230,SaaS companies agencies offering SaaS solutions in New York USA
3231,SaaS companies agencies offering customer feedback solutions in New York USA
3232,SaaS companies agencies offering review management in New York USA
3233,SaaS companies agencies offering testimonial collection in New York USA
3234,SaaS companies agencies offering social proof services in New York USA
3235,SaaS companies companies using customer feedback platforms in New York USA
3236,SaaS companies companies using testimonial platforms in New York USA
3237,SaaS companies companies using review management platforms in New York USA
3238,SaaS companies companies using customer advocacy platforms in New York USA
3239,SaaS companies companies improving customer experience in New York USA
3240,SaaS companies companies improving customer trust in New York USA
3241,SaaS companies companies improving website conversion in New York USA
3242,SaaS companies companies improving lead conversion in New York USA
3243,SaaS companies companies improving online reputation in New York USA
3244,SaaS companies companies building customer trust in New York USA
3245,SaaS companies companies collecting video reviews in New York USA
3246,SaaS companies companies collecting video testimonials in New York USA
3247,SaaS companies companies collecting client feedback in New York USA
3248,SaaS companies companies collecting customer stories in New York USA
3249,SaaS companies in Los Angeles USA
3250,best SaaS companies in Los Angeles USA
3251,top SaaS companies in Los Angeles USA
3252,SaaS companies looking for customer testimonials in Los Angeles USA
3253,SaaS companies testimonial marketing in Los Angeles USA
3254,SaaS companies customer review management in Los Angeles USA
3255,SaaS companies social proof marketing in Los Angeles USA
3256,SaaS companies review collection in Los Angeles USA
3257,SaaS companies customer feedback software in Los Angeles USA
3258,SaaS companies testimonial software in Los Angeles USA
3259,SaaS companies review software in Los Angeles USA
3260,SaaS companies feedback software in Los Angeles USA
3261,SaaS companies reputation management in Los Angeles USA
3262,SaaS companies customer success teams in Los Angeles USA
3263,SaaS companies marketing teams in Los Angeles USA
3264,SaaS companies founders in Los Angeles USA
3265,SaaS companies business owners in Los Angeles USA
3266,SaaS companies growth marketing in Los Angeles USA
3267,SaaS companies digital marketing in Los Angeles USA
3268,SaaS companies online reviews in Los Angeles USA
3269,SaaS companies case studies in Los Angeles USA
3270,SaaS companies video testimonials in Los Angeles USA
3271,SaaS companies customer stories in Los Angeles USA
3272,SaaS companies companies collecting testimonials in Los Angeles USA
3273,SaaS companies companies collecting customer reviews in Los Angeles USA
3274,SaaS companies companies using social proof in Los Angeles USA
3275,SaaS companies companies using video testimonials in Los Angeles USA
3276,SaaS companies companies needing more reviews in Los Angeles USA
3277,SaaS companies companies needing testimonial software in Los Angeles USA
3278,SaaS companies companies needing customer feedback tools in Los Angeles USA
3279,SaaS companies companies embedding testimonials on websites in Los Angeles USA
3280,SaaS companies companies showcasing customer reviews in Los Angeles USA
3281,SaaS companies companies showcasing customer stories in Los Angeles USA
3282,SaaS companies companies using review widgets in Los Angeles USA
3283,SaaS companies companies using testimonial widgets in Los Angeles USA
3284,SaaS companies companies building Wall of Love pages in Los Angeles USA
3285,SaaS companies agencies looking for SaaS partners in Los Angeles USA
3286,SaaS companies agencies looking for technology partners in Los Angeles USA
3287,SaaS companies agencies looking for white label software in Los Angeles USA
3288,SaaS companies agencies looking for software partners in Los Angeles USA
3289,SaaS companies agencies offering reputation management in Los Angeles USA
3290,SaaS companies agencies offering review generation in Los Angeles USA
3291,SaaS companies agencies offering testimonial marketing in Los Angeles USA
3292,SaaS companies agencies offering social proof marketing in Los Angeles USA
3293,SaaS companies startups collecting customer feedback in Los Angeles USA
3294,SaaS companies startups using testimonials in Los Angeles USA
3295,SaaS companies startups using social proof in Los Angeles USA
3296,SaaS companies businesses needing more customer reviews in Los Angeles USA
3297,SaaS companies businesses using testimonials in Los Angeles USA
3298,SaaS companies businesses improving customer trust in Los Angeles USA
3299,SaaS companies businesses improving conversion rates in Los Angeles USA
3300,SaaS companies companies customer success stories in Los Angeles USA
3301,SaaS companies companies customer advocacy in Los Angeles USA
3302,SaaS companies companies referral marketing in Los Angeles USA
3303,SaaS companies companies brand trust in Los Angeles USA
3304,SaaS companies companies conversion optimization in Los Angeles USA
3305,SaaS companies companies website conversion in Los Angeles USA
3306,SaaS companies companies client testimonial examples in Los Angeles USA
3307,SaaS companies companies customer review examples in Los Angeles USA
3308,SaaS companies companies customer testimonial examples in Los Angeles USA
3309,SaaS companies companies customer feedback in Los Angeles USA
3310,SaaS companies companies customer experience in Los Angeles USA
3311,SaaS companies companies customer advocacy programs in Los Angeles USA
3312,SaaS companies companies testimonial collection software in Los Angeles USA
3313,SaaS companies companies review collection software in Los Angeles USA
3314,SaaS companies companies video testimonial software in Los Angeles USA
3315,SaaS companies companies social proof software in Los Angeles USA
3316,SaaS companies companies reputation management software in Los Angeles USA
3317,SaaS companies companies customer feedback platform in Los Angeles USA
3318,SaaS companies companies testimonial platform in Los Angeles USA
3319,SaaS companies companies review management platform in Los Angeles USA
3320,SaaS companies businesses collecting customer feedback in Los Angeles USA
3321,SaaS companies businesses collecting customer testimonials in Los Angeles USA
3322,SaaS companies businesses collecting customer reviews in Los Angeles USA
3323,SaaS companies businesses using video reviews in Los Angeles USA
3324,SaaS companies businesses using customer stories in Los Angeles USA
3325,SaaS companies businesses using review widgets in Los Angeles USA
3326,SaaS companies businesses using testimonial widgets in Los Angeles USA
3327,SaaS companies businesses showcasing testimonials in Los Angeles USA
3328,SaaS companies businesses showcasing reviews in Los Angeles USA
3329,SaaS companies businesses showcasing customer stories in Los Angeles USA
3330,SaaS companies businesses needing social proof in Los Angeles USA
3331,SaaS companies businesses needing testimonial marketing in Los Angeles USA
3332,SaaS companies businesses needing customer feedback software in Los Angeles USA
3333,SaaS companies agencies serving startups in Los Angeles USA
3334,SaaS companies agencies serving SaaS companies in Los Angeles USA
3335,SaaS companies agencies serving small businesses in Los Angeles USA
3336,SaaS companies agencies serving ecommerce brands in Los Angeles USA
3337,SaaS companies agencies serving B2B companies in Los Angeles USA
3338,SaaS companies agencies serving local businesses in Los Angeles USA
3339,SaaS companies agencies partnering with SaaS companies in Los Angeles USA
3340,SaaS companies agencies partnering with software companies in Los Angeles USA
3341,SaaS companies agencies offering white label services in Los Angeles USA
3342,SaaS companies agencies offering SaaS solutions in Los Angeles USA
3343,SaaS companies agencies offering customer feedback solutions in Los Angeles USA
3344,SaaS companies agencies offering review management in Los Angeles USA
3345,SaaS companies agencies offering testimonial collection in Los Angeles USA
3346,SaaS companies agencies offering social proof services in Los Angeles USA
3347,SaaS companies companies using customer feedback platforms in Los Angeles USA
3348,SaaS companies companies using testimonial platforms in Los Angeles USA
3349,SaaS companies companies using review management platforms in Los Angeles USA
3350,SaaS companies companies using customer advocacy platforms in Los Angeles USA
3351,SaaS companies companies improving customer experience in Los Angeles USA
3352,SaaS companies companies improving customer trust in Los Angeles USA
3353,SaaS companies companies improving website conversion in Los Angeles USA
3354,SaaS companies companies improving lead conversion in Los Angeles USA
3355,SaaS companies companies improving online reputation in Los Angeles USA
3356,SaaS companies companies building customer trust in Los Angeles USA
3357,SaaS companies companies collecting video reviews in Los Angeles USA
3358,SaaS companies companies collecting video testimonials in Los Angeles USA
3359,SaaS companies companies collecting client feedback in Los Angeles USA
3360,SaaS companies companies collecting customer stories in Los Angeles USA
3361,SaaS companies in San Francisco USA
3362,best SaaS companies in San Francisco USA
3363,top SaaS companies in San Francisco USA
3364,SaaS companies looking for customer testimonials in San Francisco USA
3365,SaaS companies testimonial marketing in San Francisco USA
3366,SaaS companies customer review management in San Francisco USA
3367,SaaS companies social proof marketing in San Francisco USA
3368,SaaS companies review collection in San Francisco USA
3369,SaaS companies customer feedback software in San Francisco USA
3370,SaaS companies testimonial software in San Francisco USA
3371,SaaS companies review software in San Francisco USA
3372,SaaS companies feedback software in San Francisco USA
3373,SaaS companies reputation management in San Francisco USA
3374,SaaS companies customer success teams in San Francisco USA
3375,SaaS companies marketing teams in San Francisco USA
3376,SaaS companies founders in San Francisco USA
3377,SaaS companies business owners in San Francisco USA
3378,SaaS companies growth marketing in San Francisco USA
3379,SaaS companies digital marketing in San Francisco USA
3380,SaaS companies online reviews in San Francisco USA
3381,SaaS companies case studies in San Francisco USA
3382,SaaS companies video testimonials in San Francisco USA
3383,SaaS companies customer stories in San Francisco USA
3384,SaaS companies companies collecting testimonials in San Francisco USA
3385,SaaS companies companies collecting customer reviews in San Francisco USA
3386,SaaS companies companies using social proof in San Francisco USA
3387,SaaS companies companies using video testimonials in San Francisco USA
3388,SaaS companies companies needing more reviews in San Francisco USA
3389,SaaS companies companies needing testimonial software in San Francisco USA
3390,SaaS companies companies needing customer feedback tools in San Francisco USA
3391,SaaS companies companies embedding testimonials on websites in San Francisco USA
3392,SaaS companies companies showcasing customer reviews in San Francisco USA
3393,SaaS companies companies showcasing customer stories in San Francisco USA
3394,SaaS companies companies using review widgets in San Francisco USA
3395,SaaS companies companies using testimonial widgets in San Francisco USA
3396,SaaS companies companies building Wall of Love pages in San Francisco USA
3397,SaaS companies agencies looking for SaaS partners in San Francisco USA
3398,SaaS companies agencies looking for technology partners in San Francisco USA
3399,SaaS companies agencies looking for white label software in San Francisco USA
3400,SaaS companies agencies looking for software partners in San Francisco USA
3401,SaaS companies agencies offering reputation management in San Francisco USA
3402,SaaS companies agencies offering review generation in San Francisco USA
3403,SaaS companies agencies offering testimonial marketing in San Francisco USA
3404,SaaS companies agencies offering social proof marketing in San Francisco USA
3405,SaaS companies startups collecting customer feedback in San Francisco USA
3406,SaaS companies startups using testimonials in San Francisco USA
3407,SaaS companies startups using social proof in San Francisco USA
3408,SaaS companies businesses needing more customer reviews in San Francisco USA
3409,SaaS companies businesses using testimonials in San Francisco USA
3410,SaaS companies businesses improving customer trust in San Francisco USA
3411,SaaS companies businesses improving conversion rates in San Francisco USA
3412,SaaS companies companies customer success stories in San Francisco USA
3413,SaaS companies companies customer advocacy in San Francisco USA
3414,SaaS companies companies referral marketing in San Francisco USA
3415,SaaS companies companies brand trust in San Francisco USA
3416,SaaS companies companies conversion optimization in San Francisco USA
3417,SaaS companies companies website conversion in San Francisco USA
3418,SaaS companies companies client testimonial examples in San Francisco USA
3419,SaaS companies companies customer review examples in San Francisco USA
3420,SaaS companies companies customer testimonial examples in San Francisco USA
3421,SaaS companies companies customer feedback in San Francisco USA
3422,SaaS companies companies customer experience in San Francisco USA
3423,SaaS companies companies customer advocacy programs in San Francisco USA
3424,SaaS companies companies testimonial collection software in San Francisco USA
3425,SaaS companies companies review collection software in San Francisco USA
3426,SaaS companies companies video testimonial software in San Francisco USA
3427,SaaS companies companies social proof software in San Francisco USA
3428,SaaS companies companies reputation management software in San Francisco USA
3429,SaaS companies companies customer feedback platform in San Francisco USA
3430,SaaS companies companies testimonial platform in San Francisco USA
3431,SaaS companies companies review management platform in San Francisco USA
3432,SaaS companies businesses collecting customer feedback in San Francisco USA
3433,SaaS companies businesses collecting customer testimonials in San Francisco USA
3434,SaaS companies businesses collecting customer reviews in San Francisco USA
3435,SaaS companies businesses using video reviews in San Francisco USA
3436,SaaS companies businesses using customer stories in San Francisco USA
3437,SaaS companies businesses using review widgets in San Francisco USA
3438,SaaS companies businesses using testimonial widgets in San Francisco USA
3439,SaaS companies businesses showcasing testimonials in San Francisco USA
3440,SaaS companies businesses showcasing reviews in San Francisco USA
3441,SaaS companies businesses showcasing customer stories in San Francisco USA
3442,SaaS companies businesses needing social proof in San Francisco USA
3443,SaaS companies businesses needing testimonial marketing in San Francisco USA
3444,SaaS companies businesses needing customer feedback software in San Francisco USA
3445,SaaS companies agencies serving startups in San Francisco USA
3446,SaaS companies agencies serving SaaS companies in San Francisco USA
3447,SaaS companies agencies serving small businesses in San Francisco USA
3448,SaaS companies agencies serving ecommerce brands in San Francisco USA
3449,SaaS companies agencies serving B2B companies in San Francisco USA
3450,SaaS companies agencies serving local businesses in San Francisco USA
3451,SaaS companies agencies partnering with SaaS companies in San Francisco USA
3452,SaaS companies agencies partnering with software companies in San Francisco USA
3453,SaaS companies agencies offering white label services in San Francisco USA
3454,SaaS companies agencies offering SaaS solutions in San Francisco USA
3455,SaaS companies agencies offering customer feedback solutions in San Francisco USA
3456,SaaS companies agencies offering review management in San Francisco USA
3457,SaaS companies agencies offering testimonial collection in San Francisco USA
3458,SaaS companies agencies offering social proof services in San Francisco USA
3459,SaaS companies companies using customer feedback platforms in San Francisco USA
3460,SaaS companies companies using testimonial platforms in San Francisco USA
3461,SaaS companies companies using review management platforms in San Francisco USA
3462,SaaS companies companies using customer advocacy platforms in San Francisco USA
3463,SaaS companies companies improving customer experience in San Francisco USA
3464,SaaS companies companies improving customer trust in San Francisco USA
3465,SaaS companies companies improving website conversion in San Francisco USA
3466,SaaS companies companies improving lead conversion in San Francisco USA
3467,SaaS companies companies improving online reputation in San Francisco USA
3468,SaaS companies companies building customer trust in San Francisco USA
3469,SaaS companies companies collecting video reviews in San Francisco USA
3470,SaaS companies companies collecting video testimonials in San Francisco USA
3471,SaaS companies companies collecting client feedback in San Francisco USA
3472,SaaS companies companies collecting customer stories in San Francisco USA
3473,SaaS companies in Chicago USA
3474,best SaaS companies in Chicago USA
3475,top SaaS companies in Chicago USA
3476,SaaS companies looking for customer testimonials in Chicago USA
3477,SaaS companies testimonial marketing in Chicago USA
3478,SaaS companies customer review management in Chicago USA
3479,SaaS companies social proof marketing in Chicago USA
3480,SaaS companies review collection in Chicago USA
3481,SaaS companies customer feedback software in Chicago USA
3482,SaaS companies testimonial software in Chicago USA
3483,SaaS companies review software in Chicago USA
3484,SaaS companies feedback software in Chicago USA
3485,SaaS companies reputation management in Chicago USA
3486,SaaS companies customer success teams in Chicago USA
3487,SaaS companies marketing teams in Chicago USA
3488,SaaS companies founders in Chicago USA
3489,SaaS companies business owners in Chicago USA
3490,SaaS companies growth marketing in Chicago USA
3491,SaaS companies digital marketing in Chicago USA
3492,SaaS companies online reviews in Chicago USA
3493,SaaS companies case studies in Chicago USA
3494,SaaS companies video testimonials in Chicago USA
3495,SaaS companies customer stories in Chicago USA
3496,SaaS companies companies collecting testimonials in Chicago USA
3497,SaaS companies companies collecting customer reviews in Chicago USA
3498,SaaS companies companies using social proof in Chicago USA
3499,SaaS companies companies using video testimonials in Chicago USA
3500,SaaS companies companies needing more reviews in Chicago USA
3501,SaaS companies companies needing testimonial software in Chicago USA
3502,SaaS companies companies needing customer feedback tools in Chicago USA
3503,SaaS companies companies embedding testimonials on websites in Chicago USA
3504,SaaS companies companies showcasing customer reviews in Chicago USA
3505,SaaS companies companies showcasing customer stories in Chicago USA
3506,SaaS companies companies using review widgets in Chicago USA
3507,SaaS companies companies using testimonial widgets in Chicago USA
3508,SaaS companies companies building Wall of Love pages in Chicago USA
3509,SaaS companies agencies looking for SaaS partners in Chicago USA
3510,SaaS companies agencies looking for technology partners in Chicago USA
3511,SaaS companies agencies looking for white label software in Chicago USA
3512,SaaS companies agencies looking for software partners in Chicago USA
3513,SaaS companies agencies offering reputation management in Chicago USA
3514,SaaS companies agencies offering review generation in Chicago USA
3515,SaaS companies agencies offering testimonial marketing in Chicago USA
3516,SaaS companies agencies offering social proof marketing in Chicago USA
3517,SaaS companies startups collecting customer feedback in Chicago USA
3518,SaaS companies startups using testimonials in Chicago USA
3519,SaaS companies startups using social proof in Chicago USA
3520,SaaS companies businesses needing more customer reviews in Chicago USA
3521,SaaS companies businesses using testimonials in Chicago USA
3522,SaaS companies businesses improving customer trust in Chicago USA
3523,SaaS companies businesses improving conversion rates in Chicago USA
3524,SaaS companies companies customer success stories in Chicago USA
3525,SaaS companies companies customer advocacy in Chicago USA
3526,SaaS companies companies referral marketing in Chicago USA
3527,SaaS companies companies brand trust in Chicago USA
3528,SaaS companies companies conversion optimization in Chicago USA
3529,SaaS companies companies website conversion in Chicago USA
3530,SaaS companies companies client testimonial examples in Chicago USA
3531,SaaS companies companies customer review examples in Chicago USA
3532,SaaS companies companies customer testimonial examples in Chicago USA
3533,SaaS companies companies customer feedback in Chicago USA
3534,SaaS companies companies customer experience in Chicago USA
3535,SaaS companies companies customer advocacy programs in Chicago USA
3536,SaaS companies companies testimonial collection software in Chicago USA
3537,SaaS companies companies review collection software in Chicago USA
3538,SaaS companies companies video testimonial software in Chicago USA
3539,SaaS companies companies social proof software in Chicago USA
3540,SaaS companies companies reputation management software in Chicago USA
3541,SaaS companies companies customer feedback platform in Chicago USA
3542,SaaS companies companies testimonial platform in Chicago USA
3543,SaaS companies companies review management platform in Chicago USA
3544,SaaS companies businesses collecting customer feedback in Chicago USA
3545,SaaS companies businesses collecting customer testimonials in Chicago USA
3546,SaaS companies businesses collecting customer reviews in Chicago USA
3547,SaaS companies businesses using video reviews in Chicago USA
3548,SaaS companies businesses using customer stories in Chicago USA
3549,SaaS companies businesses using review widgets in Chicago USA
3550,SaaS companies businesses using testimonial widgets in Chicago USA
3551,SaaS companies businesses showcasing testimonials in Chicago USA
3552,SaaS companies businesses showcasing reviews in Chicago USA
3553,SaaS companies businesses showcasing customer stories in Chicago USA
3554,SaaS companies businesses needing social proof in Chicago USA
3555,SaaS companies businesses needing testimonial marketing in Chicago USA
3556,SaaS companies businesses needing customer feedback software in Chicago USA
3557,SaaS companies agencies serving startups in Chicago USA
3558,SaaS companies agencies serving SaaS companies in Chicago USA
3559,SaaS companies agencies serving small businesses in Chicago USA
3560,SaaS companies agencies serving ecommerce brands in Chicago USA
3561,SaaS companies agencies serving B2B companies in Chicago USA
3562,SaaS companies agencies serving local businesses in Chicago USA
3563,SaaS companies agencies partnering with SaaS companies in Chicago USA
3564,SaaS companies agencies partnering with software companies in Chicago USA
3565,SaaS companies agencies offering white label services in Chicago USA
3566,SaaS companies agencies offering SaaS solutions in Chicago USA
3567,SaaS companies agencies offering customer feedback solutions in Chicago USA
3568,SaaS companies agencies offering review management in Chicago USA
3569,SaaS companies agencies offering testimonial collection in Chicago USA
3570,SaaS companies agencies offering social proof services in Chicago USA
3571,SaaS companies companies using customer feedback platforms in Chicago USA
3572,SaaS companies companies using testimonial platforms in Chicago USA
3573,SaaS companies companies using review management platforms in Chicago USA
3574,SaaS companies companies using customer advocacy platforms in Chicago USA
3575,SaaS companies companies improving customer experience in Chicago USA
3576,SaaS companies companies improving customer trust in Chicago USA
3577,SaaS companies companies improving website conversion in Chicago USA
3578,SaaS companies companies improving lead conversion in Chicago USA
3579,SaaS companies companies improving online reputation in Chicago USA
3580,SaaS companies companies building customer trust in Chicago USA
3581,SaaS companies companies collecting video reviews in Chicago USA
3582,SaaS companies companies collecting video testimonials in Chicago USA
3583,SaaS companies companies collecting client feedback in Chicago USA
3584,SaaS companies companies collecting customer stories in Chicago USA
3585,SaaS companies in Austin USA
3586,best SaaS companies in Austin USA
3587,top SaaS companies in Austin USA
3588,SaaS companies looking for customer testimonials in Austin USA
3589,SaaS companies testimonial marketing in Austin USA
3590,SaaS companies customer review management in Austin USA
3591,SaaS companies social proof marketing in Austin USA
3592,SaaS companies review collection in Austin USA
3593,SaaS companies customer feedback software in Austin USA
3594,SaaS companies testimonial software in Austin USA
3595,SaaS companies review software in Austin USA
3596,SaaS companies feedback software in Austin USA
3597,SaaS companies reputation management in Austin USA
3598,SaaS companies customer success teams in Austin USA
3599,SaaS companies marketing teams in Austin USA
3600,SaaS companies founders in Austin USA
3601,SaaS companies business owners in Austin USA
3602,SaaS companies growth marketing in Austin USA
3603,SaaS companies digital marketing in Austin USA
3604,SaaS companies online reviews in Austin USA
3605,SaaS companies case studies in Austin USA
3606,SaaS companies video testimonials in Austin USA
3607,SaaS companies customer stories in Austin USA
3608,SaaS companies companies collecting testimonials in Austin USA
3609,SaaS companies companies collecting customer reviews in Austin USA
3610,SaaS companies companies using social proof in Austin USA
3611,SaaS companies companies using video testimonials in Austin USA
3612,SaaS companies companies needing more reviews in Austin USA
3613,SaaS companies companies needing testimonial software in Austin USA
3614,SaaS companies companies needing customer feedback tools in Austin USA
3615,SaaS companies companies embedding testimonials on websites in Austin USA
3616,SaaS companies companies showcasing customer reviews in Austin USA
3617,SaaS companies companies showcasing customer stories in Austin USA
3618,SaaS companies companies using review widgets in Austin USA
3619,SaaS companies companies using testimonial widgets in Austin USA
3620,SaaS companies companies building Wall of Love pages in Austin USA
3621,SaaS companies agencies looking for SaaS partners in Austin USA
3622,SaaS companies agencies looking for technology partners in Austin USA
3623,SaaS companies agencies looking for white label software in Austin USA
3624,SaaS companies agencies looking for software partners in Austin USA
3625,SaaS companies agencies offering reputation management in Austin USA
3626,SaaS companies agencies offering review generation in Austin USA
3627,SaaS companies agencies offering testimonial marketing in Austin USA
3628,SaaS companies agencies offering social proof marketing in Austin USA
3629,SaaS companies startups collecting customer feedback in Austin USA
3630,SaaS companies startups using testimonials in Austin USA
3631,SaaS companies startups using social proof in Austin USA
3632,SaaS companies businesses needing more customer reviews in Austin USA
3633,SaaS companies businesses using testimonials in Austin USA
3634,SaaS companies businesses improving customer trust in Austin USA
3635,SaaS companies businesses improving conversion rates in Austin USA
3636,SaaS companies companies customer success stories in Austin USA
3637,SaaS companies companies customer advocacy in Austin USA
3638,SaaS companies companies referral marketing in Austin USA
3639,SaaS companies companies brand trust in Austin USA
3640,SaaS companies companies conversion optimization in Austin USA
3641,SaaS companies companies website conversion in Austin USA
3642,SaaS companies companies client testimonial examples in Austin USA
3643,SaaS companies companies customer review examples in Austin USA
3644,SaaS companies companies customer testimonial examples in Austin USA
3645,SaaS companies companies customer feedback in Austin USA
3646,SaaS companies companies customer experience in Austin USA
3647,SaaS companies companies customer advocacy programs in Austin USA
3648,SaaS companies companies testimonial collection software in Austin USA
3649,SaaS companies companies review collection software in Austin USA
3650,SaaS companies companies video testimonial software in Austin USA
3651,SaaS companies companies social proof software in Austin USA
3652,SaaS companies companies reputation management software in Austin USA
3653,SaaS companies companies customer feedback platform in Austin USA
3654,SaaS companies companies testimonial platform in Austin USA
3655,SaaS companies companies review management platform in Austin USA
3656,SaaS companies businesses collecting customer feedback in Austin USA
3657,SaaS companies businesses collecting customer testimonials in Austin USA
3658,SaaS companies businesses collecting customer reviews in Austin USA
3659,SaaS companies businesses using video reviews in Austin USA
3660,SaaS companies businesses using customer stories in Austin USA
3661,SaaS companies businesses using review widgets in Austin USA
3662,SaaS companies businesses using testimonial widgets in Austin USA
3663,SaaS companies businesses showcasing testimonials in Austin USA
3664,SaaS companies businesses showcasing reviews in Austin USA
3665,SaaS companies businesses showcasing customer stories in Austin USA
3666,SaaS companies businesses needing social proof in Austin USA
3667,SaaS companies businesses needing testimonial marketing in Austin USA
3668,SaaS companies businesses needing customer feedback software in Austin USA
3669,SaaS companies agencies serving startups in Austin USA
3670,SaaS companies agencies serving SaaS companies in Austin USA
3671,SaaS companies agencies serving small businesses in Austin USA
3672,SaaS companies agencies serving ecommerce brands in Austin USA
3673,SaaS companies agencies serving B2B companies in Austin USA
3674,SaaS companies agencies serving local businesses in Austin USA
3675,SaaS companies agencies partnering with SaaS companies in Austin USA
3676,SaaS companies agencies partnering with software companies in Austin USA
3677,SaaS companies agencies offering white label services in Austin USA
3678,SaaS companies agencies offering SaaS solutions in Austin USA
3679,SaaS companies agencies offering customer feedback solutions in Austin USA
3680,SaaS companies agencies offering review management in Austin USA
3681,SaaS companies agencies offering testimonial collection in Austin USA
3682,SaaS companies agencies offering social proof services in Austin USA
3683,SaaS companies companies using customer feedback platforms in Austin USA
3684,SaaS companies companies using testimonial platforms in Austin USA
3685,SaaS companies companies using review management platforms in Austin USA
3686,SaaS companies companies using customer advocacy platforms in Austin USA
3687,SaaS companies companies improving customer experience in Austin USA
3688,SaaS companies companies improving customer trust in Austin USA
3689,SaaS companies companies improving website conversion in Austin USA
3690,SaaS companies companies improving lead conversion in Austin USA
3691,SaaS companies companies improving online reputation in Austin USA
3692,SaaS companies companies building customer trust in Austin USA
3693,SaaS companies companies collecting video reviews in Austin USA
3694,SaaS companies companies collecting video testimonials in Austin USA
3695,SaaS companies companies collecting client feedback in Austin USA
3696,SaaS companies companies collecting customer stories in Austin USA
3697,SaaS companies in Miami USA
3698,best SaaS companies in Miami USA
3699,top SaaS companies in Miami USA
3700,SaaS companies looking for customer testimonials in Miami USA
3701,SaaS companies testimonial marketing in Miami USA
3702,SaaS companies customer review management in Miami USA
3703,SaaS companies social proof marketing in Miami USA
3704,SaaS companies review collection in Miami USA
3705,SaaS companies customer feedback software in Miami USA
3706,SaaS companies testimonial software in Miami USA
3707,SaaS companies review software in Miami USA
3708,SaaS companies feedback software in Miami USA
3709,SaaS companies reputation management in Miami USA
3710,SaaS companies customer success teams in Miami USA
3711,SaaS companies marketing teams in Miami USA
3712,SaaS companies founders in Miami USA
3713,SaaS companies business owners in Miami USA
3714,SaaS companies growth marketing in Miami USA
3715,SaaS companies digital marketing in Miami USA
3716,SaaS companies online reviews in Miami USA
3717,SaaS companies case studies in Miami USA
3718,SaaS companies video testimonials in Miami USA
3719,SaaS companies customer stories in Miami USA
3720,SaaS companies companies collecting testimonials in Miami USA
3721,SaaS companies companies collecting customer reviews in Miami USA
3722,SaaS companies companies using social proof in Miami USA
3723,SaaS companies companies using video testimonials in Miami USA
3724,SaaS companies companies needing more reviews in Miami USA
3725,SaaS companies companies needing testimonial software in Miami USA
3726,SaaS companies companies needing customer feedback tools in Miami USA
3727,SaaS companies companies embedding testimonials on websites in Miami USA
3728,SaaS companies companies showcasing customer reviews in Miami USA
3729,SaaS companies companies showcasing customer stories in Miami USA
3730,SaaS companies companies using review widgets in Miami USA
3731,SaaS companies companies using testimonial widgets in Miami USA
3732,SaaS companies companies building Wall of Love pages in Miami USA
3733,SaaS companies agencies looking for SaaS partners in Miami USA
3734,SaaS companies agencies looking for technology partners in Miami USA
3735,SaaS companies agencies looking for white label software in Miami USA
3736,SaaS companies agencies looking for software partners in Miami USA
3737,SaaS companies agencies offering reputation management in Miami USA
3738,SaaS companies agencies offering review generation in Miami USA
3739,SaaS companies agencies offering testimonial marketing in Miami USA
3740,SaaS companies agencies offering social proof marketing in Miami USA
3741,SaaS companies startups collecting customer feedback in Miami USA
3742,SaaS companies startups using testimonials in Miami USA
3743,SaaS companies startups using social proof in Miami USA
3744,SaaS companies businesses needing more customer reviews in Miami USA
3745,SaaS companies businesses using testimonials in Miami USA
3746,SaaS companies businesses improving customer trust in Miami USA
3747,SaaS companies businesses improving conversion rates in Miami USA
3748,SaaS companies companies customer success stories in Miami USA
3749,SaaS companies companies customer advocacy in Miami USA
3750,SaaS companies companies referral marketing in Miami USA
3751,SaaS companies companies brand trust in Miami USA
3752,SaaS companies companies conversion optimization in Miami USA
3753,SaaS companies companies website conversion in Miami USA
3754,SaaS companies companies client testimonial examples in Miami USA
3755,SaaS companies companies customer review examples in Miami USA
3756,SaaS companies companies customer testimonial examples in Miami USA
3757,SaaS companies companies customer feedback in Miami USA
3758,SaaS companies companies customer experience in Miami USA
3759,SaaS companies companies customer advocacy programs in Miami USA
3760,SaaS companies companies testimonial collection software in Miami USA
3761,SaaS companies companies review collection software in Miami USA
3762,SaaS companies companies video testimonial software in Miami USA
3763,SaaS companies companies social proof software in Miami USA
3764,SaaS companies companies reputation management software in Miami USA
3765,SaaS companies companies customer feedback platform in Miami USA
3766,SaaS companies companies testimonial platform in Miami USA
3767,SaaS companies companies review management platform in Miami USA
3768,SaaS companies businesses collecting customer feedback in Miami USA
3769,SaaS companies businesses collecting customer testimonials in Miami USA
3770,SaaS companies businesses collecting customer reviews in Miami USA
3771,SaaS companies businesses using video reviews in Miami USA
3772,SaaS companies businesses using customer stories in Miami USA
3773,SaaS companies businesses using review widgets in Miami USA
3774,SaaS companies businesses using testimonial widgets in Miami USA
3775,SaaS companies businesses showcasing testimonials in Miami USA
3776,SaaS companies businesses showcasing reviews in Miami USA
3777,SaaS companies businesses showcasing customer stories in Miami USA
3778,SaaS companies businesses needing social proof in Miami USA
3779,SaaS companies businesses needing testimonial marketing in Miami USA
3780,SaaS companies businesses needing customer feedback software in Miami USA
3781,SaaS companies agencies serving startups in Miami USA
3782,SaaS companies agencies serving SaaS companies in Miami USA
3783,SaaS companies agencies serving small businesses in Miami USA
3784,SaaS companies agencies serving ecommerce brands in Miami USA
3785,SaaS companies agencies serving B2B companies in Miami USA
3786,SaaS companies agencies serving local businesses in Miami USA
3787,SaaS companies agencies partnering with SaaS companies in Miami USA
3788,SaaS companies agencies partnering with software companies in Miami USA
3789,SaaS companies agencies offering white label services in Miami USA
3790,SaaS companies agencies offering SaaS solutions in Miami USA
3791,SaaS companies agencies offering customer feedback solutions in Miami USA
3792,SaaS companies agencies offering review management in Miami USA
3793,SaaS companies agencies offering testimonial collection in Miami USA
3794,SaaS companies agencies offering social proof services in Miami USA
3795,SaaS companies companies using customer feedback platforms in Miami USA
3796,SaaS companies companies using testimonial platforms in Miami USA
3797,SaaS companies companies using review management platforms in Miami USA
3798,SaaS companies companies using customer advocacy platforms in Miami USA
3799,SaaS companies companies improving customer experience in Miami USA
3800,SaaS companies companies improving customer trust in Miami USA
3801,SaaS companies companies improving website conversion in Miami USA
3802,SaaS companies companies improving lead conversion in Miami USA
3803,SaaS companies companies improving online reputation in Miami USA
3804,SaaS companies companies building customer trust in Miami USA
3805,SaaS companies companies collecting video reviews in Miami USA
3806,SaaS companies companies collecting video testimonials in Miami USA
3807,SaaS companies companies collecting client feedback in Miami USA
3808,SaaS companies companies collecting customer stories in Miami USA
3809,SaaS companies in Toronto Canada
3810,best SaaS companies in Toronto Canada
3811,top SaaS companies in Toronto Canada
3812,SaaS companies looking for customer testimonials in Toronto Canada
3813,SaaS companies testimonial marketing in Toronto Canada
3814,SaaS companies customer review management in Toronto Canada
3815,SaaS companies social proof marketing in Toronto Canada
3816,SaaS companies review collection in Toronto Canada
3817,SaaS companies customer feedback software in Toronto Canada
3818,SaaS companies testimonial software in Toronto Canada
3819,SaaS companies review software in Toronto Canada
3820,SaaS companies feedback software in Toronto Canada
3821,SaaS companies reputation management in Toronto Canada
3822,SaaS companies customer success teams in Toronto Canada
3823,SaaS companies marketing teams in Toronto Canada
3824,SaaS companies founders in Toronto Canada
3825,SaaS companies business owners in Toronto Canada
3826,SaaS companies growth marketing in Toronto Canada
3827,SaaS companies digital marketing in Toronto Canada
3828,SaaS companies online reviews in Toronto Canada
3829,SaaS companies case studies in Toronto Canada
3830,SaaS companies video testimonials in Toronto Canada
3831,SaaS companies customer stories in Toronto Canada
3832,SaaS companies companies collecting testimonials in Toronto Canada
3833,SaaS companies companies collecting customer reviews in Toronto Canada
3834,SaaS companies companies using social proof in Toronto Canada
3835,SaaS companies companies using video testimonials in Toronto Canada
3836,SaaS companies companies needing more reviews in Toronto Canada
3837,SaaS companies companies needing testimonial software in Toronto Canada
3838,SaaS companies companies needing customer feedback tools in Toronto Canada
3839,SaaS companies companies embedding testimonials on websites in Toronto Canada
3840,SaaS companies companies showcasing customer reviews in Toronto Canada
3841,SaaS companies companies showcasing customer stories in Toronto Canada
3842,SaaS companies companies using review widgets in Toronto Canada
3843,SaaS companies companies using testimonial widgets in Toronto Canada
3844,SaaS companies companies building Wall of Love pages in Toronto Canada
3845,SaaS companies agencies looking for SaaS partners in Toronto Canada
3846,SaaS companies agencies looking for technology partners in Toronto Canada
3847,SaaS companies agencies looking for white label software in Toronto Canada
3848,SaaS companies agencies looking for software partners in Toronto Canada
3849,SaaS companies agencies offering reputation management in Toronto Canada
3850,SaaS companies agencies offering review generation in Toronto Canada
3851,SaaS companies agencies offering testimonial marketing in Toronto Canada
3852,SaaS companies agencies offering social proof marketing in Toronto Canada
3853,SaaS companies startups collecting customer feedback in Toronto Canada
3854,SaaS companies startups using testimonials in Toronto Canada
3855,SaaS companies startups using social proof in Toronto Canada
3856,SaaS companies businesses needing more customer reviews in Toronto Canada
3857,SaaS companies businesses using testimonials in Toronto Canada
3858,SaaS companies businesses improving customer trust in Toronto Canada
3859,SaaS companies businesses improving conversion rates in Toronto Canada
3860,SaaS companies companies customer success stories in Toronto Canada
3861,SaaS companies companies customer advocacy in Toronto Canada
3862,SaaS companies companies referral marketing in Toronto Canada
3863,SaaS companies companies brand trust in Toronto Canada
3864,SaaS companies companies conversion optimization in Toronto Canada
3865,SaaS companies companies website conversion in Toronto Canada
3866,SaaS companies companies client testimonial examples in Toronto Canada
3867,SaaS companies companies customer review examples in Toronto Canada
3868,SaaS companies companies customer testimonial examples in Toronto Canada
3869,SaaS companies companies customer feedback in Toronto Canada
3870,SaaS companies companies customer experience in Toronto Canada
3871,SaaS companies companies customer advocacy programs in Toronto Canada
3872,SaaS companies companies testimonial collection software in Toronto Canada
3873,SaaS companies companies review collection software in Toronto Canada
3874,SaaS companies companies video testimonial software in Toronto Canada
3875,SaaS companies companies social proof software in Toronto Canada
3876,SaaS companies companies reputation management software in Toronto Canada
3877,SaaS companies companies customer feedback platform in Toronto Canada
3878,SaaS companies companies testimonial platform in Toronto Canada
3879,SaaS companies companies review management platform in Toronto Canada
3880,SaaS companies businesses collecting customer feedback in Toronto Canada
3881,SaaS companies businesses collecting customer testimonials in Toronto Canada
3882,SaaS companies businesses collecting customer reviews in Toronto Canada
3883,SaaS companies businesses using video reviews in Toronto Canada
3884,SaaS companies businesses using customer stories in Toronto Canada
3885,SaaS companies businesses using review widgets in Toronto Canada
3886,SaaS companies businesses using testimonial widgets in Toronto Canada
3887,SaaS companies businesses showcasing testimonials in Toronto Canada
3888,SaaS companies businesses showcasing reviews in Toronto Canada
3889,SaaS companies businesses showcasing customer stories in Toronto Canada
3890,SaaS companies businesses needing social proof in Toronto Canada
3891,SaaS companies businesses needing testimonial marketing in Toronto Canada
3892,SaaS companies businesses needing customer feedback software in Toronto Canada
3893,SaaS companies agencies serving startups in Toronto Canada
3894,SaaS companies agencies serving SaaS companies in Toronto Canada
3895,SaaS companies agencies serving small businesses in Toronto Canada
3896,SaaS companies agencies serving ecommerce brands in Toronto Canada
3897,SaaS companies agencies serving B2B companies in Toronto Canada
3898,SaaS companies agencies serving local businesses in Toronto Canada
3899,SaaS companies agencies partnering with SaaS companies in Toronto Canada
3900,SaaS companies agencies partnering with software companies in Toronto Canada
3901,SaaS companies agencies offering white label services in Toronto Canada
3902,SaaS companies agencies offering SaaS solutions in Toronto Canada
3903,SaaS companies agencies offering customer feedback solutions in Toronto Canada
3904,SaaS companies agencies offering review management in Toronto Canada
3905,SaaS companies agencies offering testimonial collection in Toronto Canada
3906,SaaS companies agencies offering social proof services in Toronto Canada
3907,SaaS companies companies using customer feedback platforms in Toronto Canada
3908,SaaS companies companies using testimonial platforms in Toronto Canada
3909,SaaS companies companies using review management platforms in Toronto Canada
3910,SaaS companies companies using customer advocacy platforms in Toronto Canada
3911,SaaS companies companies improving customer experience in Toronto Canada
3912,SaaS companies companies improving customer trust in Toronto Canada
3913,SaaS companies companies improving website conversion in Toronto Canada
3914,SaaS companies companies improving lead conversion in Toronto Canada
3915,SaaS companies companies improving online reputation in Toronto Canada
3916,SaaS companies companies building customer trust in Toronto Canada
3917,SaaS companies companies collecting video reviews in Toronto Canada
3918,SaaS companies companies collecting video testimonials in Toronto Canada
3919,SaaS companies companies collecting client feedback in Toronto Canada
3920,SaaS companies companies collecting customer stories in Toronto Canada
3921,SaaS companies in Vancouver Canada
3922,best SaaS companies in Vancouver Canada
3923,top SaaS companies in Vancouver Canada
3924,SaaS companies looking for customer testimonials in Vancouver Canada
3925,SaaS companies testimonial marketing in Vancouver Canada
3926,SaaS companies customer review management in Vancouver Canada
3927,SaaS companies social proof marketing in Vancouver Canada
3928,SaaS companies review collection in Vancouver Canada
3929,SaaS companies customer feedback software in Vancouver Canada
3930,SaaS companies testimonial software in Vancouver Canada
3931,SaaS companies review software in Vancouver Canada
3932,SaaS companies feedback software in Vancouver Canada
3933,SaaS companies reputation management in Vancouver Canada
3934,SaaS companies customer success teams in Vancouver Canada
3935,SaaS companies marketing teams in Vancouver Canada
3936,SaaS companies founders in Vancouver Canada
3937,SaaS companies business owners in Vancouver Canada
3938,SaaS companies growth marketing in Vancouver Canada
3939,SaaS companies digital marketing in Vancouver Canada
3940,SaaS companies online reviews in Vancouver Canada
3941,SaaS companies case studies in Vancouver Canada
3942,SaaS companies video testimonials in Vancouver Canada
3943,SaaS companies customer stories in Vancouver Canada
3944,SaaS companies companies collecting testimonials in Vancouver Canada
3945,SaaS companies companies collecting customer reviews in Vancouver Canada
3946,SaaS companies companies using social proof in Vancouver Canada
3947,SaaS companies companies using video testimonials in Vancouver Canada
3948,SaaS companies companies needing more reviews in Vancouver Canada
3949,SaaS companies companies needing testimonial software in Vancouver Canada
3950,SaaS companies companies needing customer feedback tools in Vancouver Canada
3951,SaaS companies companies embedding testimonials on websites in Vancouver Canada
3952,SaaS companies companies showcasing customer reviews in Vancouver Canada
3953,SaaS companies companies showcasing customer stories in Vancouver Canada
3954,SaaS companies companies using review widgets in Vancouver Canada
3955,SaaS companies companies using testimonial widgets in Vancouver Canada
3956,SaaS companies companies building Wall of Love pages in Vancouver Canada
3957,SaaS companies agencies looking for SaaS partners in Vancouver Canada
3958,SaaS companies agencies looking for technology partners in Vancouver Canada
3959,SaaS companies agencies looking for white label software in Vancouver Canada
3960,SaaS companies agencies looking for software partners in Vancouver Canada
3961,SaaS companies agencies offering reputation management in Vancouver Canada
3962,SaaS companies agencies offering review generation in Vancouver Canada
3963,SaaS companies agencies offering testimonial marketing in Vancouver Canada
3964,SaaS companies agencies offering social proof marketing in Vancouver Canada
3965,SaaS companies startups collecting customer feedback in Vancouver Canada
3966,SaaS companies startups using testimonials in Vancouver Canada
3967,SaaS companies startups using social proof in Vancouver Canada
3968,SaaS companies businesses needing more customer reviews in Vancouver Canada
3969,SaaS companies businesses using testimonials in Vancouver Canada
3970,SaaS companies businesses improving customer trust in Vancouver Canada
3971,SaaS companies businesses improving conversion rates in Vancouver Canada
3972,SaaS companies companies customer success stories in Vancouver Canada
3973,SaaS companies companies customer advocacy in Vancouver Canada
3974,SaaS companies companies referral marketing in Vancouver Canada
3975,SaaS companies companies brand trust in Vancouver Canada
3976,SaaS companies companies conversion optimization in Vancouver Canada
3977,SaaS companies companies website conversion in Vancouver Canada
3978,SaaS companies companies client testimonial examples in Vancouver Canada
3979,SaaS companies companies customer review examples in Vancouver Canada
3980,SaaS companies companies customer testimonial examples in Vancouver Canada
3981,SaaS companies companies customer feedback in Vancouver Canada
3982,SaaS companies companies customer experience in Vancouver Canada
3983,SaaS companies companies customer advocacy programs in Vancouver Canada
3984,SaaS companies companies testimonial collection software in Vancouver Canada
3985,SaaS companies companies review collection software in Vancouver Canada
3986,SaaS companies companies video testimonial software in Vancouver Canada
3987,SaaS companies companies social proof software in Vancouver Canada
3988,SaaS companies companies reputation management software in Vancouver Canada
3989,SaaS companies companies customer feedback platform in Vancouver Canada
3990,SaaS companies companies testimonial platform in Vancouver Canada
3991,SaaS companies companies review management platform in Vancouver Canada
3992,SaaS companies businesses collecting customer feedback in Vancouver Canada
3993,SaaS companies businesses collecting customer testimonials in Vancouver Canada
3994,SaaS companies businesses collecting customer reviews in Vancouver Canada
3995,SaaS companies businesses using video reviews in Vancouver Canada
3996,SaaS companies businesses using customer stories in Vancouver Canada
3997,SaaS companies businesses using review widgets in Vancouver Canada
3998,SaaS companies businesses using testimonial widgets in Vancouver Canada
3999,SaaS companies businesses showcasing testimonials in Vancouver Canada
4000,SaaS companies businesses showcasing reviews in Vancouver Canada
4001,SaaS companies businesses showcasing customer stories in Vancouver Canada
4002,SaaS companies businesses needing social proof in Vancouver Canada
4003,SaaS companies businesses needing testimonial marketing in Vancouver Canada
4004,SaaS companies businesses needing customer feedback software in Vancouver Canada
4005,SaaS companies agencies serving startups in Vancouver Canada
4006,SaaS companies agencies serving SaaS companies in Vancouver Canada
4007,SaaS companies agencies serving small businesses in Vancouver Canada
4008,SaaS companies agencies serving ecommerce brands in Vancouver Canada
4009,SaaS companies agencies serving B2B companies in Vancouver Canada
4010,SaaS companies agencies serving local businesses in Vancouver Canada
4011,SaaS companies agencies partnering with SaaS companies in Vancouver Canada
4012,SaaS companies agencies partnering with software companies in Vancouver Canada
4013,SaaS companies agencies offering white label services in Vancouver Canada
4014,SaaS companies agencies offering SaaS solutions in Vancouver Canada
4015,SaaS companies agencies offering customer feedback solutions in Vancouver Canada
4016,SaaS companies agencies offering review management in Vancouver Canada
4017,SaaS companies agencies offering testimonial collection in Vancouver Canada
4018,SaaS companies agencies offering social proof services in Vancouver Canada
4019,SaaS companies companies using customer feedback platforms in Vancouver Canada
4020,SaaS companies companies using testimonial platforms in Vancouver Canada
4021,SaaS companies companies using review management platforms in Vancouver Canada
4022,SaaS companies companies using customer advocacy platforms in Vancouver Canada
4023,SaaS companies companies improving customer experience in Vancouver Canada
4024,SaaS companies companies improving customer trust in Vancouver Canada
4025,SaaS companies companies improving website conversion in Vancouver Canada
4026,SaaS companies companies improving lead conversion in Vancouver Canada
4027,SaaS companies companies improving online reputation in Vancouver Canada
4028,SaaS companies companies building customer trust in Vancouver Canada
4029,SaaS companies companies collecting video reviews in Vancouver Canada
4030,SaaS companies companies collecting video testimonials in Vancouver Canada
4031,SaaS companies companies collecting client feedback in Vancouver Canada
4032,SaaS companies companies collecting customer stories in Vancouver Canada
4033,SaaS companies in Sydney Australia
4034,best SaaS companies in Sydney Australia
4035,top SaaS companies in Sydney Australia
4036,SaaS companies looking for customer testimonials in Sydney Australia
4037,SaaS companies testimonial marketing in Sydney Australia
4038,SaaS companies customer review management in Sydney Australia
4039,SaaS companies social proof marketing in Sydney Australia
4040,SaaS companies review collection in Sydney Australia
4041,SaaS companies customer feedback software in Sydney Australia
4042,SaaS companies testimonial software in Sydney Australia
4043,SaaS companies review software in Sydney Australia
4044,SaaS companies feedback software in Sydney Australia
4045,SaaS companies reputation management in Sydney Australia
4046,SaaS companies customer success teams in Sydney Australia
4047,SaaS companies marketing teams in Sydney Australia
4048,SaaS companies founders in Sydney Australia
4049,SaaS companies business owners in Sydney Australia
4050,SaaS companies growth marketing in Sydney Australia
4051,SaaS companies digital marketing in Sydney Australia
4052,SaaS companies online reviews in Sydney Australia
4053,SaaS companies case studies in Sydney Australia
4054,SaaS companies video testimonials in Sydney Australia
4055,SaaS companies customer stories in Sydney Australia
4056,SaaS companies companies collecting testimonials in Sydney Australia
4057,SaaS companies companies collecting customer reviews in Sydney Australia
4058,SaaS companies companies using social proof in Sydney Australia
4059,SaaS companies companies using video testimonials in Sydney Australia
4060,SaaS companies companies needing more reviews in Sydney Australia
4061,SaaS companies companies needing testimonial software in Sydney Australia
4062,SaaS companies companies needing customer feedback tools in Sydney Australia
4063,SaaS companies companies embedding testimonials on websites in Sydney Australia
4064,SaaS companies companies showcasing customer reviews in Sydney Australia
4065,SaaS companies companies showcasing customer stories in Sydney Australia
4066,SaaS companies companies using review widgets in Sydney Australia
4067,SaaS companies companies using testimonial widgets in Sydney Australia
4068,SaaS companies companies building Wall of Love pages in Sydney Australia
4069,SaaS companies agencies looking for SaaS partners in Sydney Australia
4070,SaaS companies agencies looking for technology partners in Sydney Australia
4071,SaaS companies agencies looking for white label software in Sydney Australia
4072,SaaS companies agencies looking for software partners in Sydney Australia
4073,SaaS companies agencies offering reputation management in Sydney Australia
4074,SaaS companies agencies offering review generation in Sydney Australia
4075,SaaS companies agencies offering testimonial marketing in Sydney Australia
4076,SaaS companies agencies offering social proof marketing in Sydney Australia
4077,SaaS companies startups collecting customer feedback in Sydney Australia
4078,SaaS companies startups using testimonials in Sydney Australia
4079,SaaS companies startups using social proof in Sydney Australia
4080,SaaS companies businesses needing more customer reviews in Sydney Australia
4081,SaaS companies businesses using testimonials in Sydney Australia
4082,SaaS companies businesses improving customer trust in Sydney Australia
4083,SaaS companies businesses improving conversion rates in Sydney Australia
4084,SaaS companies companies customer success stories in Sydney Australia
4085,SaaS companies companies customer advocacy in Sydney Australia
4086,SaaS companies companies referral marketing in Sydney Australia
4087,SaaS companies companies brand trust in Sydney Australia
4088,SaaS companies companies conversion optimization in Sydney Australia
4089,SaaS companies companies website conversion in Sydney Australia
4090,SaaS companies companies client testimonial examples in Sydney Australia
4091,SaaS companies companies customer review examples in Sydney Australia
4092,SaaS companies companies customer testimonial examples in Sydney Australia
4093,SaaS companies companies customer feedback in Sydney Australia
4094,SaaS companies companies customer experience in Sydney Australia
4095,SaaS companies companies customer advocacy programs in Sydney Australia
4096,SaaS companies companies testimonial collection software in Sydney Australia
4097,SaaS companies companies review collection software in Sydney Australia
4098,SaaS companies companies video testimonial software in Sydney Australia
4099,SaaS companies companies social proof software in Sydney Australia
4100,SaaS companies companies reputation management software in Sydney Australia
4101,SaaS companies companies customer feedback platform in Sydney Australia
4102,SaaS companies companies testimonial platform in Sydney Australia
4103,SaaS companies companies review management platform in Sydney Australia
4104,SaaS companies businesses collecting customer feedback in Sydney Australia
4105,SaaS companies businesses collecting customer testimonials in Sydney Australia
4106,SaaS companies businesses collecting customer reviews in Sydney Australia
4107,SaaS companies businesses using video reviews in Sydney Australia
4108,SaaS companies businesses using customer stories in Sydney Australia
4109,SaaS companies businesses using review widgets in Sydney Australia
4110,SaaS companies businesses using testimonial widgets in Sydney Australia
4111,SaaS companies businesses showcasing testimonials in Sydney Australia
4112,SaaS companies businesses showcasing reviews in Sydney Australia
4113,SaaS companies businesses showcasing customer stories in Sydney Australia
4114,SaaS companies businesses needing social proof in Sydney Australia
4115,SaaS companies businesses needing testimonial marketing in Sydney Australia
4116,SaaS companies businesses needing customer feedback software in Sydney Australia
4117,SaaS companies agencies serving startups in Sydney Australia
4118,SaaS companies agencies serving SaaS companies in Sydney Australia
4119,SaaS companies agencies serving small businesses in Sydney Australia
4120,SaaS companies agencies serving ecommerce brands in Sydney Australia
4121,SaaS companies agencies serving B2B companies in Sydney Australia
4122,SaaS companies agencies serving local businesses in Sydney Australia
4123,SaaS companies agencies partnering with SaaS companies in Sydney Australia
4124,SaaS companies agencies partnering with software companies in Sydney Australia
4125,SaaS companies agencies offering white label services in Sydney Australia
4126,SaaS companies agencies offering SaaS solutions in Sydney Australia
4127,SaaS companies agencies offering customer feedback solutions in Sydney Australia
4128,SaaS companies agencies offering review management in Sydney Australia
4129,SaaS companies agencies offering testimonial collection in Sydney Australia
4130,SaaS companies agencies offering social proof services in Sydney Australia
4131,SaaS companies companies using customer feedback platforms in Sydney Australia
4132,SaaS companies companies using testimonial platforms in Sydney Australia
4133,SaaS companies companies using review management platforms in Sydney Australia
4134,SaaS companies companies using customer advocacy platforms in Sydney Australia
4135,SaaS companies companies improving customer experience in Sydney Australia
4136,SaaS companies companies improving customer trust in Sydney Australia
4137,SaaS companies companies improving website conversion in Sydney Australia
4138,SaaS companies companies improving lead conversion in Sydney Australia
4139,SaaS companies companies improving online reputation in Sydney Australia
4140,SaaS companies companies building customer trust in Sydney Australia
4141,SaaS companies companies collecting video reviews in Sydney Australia
4142,SaaS companies companies collecting video testimonials in Sydney Australia
4143,SaaS companies companies collecting client feedback in Sydney Australia
4144,SaaS companies companies collecting customer stories in Sydney Australia
4145,SaaS companies in Melbourne Australia
4146,best SaaS companies in Melbourne Australia
4147,top SaaS companies in Melbourne Australia
4148,SaaS companies looking for customer testimonials in Melbourne Australia
4149,SaaS companies testimonial marketing in Melbourne Australia
4150,SaaS companies customer review management in Melbourne Australia
4151,SaaS companies social proof marketing in Melbourne Australia
4152,SaaS companies review collection in Melbourne Australia
4153,SaaS companies customer feedback software in Melbourne Australia
4154,SaaS companies testimonial software in Melbourne Australia
4155,SaaS companies review software in Melbourne Australia
4156,SaaS companies feedback software in Melbourne Australia
4157,SaaS companies reputation management in Melbourne Australia
4158,SaaS companies customer success teams in Melbourne Australia
4159,SaaS companies marketing teams in Melbourne Australia
4160,SaaS companies founders in Melbourne Australia
4161,SaaS companies business owners in Melbourne Australia
4162,SaaS companies growth marketing in Melbourne Australia
4163,SaaS companies digital marketing in Melbourne Australia
4164,SaaS companies online reviews in Melbourne Australia
4165,SaaS companies case studies in Melbourne Australia
4166,SaaS companies video testimonials in Melbourne Australia
4167,SaaS companies customer stories in Melbourne Australia
4168,SaaS companies companies collecting testimonials in Melbourne Australia
4169,SaaS companies companies collecting customer reviews in Melbourne Australia
4170,SaaS companies companies using social proof in Melbourne Australia
4171,SaaS companies companies using video testimonials in Melbourne Australia
4172,SaaS companies companies needing more reviews in Melbourne Australia
4173,SaaS companies companies needing testimonial software in Melbourne Australia
4174,SaaS companies companies needing customer feedback tools in Melbourne Australia
4175,SaaS companies companies embedding testimonials on websites in Melbourne Australia
4176,SaaS companies companies showcasing customer reviews in Melbourne Australia
4177,SaaS companies companies showcasing customer stories in Melbourne Australia
4178,SaaS companies companies using review widgets in Melbourne Australia
4179,SaaS companies companies using testimonial widgets in Melbourne Australia
4180,SaaS companies companies building Wall of Love pages in Melbourne Australia
4181,SaaS companies agencies looking for SaaS partners in Melbourne Australia
4182,SaaS companies agencies looking for technology partners in Melbourne Australia
4183,SaaS companies agencies looking for white label software in Melbourne Australia
4184,SaaS companies agencies looking for software partners in Melbourne Australia
4185,SaaS companies agencies offering reputation management in Melbourne Australia
4186,SaaS companies agencies offering review generation in Melbourne Australia
4187,SaaS companies agencies offering testimonial marketing in Melbourne Australia
4188,SaaS companies agencies offering social proof marketing in Melbourne Australia
4189,SaaS companies startups collecting customer feedback in Melbourne Australia
4190,SaaS companies startups using testimonials in Melbourne Australia
4191,SaaS companies startups using social proof in Melbourne Australia
4192,SaaS companies businesses needing more customer reviews in Melbourne Australia
4193,SaaS companies businesses using testimonials in Melbourne Australia
4194,SaaS companies businesses improving customer trust in Melbourne Australia
4195,SaaS companies businesses improving conversion rates in Melbourne Australia
4196,SaaS companies companies customer success stories in Melbourne Australia
4197,SaaS companies companies customer advocacy in Melbourne Australia
4198,SaaS companies companies referral marketing in Melbourne Australia
4199,SaaS companies companies brand trust in Melbourne Australia
4200,SaaS companies companies conversion optimization in Melbourne Australia
4201,SaaS companies companies website conversion in Melbourne Australia
4202,SaaS companies companies client testimonial examples in Melbourne Australia
4203,SaaS companies companies customer review examples in Melbourne Australia
4204,SaaS companies companies customer testimonial examples in Melbourne Australia
4205,SaaS companies companies customer feedback in Melbourne Australia
4206,SaaS companies companies customer experience in Melbourne Australia
4207,SaaS companies companies customer advocacy programs in Melbourne Australia
4208,SaaS companies companies testimonial collection software in Melbourne Australia
4209,SaaS companies companies review collection software in Melbourne Australia
4210,SaaS companies companies video testimonial software in Melbourne Australia
4211,SaaS companies companies social proof software in Melbourne Australia
4212,SaaS companies companies reputation management software in Melbourne Australia
4213,SaaS companies companies customer feedback platform in Melbourne Australia
4214,SaaS companies companies testimonial platform in Melbourne Australia
4215,SaaS companies companies review management platform in Melbourne Australia
4216,SaaS companies businesses collecting customer feedback in Melbourne Australia
4217,SaaS companies businesses collecting customer testimonials in Melbourne Australia
4218,SaaS companies businesses collecting customer reviews in Melbourne Australia
4219,SaaS companies businesses using video reviews in Melbourne Australia
4220,SaaS companies businesses using customer stories in Melbourne Australia
4221,SaaS companies businesses using review widgets in Melbourne Australia
4222,SaaS companies businesses using testimonial widgets in Melbourne Australia
4223,SaaS companies businesses showcasing testimonials in Melbourne Australia
4224,SaaS companies businesses showcasing reviews in Melbourne Australia
4225,SaaS companies businesses showcasing customer stories in Melbourne Australia
4226,SaaS companies businesses needing social proof in Melbourne Australia
4227,SaaS companies businesses needing testimonial marketing in Melbourne Australia
4228,SaaS companies businesses needing customer feedback software in Melbourne Australia
4229,SaaS companies agencies serving startups in Melbourne Australia
4230,SaaS companies agencies serving SaaS companies in Melbourne Australia
4231,SaaS companies agencies serving small businesses in Melbourne Australia
4232,SaaS companies agencies serving ecommerce brands in Melbourne Australia
4233,SaaS companies agencies serving B2B companies in Melbourne Australia
4234,SaaS companies agencies serving local businesses in Melbourne Australia
4235,SaaS companies agencies partnering with SaaS companies in Melbourne Australia
4236,SaaS companies agencies partnering with software companies in Melbourne Australia
4237,SaaS companies agencies offering white label services in Melbourne Australia
4238,SaaS companies agencies offering SaaS solutions in Melbourne Australia
4239,SaaS companies agencies offering customer feedback solutions in Melbourne Australia
4240,SaaS companies agencies offering review management in Melbourne Australia
4241,SaaS companies agencies offering testimonial collection in Melbourne Australia
4242,SaaS companies agencies offering social proof services in Melbourne Australia
4243,SaaS companies companies using customer feedback platforms in Melbourne Australia
4244,SaaS companies companies using testimonial platforms in Melbourne Australia
4245,SaaS companies companies using review management platforms in Melbourne Australia
4246,SaaS companies companies using customer advocacy platforms in Melbourne Australia
4247,SaaS companies companies improving customer experience in Melbourne Australia
4248,SaaS companies companies improving customer trust in Melbourne Australia
4249,SaaS companies companies improving website conversion in Melbourne Australia
4250,SaaS companies companies improving lead conversion in Melbourne Australia
4251,SaaS companies companies improving online reputation in Melbourne Australia
4252,SaaS companies companies building customer trust in Melbourne Australia
4253,SaaS companies companies collecting video reviews in Melbourne Australia
4254,SaaS companies companies collecting video testimonials in Melbourne Australia
4255,SaaS companies companies collecting client feedback in Melbourne Australia
4256,SaaS companies companies collecting customer stories in Melbourne Australia
4257,SaaS companies in Brisbane Australia
4258,best SaaS companies in Brisbane Australia
4259,top SaaS companies in Brisbane Australia
4260,SaaS companies looking for customer testimonials in Brisbane Australia
4261,SaaS companies testimonial marketing in Brisbane Australia
4262,SaaS companies customer review management in Brisbane Australia
4263,SaaS companies social proof marketing in Brisbane Australia
4264,SaaS companies review collection in Brisbane Australia
4265,SaaS companies customer feedback software in Brisbane Australia
4266,SaaS companies testimonial software in Brisbane Australia
4267,SaaS companies review software in Brisbane Australia
4268,SaaS companies feedback software in Brisbane Australia
4269,SaaS companies reputation management in Brisbane Australia
4270,SaaS companies customer success teams in Brisbane Australia
4271,SaaS companies marketing teams in Brisbane Australia
4272,SaaS companies founders in Brisbane Australia
4273,SaaS companies business owners in Brisbane Australia
4274,SaaS companies growth marketing in Brisbane Australia
4275,SaaS companies digital marketing in Brisbane Australia
4276,SaaS companies online reviews in Brisbane Australia
4277,SaaS companies case studies in Brisbane Australia
4278,SaaS companies video testimonials in Brisbane Australia
4279,SaaS companies customer stories in Brisbane Australia
4280,SaaS companies companies collecting testimonials in Brisbane Australia
4281,SaaS companies companies collecting customer reviews in Brisbane Australia
4282,SaaS companies companies using social proof in Brisbane Australia
4283,SaaS companies companies using video testimonials in Brisbane Australia
4284,SaaS companies companies needing more reviews in Brisbane Australia
4285,SaaS companies companies needing testimonial software in Brisbane Australia
4286,SaaS companies companies needing customer feedback tools in Brisbane Australia
4287,SaaS companies companies embedding testimonials on websites in Brisbane Australia
4288,SaaS companies companies showcasing customer reviews in Brisbane Australia
4289,SaaS companies companies showcasing customer stories in Brisbane Australia
4290,SaaS companies companies using review widgets in Brisbane Australia
4291,SaaS companies companies using testimonial widgets in Brisbane Australia
4292,SaaS companies companies building Wall of Love pages in Brisbane Australia
4293,SaaS companies agencies looking for SaaS partners in Brisbane Australia
4294,SaaS companies agencies looking for technology partners in Brisbane Australia
4295,SaaS companies agencies looking for white label software in Brisbane Australia
4296,SaaS companies agencies looking for software partners in Brisbane Australia
4297,SaaS companies agencies offering reputation management in Brisbane Australia
4298,SaaS companies agencies offering review generation in Brisbane Australia
4299,SaaS companies agencies offering testimonial marketing in Brisbane Australia
4300,SaaS companies agencies offering social proof marketing in Brisbane Australia
4301,SaaS companies startups collecting customer feedback in Brisbane Australia
4302,SaaS companies startups using testimonials in Brisbane Australia
4303,SaaS companies startups using social proof in Brisbane Australia
4304,SaaS companies businesses needing more customer reviews in Brisbane Australia
4305,SaaS companies businesses using testimonials in Brisbane Australia
4306,SaaS companies businesses improving customer trust in Brisbane Australia
4307,SaaS companies businesses improving conversion rates in Brisbane Australia
4308,SaaS companies companies customer success stories in Brisbane Australia
4309,SaaS companies companies customer advocacy in Brisbane Australia
4310,SaaS companies companies referral marketing in Brisbane Australia
4311,SaaS companies companies brand trust in Brisbane Australia
4312,SaaS companies companies conversion optimization in Brisbane Australia
4313,SaaS companies companies website conversion in Brisbane Australia
4314,SaaS companies companies client testimonial examples in Brisbane Australia
4315,SaaS companies companies customer review examples in Brisbane Australia
4316,SaaS companies companies customer testimonial examples in Brisbane Australia
4317,SaaS companies companies customer feedback in Brisbane Australia
4318,SaaS companies companies customer experience in Brisbane Australia
4319,SaaS companies companies customer advocacy programs in Brisbane Australia
4320,SaaS companies companies testimonial collection software in Brisbane Australia
4321,SaaS companies companies review collection software in Brisbane Australia
4322,SaaS companies companies video testimonial software in Brisbane Australia
4323,SaaS companies companies social proof software in Brisbane Australia
4324,SaaS companies companies reputation management software in Brisbane Australia
4325,SaaS companies companies customer feedback platform in Brisbane Australia
4326,SaaS companies companies testimonial platform in Brisbane Australia
4327,SaaS companies companies review management platform in Brisbane Australia
4328,SaaS companies businesses collecting customer feedback in Brisbane Australia
4329,SaaS companies businesses collecting customer testimonials in Brisbane Australia
4330,SaaS companies businesses collecting customer reviews in Brisbane Australia
4331,SaaS companies businesses using video reviews in Brisbane Australia
4332,SaaS companies businesses using customer stories in Brisbane Australia
4333,SaaS companies businesses using review widgets in Brisbane Australia
4334,SaaS companies businesses using testimonial widgets in Brisbane Australia
4335,SaaS companies businesses showcasing testimonials in Brisbane Australia
4336,SaaS companies businesses showcasing reviews in Brisbane Australia
4337,SaaS companies businesses showcasing customer stories in Brisbane Australia
4338,SaaS companies businesses needing social proof in Brisbane Australia
4339,SaaS companies businesses needing testimonial marketing in Brisbane Australia
4340,SaaS companies businesses needing customer feedback software in Brisbane Australia
4341,SaaS companies agencies serving startups in Brisbane Australia
4342,SaaS companies agencies serving SaaS companies in Brisbane Australia
4343,SaaS companies agencies serving small businesses in Brisbane Australia
4344,SaaS companies agencies serving ecommerce brands in Brisbane Australia
4345,SaaS companies agencies serving B2B companies in Brisbane Australia
4346,SaaS companies agencies serving local businesses in Brisbane Australia
4347,SaaS companies agencies partnering with SaaS companies in Brisbane Australia
4348,SaaS companies agencies partnering with software companies in Brisbane Australia
4349,SaaS companies agencies offering white label services in Brisbane Australia
4350,SaaS companies agencies offering SaaS solutions in Brisbane Australia
4351,SaaS companies agencies offering customer feedback solutions in Brisbane Australia
4352,SaaS companies agencies offering review management in Brisbane Australia
4353,SaaS companies agencies offering testimonial collection in Brisbane Australia
4354,SaaS companies agencies offering social proof services in Brisbane Australia
4355,SaaS companies companies using customer feedback platforms in Brisbane Australia
4356,SaaS companies companies using testimonial platforms in Brisbane Australia
4357,SaaS companies companies using review management platforms in Brisbane Australia
4358,SaaS companies companies using customer advocacy platforms in Brisbane Australia
4359,SaaS companies companies improving customer experience in Brisbane Australia
4360,SaaS companies companies improving customer trust in Brisbane Australia
4361,SaaS companies companies improving website conversion in Brisbane Australia
4362,SaaS companies companies improving lead conversion in Brisbane Australia
4363,SaaS companies companies improving online reputation in Brisbane Australia
4364,SaaS companies companies building customer trust in Brisbane Australia
4365,SaaS companies companies collecting video reviews in Brisbane Australia
4366,SaaS companies companies collecting video testimonials in Brisbane Australia
4367,SaaS companies companies collecting client feedback in Brisbane Australia
4368,SaaS companies companies collecting customer stories in Brisbane Australia
4369,SaaS companies in Dublin Ireland
4370,best SaaS companies in Dublin Ireland
4371,top SaaS companies in Dublin Ireland
4372,SaaS companies looking for customer testimonials in Dublin Ireland
4373,SaaS companies testimonial marketing in Dublin Ireland
4374,SaaS companies customer review management in Dublin Ireland
4375,SaaS companies social proof marketing in Dublin Ireland
4376,SaaS companies review collection in Dublin Ireland
4377,SaaS companies customer feedback software in Dublin Ireland
4378,SaaS companies testimonial software in Dublin Ireland
4379,SaaS companies review software in Dublin Ireland
4380,SaaS companies feedback software in Dublin Ireland
4381,SaaS companies reputation management in Dublin Ireland
4382,SaaS companies customer success teams in Dublin Ireland
4383,SaaS companies marketing teams in Dublin Ireland
4384,SaaS companies founders in Dublin Ireland
4385,SaaS companies business owners in Dublin Ireland
4386,SaaS companies growth marketing in Dublin Ireland
4387,SaaS companies digital marketing in Dublin Ireland
4388,SaaS companies online reviews in Dublin Ireland
4389,SaaS companies case studies in Dublin Ireland
4390,SaaS companies video testimonials in Dublin Ireland
4391,SaaS companies customer stories in Dublin Ireland
4392,SaaS companies companies collecting testimonials in Dublin Ireland
4393,SaaS companies companies collecting customer reviews in Dublin Ireland
4394,SaaS companies companies using social proof in Dublin Ireland
4395,SaaS companies companies using video testimonials in Dublin Ireland
4396,SaaS companies companies needing more reviews in Dublin Ireland
4397,SaaS companies companies needing testimonial software in Dublin Ireland
4398,SaaS companies companies needing customer feedback tools in Dublin Ireland
4399,SaaS companies companies embedding testimonials on websites in Dublin Ireland
4400,SaaS companies companies showcasing customer reviews in Dublin Ireland
4401,SaaS companies companies showcasing customer stories in Dublin Ireland
4402,SaaS companies companies using review widgets in Dublin Ireland
4403,SaaS companies companies using testimonial widgets in Dublin Ireland
4404,SaaS companies companies building Wall of Love pages in Dublin Ireland
4405,SaaS companies agencies looking for SaaS partners in Dublin Ireland
4406,SaaS companies agencies looking for technology partners in Dublin Ireland
4407,SaaS companies agencies looking for white label software in Dublin Ireland
4408,SaaS companies agencies looking for software partners in Dublin Ireland
4409,SaaS companies agencies offering reputation management in Dublin Ireland
4410,SaaS companies agencies offering review generation in Dublin Ireland
4411,SaaS companies agencies offering testimonial marketing in Dublin Ireland
4412,SaaS companies agencies offering social proof marketing in Dublin Ireland
4413,SaaS companies startups collecting customer feedback in Dublin Ireland
4414,SaaS companies startups using testimonials in Dublin Ireland
4415,SaaS companies startups using social proof in Dublin Ireland
4416,SaaS companies businesses needing more customer reviews in Dublin Ireland
4417,SaaS companies businesses using testimonials in Dublin Ireland
4418,SaaS companies businesses improving customer trust in Dublin Ireland
4419,SaaS companies businesses improving conversion rates in Dublin Ireland
4420,SaaS companies companies customer success stories in Dublin Ireland
4421,SaaS companies companies customer advocacy in Dublin Ireland
4422,SaaS companies companies referral marketing in Dublin Ireland
4423,SaaS companies companies brand trust in Dublin Ireland
4424,SaaS companies companies conversion optimization in Dublin Ireland
4425,SaaS companies companies website conversion in Dublin Ireland
4426,SaaS companies companies client testimonial examples in Dublin Ireland
4427,SaaS companies companies customer review examples in Dublin Ireland
4428,SaaS companies companies customer testimonial examples in Dublin Ireland
4429,SaaS companies companies customer feedback in Dublin Ireland
4430,SaaS companies companies customer experience in Dublin Ireland
4431,SaaS companies companies customer advocacy programs in Dublin Ireland
4432,SaaS companies companies testimonial collection software in Dublin Ireland
4433,SaaS companies companies review collection software in Dublin Ireland
4434,SaaS companies companies video testimonial software in Dublin Ireland
4435,SaaS companies companies social proof software in Dublin Ireland
4436,SaaS companies companies reputation management software in Dublin Ireland
4437,SaaS companies companies customer feedback platform in Dublin Ireland
4438,SaaS companies companies testimonial platform in Dublin Ireland
4439,SaaS companies companies review management platform in Dublin Ireland
4440,SaaS companies businesses collecting customer feedback in Dublin Ireland
4441,SaaS companies businesses collecting customer testimonials in Dublin Ireland
4442,SaaS companies businesses collecting customer reviews in Dublin Ireland
4443,SaaS companies businesses using video reviews in Dublin Ireland
4444,SaaS companies businesses using customer stories in Dublin Ireland
4445,SaaS companies businesses using review widgets in Dublin Ireland
4446,SaaS companies businesses using testimonial widgets in Dublin Ireland
4447,SaaS companies businesses showcasing testimonials in Dublin Ireland
4448,SaaS companies businesses showcasing reviews in Dublin Ireland
4449,SaaS companies businesses showcasing customer stories in Dublin Ireland
4450,SaaS companies businesses needing social proof in Dublin Ireland
4451,SaaS companies businesses needing testimonial marketing in Dublin Ireland
4452,SaaS companies businesses needing customer feedback software in Dublin Ireland
4453,SaaS companies agencies serving startups in Dublin Ireland
4454,SaaS companies agencies serving SaaS companies in Dublin Ireland
4455,SaaS companies agencies serving small businesses in Dublin Ireland
4456,SaaS companies agencies serving ecommerce brands in Dublin Ireland
4457,SaaS companies agencies serving B2B companies in Dublin Ireland
4458,SaaS companies agencies serving local businesses in Dublin Ireland
4459,SaaS companies agencies partnering with SaaS companies in Dublin Ireland
4460,SaaS companies agencies partnering with software companies in Dublin Ireland
4461,SaaS companies agencies offering white label services in Dublin Ireland
4462,SaaS companies agencies offering SaaS solutions in Dublin Ireland
4463,SaaS companies agencies offering customer feedback solutions in Dublin Ireland
4464,SaaS companies agencies offering review management in Dublin Ireland
4465,SaaS companies agencies offering testimonial collection in Dublin Ireland
4466,SaaS companies agencies offering social proof services in Dublin Ireland
4467,SaaS companies companies using customer feedback platforms in Dublin Ireland
4468,SaaS companies companies using testimonial platforms in Dublin Ireland
4469,SaaS companies companies using review management platforms in Dublin Ireland
4470,SaaS companies companies using customer advocacy platforms in Dublin Ireland
4471,SaaS companies companies improving customer experience in Dublin Ireland
4472,SaaS companies companies improving customer trust in Dublin Ireland
4473,SaaS companies companies improving website conversion in Dublin Ireland
4474,SaaS companies companies improving lead conversion in Dublin Ireland
4475,SaaS companies companies improving online reputation in Dublin Ireland
4476,SaaS companies companies building customer trust in Dublin Ireland
4477,SaaS companies companies collecting video reviews in Dublin Ireland
4478,SaaS companies companies collecting video testimonials in Dublin Ireland
4479,SaaS companies companies collecting client feedback in Dublin Ireland
4480,SaaS companies companies collecting customer stories in Dublin Ireland
4481,software companies in Bengaluru India
4482,best software companies in Bengaluru India
4483,top software companies in Bengaluru India
4484,software companies looking for customer testimonials in Bengaluru India
4485,software companies testimonial marketing in Bengaluru India
4486,software companies customer review management in Bengaluru India
4487,software companies social proof marketing in Bengaluru India
4488,software companies review collection in Bengaluru India
4489,software companies customer feedback software in Bengaluru India
4490,software companies testimonial software in Bengaluru India
4491,software companies review software in Bengaluru India
4492,software companies feedback software in Bengaluru India
4493,software companies reputation management in Bengaluru India
4494,software companies customer success teams in Bengaluru India
4495,software companies marketing teams in Bengaluru India
4496,software companies founders in Bengaluru India
4497,software companies business owners in Bengaluru India
4498,software companies growth marketing in Bengaluru India
4499,software companies digital marketing in Bengaluru India
4500,software companies online reviews in Bengaluru India
4501,software companies case studies in Bengaluru India
4502,software companies video testimonials in Bengaluru India
4503,software companies customer stories in Bengaluru India
4504,software companies companies collecting testimonials in Bengaluru India
4505,software companies companies collecting customer reviews in Bengaluru India
4506,software companies companies using social proof in Bengaluru India
4507,software companies companies using video testimonials in Bengaluru India
4508,software companies companies needing more reviews in Bengaluru India
4509,software companies companies needing testimonial software in Bengaluru India
4510,software companies companies needing customer feedback tools in Bengaluru India
4511,software companies companies embedding testimonials on websites in Bengaluru India
4512,software companies companies showcasing customer reviews in Bengaluru India
4513,software companies companies showcasing customer stories in Bengaluru India
4514,software companies companies using review widgets in Bengaluru India
4515,software companies companies using testimonial widgets in Bengaluru India
4516,software companies companies building Wall of Love pages in Bengaluru India
4517,software companies agencies looking for SaaS partners in Bengaluru India
4518,software companies agencies looking for technology partners in Bengaluru India
4519,software companies agencies looking for white label software in Bengaluru India
4520,software companies agencies looking for software partners in Bengaluru India
4521,software companies agencies offering reputation management in Bengaluru India
4522,software companies agencies offering review generation in Bengaluru India
4523,software companies agencies offering testimonial marketing in Bengaluru India
4524,software companies agencies offering social proof marketing in Bengaluru India
4525,software companies startups collecting customer feedback in Bengaluru India
4526,software companies startups using testimonials in Bengaluru India
4527,software companies startups using social proof in Bengaluru India
4528,software companies businesses needing more customer reviews in Bengaluru India
4529,software companies businesses using testimonials in Bengaluru India
4530,software companies businesses improving customer trust in Bengaluru India
4531,software companies businesses improving conversion rates in Bengaluru India
4532,software companies companies customer success stories in Bengaluru India
4533,software companies companies customer advocacy in Bengaluru India
4534,software companies companies referral marketing in Bengaluru India
4535,software companies companies brand trust in Bengaluru India
4536,software companies companies conversion optimization in Bengaluru India
4537,software companies companies website conversion in Bengaluru India
4538,software companies companies client testimonial examples in Bengaluru India
4539,software companies companies customer review examples in Bengaluru India
4540,software companies companies customer testimonial examples in Bengaluru India
4541,software companies companies customer feedback in Bengaluru India
4542,software companies companies customer experience in Bengaluru India
4543,software companies companies customer advocacy programs in Bengaluru India
4544,software companies companies testimonial collection software in Bengaluru India
4545,software companies companies review collection software in Bengaluru India
4546,software companies companies video testimonial software in Bengaluru India
4547,software companies companies social proof software in Bengaluru India
4548,software companies companies reputation management software in Bengaluru India
4549,software companies companies customer feedback platform in Bengaluru India
4550,software companies companies testimonial platform in Bengaluru India
4551,software companies companies review management platform in Bengaluru India
4552,software companies businesses collecting customer feedback in Bengaluru India
4553,software companies businesses collecting customer testimonials in Bengaluru India
4554,software companies businesses collecting customer reviews in Bengaluru India
4555,software companies businesses using video reviews in Bengaluru India
4556,software companies businesses using customer stories in Bengaluru India
4557,software companies businesses using review widgets in Bengaluru India
4558,software companies businesses using testimonial widgets in Bengaluru India
4559,software companies businesses showcasing testimonials in Bengaluru India
4560,software companies businesses showcasing reviews in Bengaluru India
4561,software companies businesses showcasing customer stories in Bengaluru India
4562,software companies businesses needing social proof in Bengaluru India
4563,software companies businesses needing testimonial marketing in Bengaluru India
4564,software companies businesses needing customer feedback software in Bengaluru India
4565,software companies agencies serving startups in Bengaluru India
4566,software companies agencies serving SaaS companies in Bengaluru India
4567,software companies agencies serving small businesses in Bengaluru India
4568,software companies agencies serving ecommerce brands in Bengaluru India
4569,software companies agencies serving B2B companies in Bengaluru India
4570,software companies agencies serving local businesses in Bengaluru India
4571,software companies agencies partnering with SaaS companies in Bengaluru India
4572,software companies agencies partnering with software companies in Bengaluru India
4573,software companies agencies offering white label services in Bengaluru India
4574,software companies agencies offering SaaS solutions in Bengaluru India
4575,software companies agencies offering customer feedback solutions in Bengaluru India
4576,software companies agencies offering review management in Bengaluru India
4577,software companies agencies offering testimonial collection in Bengaluru India
4578,software companies agencies offering social proof services in Bengaluru India
4579,software companies companies using customer feedback platforms in Bengaluru India
4580,software companies companies using testimonial platforms in Bengaluru India
4581,software companies companies using review management platforms in Bengaluru India
4582,software companies companies using customer advocacy platforms in Bengaluru India
4583,software companies companies improving customer experience in Bengaluru India
4584,software companies companies improving customer trust in Bengaluru India
4585,software companies companies improving website conversion in Bengaluru India
4586,software companies companies improving lead conversion in Bengaluru India
4587,software companies companies improving online reputation in Bengaluru India
4588,software companies companies building customer trust in Bengaluru India
4589,software companies companies collecting video reviews in Bengaluru India
4590,software companies companies collecting video testimonials in Bengaluru India
4591,software companies companies collecting client feedback in Bengaluru India
4592,software companies companies collecting customer stories in Bengaluru India
4593,software companies in Mumbai India
4594,best software companies in Mumbai India
4595,top software companies in Mumbai India
4596,software companies looking for customer testimonials in Mumbai India
4597,software companies testimonial marketing in Mumbai India
4598,software companies customer review management in Mumbai India
4599,software companies social proof marketing in Mumbai India
4600,software companies review collection in Mumbai India
4601,software companies customer feedback software in Mumbai India
4602,software companies testimonial software in Mumbai India
4603,software companies review software in Mumbai India
4604,software companies feedback software in Mumbai India
4605,software companies reputation management in Mumbai India
4606,software companies customer success teams in Mumbai India
4607,software companies marketing teams in Mumbai India
4608,software companies founders in Mumbai India
4609,software companies business owners in Mumbai India
4610,software companies growth marketing in Mumbai India
4611,software companies digital marketing in Mumbai India
4612,software companies online reviews in Mumbai India
4613,software companies case studies in Mumbai India
4614,software companies video testimonials in Mumbai India
4615,software companies customer stories in Mumbai India
4616,software companies companies collecting testimonials in Mumbai India
4617,software companies companies collecting customer reviews in Mumbai India
4618,software companies companies using social proof in Mumbai India
4619,software companies companies using video testimonials in Mumbai India
4620,software companies companies needing more reviews in Mumbai India
4621,software companies companies needing testimonial software in Mumbai India
4622,software companies companies needing customer feedback tools in Mumbai India
4623,software companies companies embedding testimonials on websites in Mumbai India
4624,software companies companies showcasing customer reviews in Mumbai India
4625,software companies companies showcasing customer stories in Mumbai India
4626,software companies companies using review widgets in Mumbai India
4627,software companies companies using testimonial widgets in Mumbai India
4628,software companies companies building Wall of Love pages in Mumbai India
4629,software companies agencies looking for SaaS partners in Mumbai India
4630,software companies agencies looking for technology partners in Mumbai India
4631,software companies agencies looking for white label software in Mumbai India
4632,software companies agencies looking for software partners in Mumbai India
4633,software companies agencies offering reputation management in Mumbai India
4634,software companies agencies offering review generation in Mumbai India
4635,software companies agencies offering testimonial marketing in Mumbai India
4636,software companies agencies offering social proof marketing in Mumbai India
4637,software companies startups collecting customer feedback in Mumbai India
4638,software companies startups using testimonials in Mumbai India
4639,software companies startups using social proof in Mumbai India
4640,software companies businesses needing more customer reviews in Mumbai India
4641,software companies businesses using testimonials in Mumbai India
4642,software companies businesses improving customer trust in Mumbai India
4643,software companies businesses improving conversion rates in Mumbai India
4644,software companies companies customer success stories in Mumbai India
4645,software companies companies customer advocacy in Mumbai India
4646,software companies companies referral marketing in Mumbai India
4647,software companies companies brand trust in Mumbai India
4648,software companies companies conversion optimization in Mumbai India
4649,software companies companies website conversion in Mumbai India
4650,software companies companies client testimonial examples in Mumbai India
4651,software companies companies customer review examples in Mumbai India
4652,software companies companies customer testimonial examples in Mumbai India
4653,software companies companies customer feedback in Mumbai India
4654,software companies companies customer experience in Mumbai India
4655,software companies companies customer advocacy programs in Mumbai India
4656,software companies companies testimonial collection software in Mumbai India
4657,software companies companies review collection software in Mumbai India
4658,software companies companies video testimonial software in Mumbai India
4659,software companies companies social proof software in Mumbai India
4660,software companies companies reputation management software in Mumbai India
4661,software companies companies customer feedback platform in Mumbai India
4662,software companies companies testimonial platform in Mumbai India
4663,software companies companies review management platform in Mumbai India
4664,software companies businesses collecting customer feedback in Mumbai India
4665,software companies businesses collecting customer testimonials in Mumbai India
4666,software companies businesses collecting customer reviews in Mumbai India
4667,software companies businesses using video reviews in Mumbai India
4668,software companies businesses using customer stories in Mumbai India
4669,software companies businesses using review widgets in Mumbai India
4670,software companies businesses using testimonial widgets in Mumbai India
4671,software companies businesses showcasing testimonials in Mumbai India
4672,software companies businesses showcasing reviews in Mumbai India
4673,software companies businesses showcasing customer stories in Mumbai India
4674,software companies businesses needing social proof in Mumbai India
4675,software companies businesses needing testimonial marketing in Mumbai India
4676,software companies businesses needing customer feedback software in Mumbai India
4677,software companies agencies serving startups in Mumbai India
4678,software companies agencies serving SaaS companies in Mumbai India
4679,software companies agencies serving small businesses in Mumbai India
4680,software companies agencies serving ecommerce brands in Mumbai India
4681,software companies agencies serving B2B companies in Mumbai India
4682,software companies agencies serving local businesses in Mumbai India
4683,software companies agencies partnering with SaaS companies in Mumbai India
4684,software companies agencies partnering with software companies in Mumbai India
4685,software companies agencies offering white label services in Mumbai India
4686,software companies agencies offering SaaS solutions in Mumbai India
4687,software companies agencies offering customer feedback solutions in Mumbai India
4688,software companies agencies offering review management in Mumbai India
4689,software companies agencies offering testimonial collection in Mumbai India
4690,software companies agencies offering social proof services in Mumbai India
4691,software companies companies using customer feedback platforms in Mumbai India
4692,software companies companies using testimonial platforms in Mumbai India
4693,software companies companies using review management platforms in Mumbai India
4694,software companies companies using customer advocacy platforms in Mumbai India
4695,software companies companies improving customer experience in Mumbai India
4696,software companies companies improving customer trust in Mumbai India
4697,software companies companies improving website conversion in Mumbai India
4698,software companies companies improving lead conversion in Mumbai India
4699,software companies companies improving online reputation in Mumbai India
4700,software companies companies building customer trust in Mumbai India
4701,software companies companies collecting video reviews in Mumbai India
4702,software companies companies collecting video testimonials in Mumbai India
4703,software companies companies collecting client feedback in Mumbai India
4704,software companies companies collecting customer stories in Mumbai India
4705,software companies in Delhi NCR India
4706,best software companies in Delhi NCR India
4707,top software companies in Delhi NCR India
4708,software companies looking for customer testimonials in Delhi NCR India
4709,software companies testimonial marketing in Delhi NCR India
4710,software companies customer review management in Delhi NCR India
4711,software companies social proof marketing in Delhi NCR India
4712,software companies review collection in Delhi NCR India
4713,software companies customer feedback software in Delhi NCR India
4714,software companies testimonial software in Delhi NCR India
4715,software companies review software in Delhi NCR India
4716,software companies feedback software in Delhi NCR India
4717,software companies reputation management in Delhi NCR India
4718,software companies customer success teams in Delhi NCR India
4719,software companies marketing teams in Delhi NCR India
4720,software companies founders in Delhi NCR India
4721,software companies business owners in Delhi NCR India
4722,software companies growth marketing in Delhi NCR India
4723,software companies digital marketing in Delhi NCR India
4724,software companies online reviews in Delhi NCR India
4725,software companies case studies in Delhi NCR India
4726,software companies video testimonials in Delhi NCR India
4727,software companies customer stories in Delhi NCR India
4728,software companies companies collecting testimonials in Delhi NCR India
4729,software companies companies collecting customer reviews in Delhi NCR India
4730,software companies companies using social proof in Delhi NCR India
4731,software companies companies using video testimonials in Delhi NCR India
4732,software companies companies needing more reviews in Delhi NCR India
4733,software companies companies needing testimonial software in Delhi NCR India
4734,software companies companies needing customer feedback tools in Delhi NCR India
4735,software companies companies embedding testimonials on websites in Delhi NCR India
4736,software companies companies showcasing customer reviews in Delhi NCR India
4737,software companies companies showcasing customer stories in Delhi NCR India
4738,software companies companies using review widgets in Delhi NCR India
4739,software companies companies using testimonial widgets in Delhi NCR India
4740,software companies companies building Wall of Love pages in Delhi NCR India
4741,software companies agencies looking for SaaS partners in Delhi NCR India
4742,software companies agencies looking for technology partners in Delhi NCR India
4743,software companies agencies looking for white label software in Delhi NCR India
4744,software companies agencies looking for software partners in Delhi NCR India
4745,software companies agencies offering reputation management in Delhi NCR India
4746,software companies agencies offering review generation in Delhi NCR India
4747,software companies agencies offering testimonial marketing in Delhi NCR India
4748,software companies agencies offering social proof marketing in Delhi NCR India
4749,software companies startups collecting customer feedback in Delhi NCR India
4750,software companies startups using testimonials in Delhi NCR India
4751,software companies startups using social proof in Delhi NCR India
4752,software companies businesses needing more customer reviews in Delhi NCR India
4753,software companies businesses using testimonials in Delhi NCR India
4754,software companies businesses improving customer trust in Delhi NCR India
4755,software companies businesses improving conversion rates in Delhi NCR India
4756,software companies companies customer success stories in Delhi NCR India
4757,software companies companies customer advocacy in Delhi NCR India
4758,software companies companies referral marketing in Delhi NCR India
4759,software companies companies brand trust in Delhi NCR India
4760,software companies companies conversion optimization in Delhi NCR India
4761,software companies companies website conversion in Delhi NCR India
4762,software companies companies client testimonial examples in Delhi NCR India
4763,software companies companies customer review examples in Delhi NCR India
4764,software companies companies customer testimonial examples in Delhi NCR India
4765,software companies companies customer feedback in Delhi NCR India
4766,software companies companies customer experience in Delhi NCR India
4767,software companies companies customer advocacy programs in Delhi NCR India
4768,software companies companies testimonial collection software in Delhi NCR India
4769,software companies companies review collection software in Delhi NCR India
4770,software companies companies video testimonial software in Delhi NCR India
4771,software companies companies social proof software in Delhi NCR India
4772,software companies companies reputation management software in Delhi NCR India
4773,software companies companies customer feedback platform in Delhi NCR India
4774,software companies companies testimonial platform in Delhi NCR India
4775,software companies companies review management platform in Delhi NCR India
4776,software companies businesses collecting customer feedback in Delhi NCR India
4777,software companies businesses collecting customer testimonials in Delhi NCR India
4778,software companies businesses collecting customer reviews in Delhi NCR India
4779,software companies businesses using video reviews in Delhi NCR India
4780,software companies businesses using customer stories in Delhi NCR India
4781,software companies businesses using review widgets in Delhi NCR India
4782,software companies businesses using testimonial widgets in Delhi NCR India
4783,software companies businesses showcasing testimonials in Delhi NCR India
4784,software companies businesses showcasing reviews in Delhi NCR India
4785,software companies businesses showcasing customer stories in Delhi NCR India
4786,software companies businesses needing social proof in Delhi NCR India
4787,software companies businesses needing testimonial marketing in Delhi NCR India
4788,software companies businesses needing customer feedback software in Delhi NCR India
4789,software companies agencies serving startups in Delhi NCR India
4790,software companies agencies serving SaaS companies in Delhi NCR India
4791,software companies agencies serving small businesses in Delhi NCR India
4792,software companies agencies serving ecommerce brands in Delhi NCR India
4793,software companies agencies serving B2B companies in Delhi NCR India
4794,software companies agencies serving local businesses in Delhi NCR India
4795,software companies agencies partnering with SaaS companies in Delhi NCR India
4796,software companies agencies partnering with software companies in Delhi NCR India
4797,software companies agencies offering white label services in Delhi NCR India
4798,software companies agencies offering SaaS solutions in Delhi NCR India
4799,software companies agencies offering customer feedback solutions in Delhi NCR India
4800,software companies agencies offering review management in Delhi NCR India
4801,software companies agencies offering testimonial collection in Delhi NCR India
4802,software companies agencies offering social proof services in Delhi NCR India
4803,software companies companies using customer feedback platforms in Delhi NCR India
4804,software companies companies using testimonial platforms in Delhi NCR India
4805,software companies companies using review management platforms in Delhi NCR India
4806,software companies companies using customer advocacy platforms in Delhi NCR India
4807,software companies companies improving customer experience in Delhi NCR India
4808,software companies companies improving customer trust in Delhi NCR India
4809,software companies companies improving website conversion in Delhi NCR India
4810,software companies companies improving lead conversion in Delhi NCR India
4811,software companies companies improving online reputation in Delhi NCR India
4812,software companies companies building customer trust in Delhi NCR India
4813,software companies companies collecting video reviews in Delhi NCR India
4814,software companies companies collecting video testimonials in Delhi NCR India
4815,software companies companies collecting client feedback in Delhi NCR India
4816,software companies companies collecting customer stories in Delhi NCR India
4817,software companies in Gurugram India
4818,best software companies in Gurugram India
4819,top software companies in Gurugram India
4820,software companies looking for customer testimonials in Gurugram India
4821,software companies testimonial marketing in Gurugram India
4822,software companies customer review management in Gurugram India
4823,software companies social proof marketing in Gurugram India
4824,software companies review collection in Gurugram India
4825,software companies customer feedback software in Gurugram India
4826,software companies testimonial software in Gurugram India
4827,software companies review software in Gurugram India
4828,software companies feedback software in Gurugram India
4829,software companies reputation management in Gurugram India
4830,software companies customer success teams in Gurugram India
4831,software companies marketing teams in Gurugram India
4832,software companies founders in Gurugram India
4833,software companies business owners in Gurugram India
4834,software companies growth marketing in Gurugram India
4835,software companies digital marketing in Gurugram India
4836,software companies online reviews in Gurugram India
4837,software companies case studies in Gurugram India
4838,software companies video testimonials in Gurugram India
4839,software companies customer stories in Gurugram India
4840,software companies companies collecting testimonials in Gurugram India
4841,software companies companies collecting customer reviews in Gurugram India
4842,software companies companies using social proof in Gurugram India
4843,software companies companies using video testimonials in Gurugram India
4844,software companies companies needing more reviews in Gurugram India
4845,software companies companies needing testimonial software in Gurugram India
4846,software companies companies needing customer feedback tools in Gurugram India
4847,software companies companies embedding testimonials on websites in Gurugram India
4848,software companies companies showcasing customer reviews in Gurugram India
4849,software companies companies showcasing customer stories in Gurugram India
4850,software companies companies using review widgets in Gurugram India
4851,software companies companies using testimonial widgets in Gurugram India
4852,software companies companies building Wall of Love pages in Gurugram India
4853,software companies agencies looking for SaaS partners in Gurugram India
4854,software companies agencies looking for technology partners in Gurugram India
4855,software companies agencies looking for white label software in Gurugram India
4856,software companies agencies looking for software partners in Gurugram India
4857,software companies agencies offering reputation management in Gurugram India
4858,software companies agencies offering review generation in Gurugram India
4859,software companies agencies offering testimonial marketing in Gurugram India
4860,software companies agencies offering social proof marketing in Gurugram India
4861,software companies startups collecting customer feedback in Gurugram India
4862,software companies startups using testimonials in Gurugram India
4863,software companies startups using social proof in Gurugram India
4864,software companies businesses needing more customer reviews in Gurugram India
4865,software companies businesses using testimonials in Gurugram India
4866,software companies businesses improving customer trust in Gurugram India
4867,software companies businesses improving conversion rates in Gurugram India
4868,software companies companies customer success stories in Gurugram India
4869,software companies companies customer advocacy in Gurugram India
4870,software companies companies referral marketing in Gurugram India
4871,software companies companies brand trust in Gurugram India
4872,software companies companies conversion optimization in Gurugram India
4873,software companies companies website conversion in Gurugram India
4874,software companies companies client testimonial examples in Gurugram India
4875,software companies companies customer review examples in Gurugram India
4876,software companies companies customer testimonial examples in Gurugram India
4877,software companies companies customer feedback in Gurugram India
4878,software companies companies customer experience in Gurugram India
4879,software companies companies customer advocacy programs in Gurugram India
4880,software companies companies testimonial collection software in Gurugram India
4881,software companies companies review collection software in Gurugram India
4882,software companies companies video testimonial software in Gurugram India
4883,software companies companies social proof software in Gurugram India
4884,software companies companies reputation management software in Gurugram India
4885,software companies companies customer feedback platform in Gurugram India
4886,software companies companies testimonial platform in Gurugram India
4887,software companies companies review management platform in Gurugram India
4888,software companies businesses collecting customer feedback in Gurugram India
4889,software companies businesses collecting customer testimonials in Gurugram India
4890,software companies businesses collecting customer reviews in Gurugram India
4891,software companies businesses using video reviews in Gurugram India
4892,software companies businesses using customer stories in Gurugram India
4893,software companies businesses using review widgets in Gurugram India
4894,software companies businesses using testimonial widgets in Gurugram India
4895,software companies businesses showcasing testimonials in Gurugram India
4896,software companies businesses showcasing reviews in Gurugram India
4897,software companies businesses showcasing customer stories in Gurugram India
4898,software companies businesses needing social proof in Gurugram India
4899,software companies businesses needing testimonial marketing in Gurugram India
4900,software companies businesses needing customer feedback software in Gurugram India
4901,software companies agencies serving startups in Gurugram India
4902,software companies agencies serving SaaS companies in Gurugram India
4903,software companies agencies serving small businesses in Gurugram India
4904,software companies agencies serving ecommerce brands in Gurugram India
4905,software companies agencies serving B2B companies in Gurugram India
4906,software companies agencies serving local businesses in Gurugram India
4907,software companies agencies partnering with SaaS companies in Gurugram India
4908,software companies agencies partnering with software companies in Gurugram India
4909,software companies agencies offering white label services in Gurugram India
4910,software companies agencies offering SaaS solutions in Gurugram India
4911,software companies agencies offering customer feedback solutions in Gurugram India
4912,software companies agencies offering review management in Gurugram India
4913,software companies agencies offering testimonial collection in Gurugram India
4914,software companies agencies offering social proof services in Gurugram India
4915,software companies companies using customer feedback platforms in Gurugram India
4916,software companies companies using testimonial platforms in Gurugram India
4917,software companies companies using review management platforms in Gurugram India
4918,software companies companies using customer advocacy platforms in Gurugram India
4919,software companies companies improving customer experience in Gurugram India
4920,software companies companies improving customer trust in Gurugram India
4921,software companies companies improving website conversion in Gurugram India
4922,software companies companies improving lead conversion in Gurugram India
4923,software companies companies improving online reputation in Gurugram India
4924,software companies companies building customer trust in Gurugram India
4925,software companies companies collecting video reviews in Gurugram India
4926,software companies companies collecting video testimonials in Gurugram India
4927,software companies companies collecting client feedback in Gurugram India
4928,software companies companies collecting customer stories in Gurugram India
4929,software companies in Noida India
4930,best software companies in Noida India
4931,top software companies in Noida India
4932,software companies looking for customer testimonials in Noida India
4933,software companies testimonial marketing in Noida India
4934,software companies customer review management in Noida India
4935,software companies social proof marketing in Noida India
4936,software companies review collection in Noida India
4937,software companies customer feedback software in Noida India
4938,software companies testimonial software in Noida India
4939,software companies review software in Noida India
4940,software companies feedback software in Noida India
4941,software companies reputation management in Noida India
4942,software companies customer success teams in Noida India
4943,software companies marketing teams in Noida India
4944,software companies founders in Noida India
4945,software companies business owners in Noida India
4946,software companies growth marketing in Noida India
4947,software companies digital marketing in Noida India
4948,software companies online reviews in Noida India
4949,software companies case studies in Noida India
4950,software companies video testimonials in Noida India
4951,software companies customer stories in Noida India
4952,software companies companies collecting testimonials in Noida India
4953,software companies companies collecting customer reviews in Noida India
4954,software companies companies using social proof in Noida India
4955,software companies companies using video testimonials in Noida India
4956,software companies companies needing more reviews in Noida India
4957,software companies companies needing testimonial software in Noida India
4958,software companies companies needing customer feedback tools in Noida India
4959,software companies companies embedding testimonials on websites in Noida India
4960,software companies companies showcasing customer reviews in Noida India
4961,software companies companies showcasing customer stories in Noida India
4962,software companies companies using review widgets in Noida India
4963,software companies companies using testimonial widgets in Noida India
4964,software companies companies building Wall of Love pages in Noida India
4965,software companies agencies looking for SaaS partners in Noida India
4966,software companies agencies looking for technology partners in Noida India
4967,software companies agencies looking for white label software in Noida India
4968,software companies agencies looking for software partners in Noida India
4969,software companies agencies offering reputation management in Noida India
4970,software companies agencies offering review generation in Noida India
4971,software companies agencies offering testimonial marketing in Noida India
4972,software companies agencies offering social proof marketing in Noida India
4973,software companies startups collecting customer feedback in Noida India
4974,software companies startups using testimonials in Noida India
4975,software companies startups using social proof in Noida India
4976,software companies businesses needing more customer reviews in Noida India
4977,software companies businesses using testimonials in Noida India
4978,software companies businesses improving customer trust in Noida India
4979,software companies businesses improving conversion rates in Noida India
4980,software companies companies customer success stories in Noida India
4981,software companies companies customer advocacy in Noida India
4982,software companies companies referral marketing in Noida India
4983,software companies companies brand trust in Noida India
4984,software companies companies conversion optimization in Noida India
4985,software companies companies website conversion in Noida India
4986,software companies companies client testimonial examples in Noida India
4987,software companies companies customer review examples in Noida India
4988,software companies companies customer testimonial examples in Noida India
4989,software companies companies customer feedback in Noida India
4990,software companies companies customer experience in Noida India
4991,software companies companies customer advocacy programs in Noida India
4992,software companies companies testimonial collection software in Noida India
4993,software companies companies review collection software in Noida India
4994,software companies companies video testimonial software in Noida India
4995,software companies companies social proof software in Noida India
4996,software companies companies reputation management software in Noida India
4997,software companies companies customer feedback platform in Noida India
4998,software companies companies testimonial platform in Noida India
4999,software companies companies review management platform in Noida India
5000,software companies businesses collecting customer feedback in Noida India
5001,software companies businesses collecting customer testimonials in Noida India
5002,software companies businesses collecting customer reviews in Noida India
5003,software companies businesses using video reviews in Noida India
5004,software companies businesses using customer stories in Noida India
5005,software companies businesses using review widgets in Noida India
5006,software companies businesses using testimonial widgets in Noida India
5007,software companies businesses showcasing testimonials in Noida India
5008,software companies businesses showcasing reviews in Noida India
5009,software companies businesses showcasing customer stories in Noida India
5010,software companies businesses needing social proof in Noida India
5011,software companies businesses needing testimonial marketing in Noida India
5012,software companies businesses needing customer feedback software in Noida India
5013,software companies agencies serving startups in Noida India
5014,software companies agencies serving SaaS companies in Noida India
5015,software companies agencies serving small businesses in Noida India
5016,software companies agencies serving ecommerce brands in Noida India
5017,software companies agencies serving B2B companies in Noida India
5018,software companies agencies serving local businesses in Noida India
5019,software companies agencies partnering with SaaS companies in Noida India
5020,software companies agencies partnering with software companies in Noida India
5021,software companies agencies offering white label services in Noida India
5022,software companies agencies offering SaaS solutions in Noida India
5023,software companies agencies offering customer feedback solutions in Noida India
5024,software companies agencies offering review management in Noida India
5025,software companies agencies offering testimonial collection in Noida India
5026,software companies agencies offering social proof services in Noida India
5027,software companies companies using customer feedback platforms in Noida India
5028,software companies companies using testimonial platforms in Noida India
5029,software companies companies using review management platforms in Noida India
5030,software companies companies using customer advocacy platforms in Noida India
5031,software companies companies improving customer experience in Noida India
5032,software companies companies improving customer trust in Noida India
5033,software companies companies improving website conversion in Noida India
5034,software companies companies improving lead conversion in Noida India
5035,software companies companies improving online reputation in Noida India
5036,software companies companies building customer trust in Noida India
5037,software companies companies collecting video reviews in Noida India
5038,software companies companies collecting video testimonials in Noida India
5039,software companies companies collecting client feedback in Noida India
5040,software companies companies collecting customer stories in Noida India
5041,software companies in Hyderabad India
5042,best software companies in Hyderabad India
5043,top software companies in Hyderabad India
5044,software companies looking for customer testimonials in Hyderabad India
5045,software companies testimonial marketing in Hyderabad India
5046,software companies customer review management in Hyderabad India
5047,software companies social proof marketing in Hyderabad India
5048,software companies review collection in Hyderabad India
5049,software companies customer feedback software in Hyderabad India
5050,software companies testimonial software in Hyderabad India
5051,software companies review software in Hyderabad India
5052,software companies feedback software in Hyderabad India
5053,software companies reputation management in Hyderabad India
5054,software companies customer success teams in Hyderabad India
5055,software companies marketing teams in Hyderabad India
5056,software companies founders in Hyderabad India
5057,software companies business owners in Hyderabad India
5058,software companies growth marketing in Hyderabad India
5059,software companies digital marketing in Hyderabad India
5060,software companies online reviews in Hyderabad India
5061,software companies case studies in Hyderabad India
5062,software companies video testimonials in Hyderabad India
5063,software companies customer stories in Hyderabad India
5064,software companies companies collecting testimonials in Hyderabad India
5065,software companies companies collecting customer reviews in Hyderabad India
5066,software companies companies using social proof in Hyderabad India
5067,software companies companies using video testimonials in Hyderabad India
5068,software companies companies needing more reviews in Hyderabad India
5069,software companies companies needing testimonial software in Hyderabad India
5070,software companies companies needing customer feedback tools in Hyderabad India
5071,software companies companies embedding testimonials on websites in Hyderabad India
5072,software companies companies showcasing customer reviews in Hyderabad India
5073,software companies companies showcasing customer stories in Hyderabad India
5074,software companies companies using review widgets in Hyderabad India
5075,software companies companies using testimonial widgets in Hyderabad India
5076,software companies companies building Wall of Love pages in Hyderabad India
5077,software companies agencies looking for SaaS partners in Hyderabad India
5078,software companies agencies looking for technology partners in Hyderabad India
5079,software companies agencies looking for white label software in Hyderabad India
5080,software companies agencies looking for software partners in Hyderabad India
5081,software companies agencies offering reputation management in Hyderabad India
5082,software companies agencies offering review generation in Hyderabad India
5083,software companies agencies offering testimonial marketing in Hyderabad India
5084,software companies agencies offering social proof marketing in Hyderabad India
5085,software companies startups collecting customer feedback in Hyderabad India
5086,software companies startups using testimonials in Hyderabad India
5087,software companies startups using social proof in Hyderabad India
5088,software companies businesses needing more customer reviews in Hyderabad India
5089,software companies businesses using testimonials in Hyderabad India
5090,software companies businesses improving customer trust in Hyderabad India
5091,software companies businesses improving conversion rates in Hyderabad India
5092,software companies companies customer success stories in Hyderabad India
5093,software companies companies customer advocacy in Hyderabad India
5094,software companies companies referral marketing in Hyderabad India
5095,software companies companies brand trust in Hyderabad India
5096,software companies companies conversion optimization in Hyderabad India
5097,software companies companies website conversion in Hyderabad India
5098,software companies companies client testimonial examples in Hyderabad India
5099,software companies companies customer review examples in Hyderabad India
5100,software companies companies customer testimonial examples in Hyderabad India
5101,software companies companies customer feedback in Hyderabad India
5102,software companies companies customer experience in Hyderabad India
5103,software companies companies customer advocacy programs in Hyderabad India
5104,software companies companies testimonial collection software in Hyderabad India
5105,software companies companies review collection software in Hyderabad India
5106,software companies companies video testimonial software in Hyderabad India
5107,software companies companies social proof software in Hyderabad India
5108,software companies companies reputation management software in Hyderabad India
5109,software companies companies customer feedback platform in Hyderabad India
5110,software companies companies testimonial platform in Hyderabad India
5111,software companies companies review management platform in Hyderabad India
5112,software companies businesses collecting customer feedback in Hyderabad India
5113,software companies businesses collecting customer testimonials in Hyderabad India
5114,software companies businesses collecting customer reviews in Hyderabad India
5115,software companies businesses using video reviews in Hyderabad India
5116,software companies businesses using customer stories in Hyderabad India
5117,software companies businesses using review widgets in Hyderabad India
5118,software companies businesses using testimonial widgets in Hyderabad India
5119,software companies businesses showcasing testimonials in Hyderabad India
5120,software companies businesses showcasing reviews in Hyderabad India
5121,software companies businesses showcasing customer stories in Hyderabad India
5122,software companies businesses needing social proof in Hyderabad India
5123,software companies businesses needing testimonial marketing in Hyderabad India
5124,software companies businesses needing customer feedback software in Hyderabad India
5125,software companies agencies serving startups in Hyderabad India
5126,software companies agencies serving SaaS companies in Hyderabad India
5127,software companies agencies serving small businesses in Hyderabad India
5128,software companies agencies serving ecommerce brands in Hyderabad India
5129,software companies agencies serving B2B companies in Hyderabad India
5130,software companies agencies serving local businesses in Hyderabad India
5131,software companies agencies partnering with SaaS companies in Hyderabad India
5132,software companies agencies partnering with software companies in Hyderabad India
5133,software companies agencies offering white label services in Hyderabad India
5134,software companies agencies offering SaaS solutions in Hyderabad India
5135,software companies agencies offering customer feedback solutions in Hyderabad India
5136,software companies agencies offering review management in Hyderabad India
5137,software companies agencies offering testimonial collection in Hyderabad India
5138,software companies agencies offering social proof services in Hyderabad India
5139,software companies companies using customer feedback platforms in Hyderabad India
5140,software companies companies using testimonial platforms in Hyderabad India
5141,software companies companies using review management platforms in Hyderabad India
5142,software companies companies using customer advocacy platforms in Hyderabad India
5143,software companies companies improving customer experience in Hyderabad India
5144,software companies companies improving customer trust in Hyderabad India
5145,software companies companies improving website conversion in Hyderabad India
5146,software companies companies improving lead conversion in Hyderabad India
5147,software companies companies improving online reputation in Hyderabad India
5148,software companies companies building customer trust in Hyderabad India
5149,software companies companies collecting video reviews in Hyderabad India
5150,software companies companies collecting video testimonials in Hyderabad India
5151,software companies companies collecting client feedback in Hyderabad India
5152,software companies companies collecting customer stories in Hyderabad India
5153,software companies in Chennai India
5154,best software companies in Chennai India
5155,top software companies in Chennai India
5156,software companies looking for customer testimonials in Chennai India
5157,software companies testimonial marketing in Chennai India
5158,software companies customer review management in Chennai India
5159,software companies social proof marketing in Chennai India
5160,software companies review collection in Chennai India
5161,software companies customer feedback software in Chennai India
5162,software companies testimonial software in Chennai India
5163,software companies review software in Chennai India
5164,software companies feedback software in Chennai India
5165,software companies reputation management in Chennai India
5166,software companies customer success teams in Chennai India
5167,software companies marketing teams in Chennai India
5168,software companies founders in Chennai India
5169,software companies business owners in Chennai India
5170,software companies growth marketing in Chennai India
5171,software companies digital marketing in Chennai India
5172,software companies online reviews in Chennai India
5173,software companies case studies in Chennai India
5174,software companies video testimonials in Chennai India
5175,software companies customer stories in Chennai India
5176,software companies companies collecting testimonials in Chennai India
5177,software companies companies collecting customer reviews in Chennai India
5178,software companies companies using social proof in Chennai India
5179,software companies companies using video testimonials in Chennai India
5180,software companies companies needing more reviews in Chennai India
5181,software companies companies needing testimonial software in Chennai India
5182,software companies companies needing customer feedback tools in Chennai India
5183,software companies companies embedding testimonials on websites in Chennai India
5184,software companies companies showcasing customer reviews in Chennai India
5185,software companies companies showcasing customer stories in Chennai India
5186,software companies companies using review widgets in Chennai India
5187,software companies companies using testimonial widgets in Chennai India
5188,software companies companies building Wall of Love pages in Chennai India
5189,software companies agencies looking for SaaS partners in Chennai India
5190,software companies agencies looking for technology partners in Chennai India
5191,software companies agencies looking for white label software in Chennai India
5192,software companies agencies looking for software partners in Chennai India
5193,software companies agencies offering reputation management in Chennai India
5194,software companies agencies offering review generation in Chennai India
5195,software companies agencies offering testimonial marketing in Chennai India
5196,software companies agencies offering social proof marketing in Chennai India
5197,software companies startups collecting customer feedback in Chennai India
5198,software companies startups using testimonials in Chennai India
5199,software companies startups using social proof in Chennai India
5200,software companies businesses needing more customer reviews in Chennai India
5201,software companies businesses using testimonials in Chennai India
5202,software companies businesses improving customer trust in Chennai India
5203,software companies businesses improving conversion rates in Chennai India
5204,software companies companies customer success stories in Chennai India
5205,software companies companies customer advocacy in Chennai India
5206,software companies companies referral marketing in Chennai India
5207,software companies companies brand trust in Chennai India
5208,software companies companies conversion optimization in Chennai India
5209,software companies companies website conversion in Chennai India
5210,software companies companies client testimonial examples in Chennai India
5211,software companies companies customer review examples in Chennai India
5212,software companies companies customer testimonial examples in Chennai India
5213,software companies companies customer feedback in Chennai India
5214,software companies companies customer experience in Chennai India
5215,software companies companies customer advocacy programs in Chennai India
5216,software companies companies testimonial collection software in Chennai India
5217,software companies companies review collection software in Chennai India
5218,software companies companies video testimonial software in Chennai India
5219,software companies companies social proof software in Chennai India
5220,software companies companies reputation management software in Chennai India
5221,software companies companies customer feedback platform in Chennai India
5222,software companies companies testimonial platform in Chennai India
5223,software companies companies review management platform in Chennai India
5224,software companies businesses collecting customer feedback in Chennai India
5225,software companies businesses collecting customer testimonials in Chennai India
5226,software companies businesses collecting customer reviews in Chennai India
5227,software companies businesses using video reviews in Chennai India
5228,software companies businesses using customer stories in Chennai India
5229,software companies businesses using review widgets in Chennai India
5230,software companies businesses using testimonial widgets in Chennai India
5231,software companies businesses showcasing testimonials in Chennai India
5232,software companies businesses showcasing reviews in Chennai India
5233,software companies businesses showcasing customer stories in Chennai India
5234,software companies businesses needing social proof in Chennai India
5235,software companies businesses needing testimonial marketing in Chennai India
5236,software companies businesses needing customer feedback software in Chennai India
5237,software companies agencies serving startups in Chennai India
5238,software companies agencies serving SaaS companies in Chennai India
5239,software companies agencies serving small businesses in Chennai India
5240,software companies agencies serving ecommerce brands in Chennai India
5241,software companies agencies serving B2B companies in Chennai India
5242,software companies agencies serving local businesses in Chennai India
5243,software companies agencies partnering with SaaS companies in Chennai India
5244,software companies agencies partnering with software companies in Chennai India
5245,software companies agencies offering white label services in Chennai India
5246,software companies agencies offering SaaS solutions in Chennai India
5247,software companies agencies offering customer feedback solutions in Chennai India
5248,software companies agencies offering review management in Chennai India
5249,software companies agencies offering testimonial collection in Chennai India
5250,software companies agencies offering social proof services in Chennai India
5251,software companies companies using customer feedback platforms in Chennai India
5252,software companies companies using testimonial platforms in Chennai India
5253,software companies companies using review management platforms in Chennai India
5254,software companies companies using customer advocacy platforms in Chennai India
5255,software companies companies improving customer experience in Chennai India
5256,software companies companies improving customer trust in Chennai India
5257,software companies companies improving website conversion in Chennai India
5258,software companies companies improving lead conversion in Chennai India
5259,software companies companies improving online reputation in Chennai India
5260,software companies companies building customer trust in Chennai India
5261,software companies companies collecting video reviews in Chennai India
5262,software companies companies collecting video testimonials in Chennai India
5263,software companies companies collecting client feedback in Chennai India
5264,software companies companies collecting customer stories in Chennai India
5265,software companies in Pune India
5266,best software companies in Pune India
5267,top software companies in Pune India
5268,software companies looking for customer testimonials in Pune India
5269,software companies testimonial marketing in Pune India
5270,software companies customer review management in Pune India
5271,software companies social proof marketing in Pune India
5272,software companies review collection in Pune India
5273,software companies customer feedback software in Pune India
5274,software companies testimonial software in Pune India
5275,software companies review software in Pune India
5276,software companies feedback software in Pune India
5277,software companies reputation management in Pune India
5278,software companies customer success teams in Pune India
5279,software companies marketing teams in Pune India
5280,software companies founders in Pune India
5281,software companies business owners in Pune India
5282,software companies growth marketing in Pune India
5283,software companies digital marketing in Pune India
5284,software companies online reviews in Pune India
5285,software companies case studies in Pune India
5286,software companies video testimonials in Pune India
5287,software companies customer stories in Pune India
5288,software companies companies collecting testimonials in Pune India
5289,software companies companies collecting customer reviews in Pune India
5290,software companies companies using social proof in Pune India
5291,software companies companies using video testimonials in Pune India
5292,software companies companies needing more reviews in Pune India
5293,software companies companies needing testimonial software in Pune India
5294,software companies companies needing customer feedback tools in Pune India
5295,software companies companies embedding testimonials on websites in Pune India
5296,software companies companies showcasing customer reviews in Pune India
5297,software companies companies showcasing customer stories in Pune India
5298,software companies companies using review widgets in Pune India
5299,software companies companies using testimonial widgets in Pune India
5300,software companies companies building Wall of Love pages in Pune India
5301,software companies agencies looking for SaaS partners in Pune India
5302,software companies agencies looking for technology partners in Pune India
5303,software companies agencies looking for white label software in Pune India
5304,software companies agencies looking for software partners in Pune India
5305,software companies agencies offering reputation management in Pune India
5306,software companies agencies offering review generation in Pune India
5307,software companies agencies offering testimonial marketing in Pune India
5308,software companies agencies offering social proof marketing in Pune India
5309,software companies startups collecting customer feedback in Pune India
5310,software companies startups using testimonials in Pune India
5311,software companies startups using social proof in Pune India
5312,software companies businesses needing more customer reviews in Pune India
5313,software companies businesses using testimonials in Pune India
5314,software companies businesses improving customer trust in Pune India
5315,software companies businesses improving conversion rates in Pune India
5316,software companies companies customer success stories in Pune India
5317,software companies companies customer advocacy in Pune India
5318,software companies companies referral marketing in Pune India
5319,software companies companies brand trust in Pune India
5320,software companies companies conversion optimization in Pune India
5321,software companies companies website conversion in Pune India
5322,software companies companies client testimonial examples in Pune India
5323,software companies companies customer review examples in Pune India
5324,software companies companies customer testimonial examples in Pune India
5325,software companies companies customer feedback in Pune India
5326,software companies companies customer experience in Pune India
5327,software companies companies customer advocacy programs in Pune India
5328,software companies companies testimonial collection software in Pune India
5329,software companies companies review collection software in Pune India
5330,software companies companies video testimonial software in Pune India
5331,software companies companies social proof software in Pune India
5332,software companies companies reputation management software in Pune India
5333,software companies companies customer feedback platform in Pune India
5334,software companies companies testimonial platform in Pune India
5335,software companies companies review management platform in Pune India
5336,software companies businesses collecting customer feedback in Pune India
5337,software companies businesses collecting customer testimonials in Pune India
5338,software companies businesses collecting customer reviews in Pune India
5339,software companies businesses using video reviews in Pune India
5340,software companies businesses using customer stories in Pune India
5341,software companies businesses using review widgets in Pune India
5342,software companies businesses using testimonial widgets in Pune India
5343,software companies businesses showcasing testimonials in Pune India
5344,software companies businesses showcasing reviews in Pune India
5345,software companies businesses showcasing customer stories in Pune India
5346,software companies businesses needing social proof in Pune India
5347,software companies businesses needing testimonial marketing in Pune India
5348,software companies businesses needing customer feedback software in Pune India
5349,software companies agencies serving startups in Pune India
5350,software companies agencies serving SaaS companies in Pune India
5351,software companies agencies serving small businesses in Pune India
5352,software companies agencies serving ecommerce brands in Pune India
5353,software companies agencies serving B2B companies in Pune India
5354,software companies agencies serving local businesses in Pune India
5355,software companies agencies partnering with SaaS companies in Pune India
5356,software companies agencies partnering with software companies in Pune India
5357,software companies agencies offering white label services in Pune India
5358,software companies agencies offering SaaS solutions in Pune India
5359,software companies agencies offering customer feedback solutions in Pune India
5360,software companies agencies offering review management in Pune India
5361,software companies agencies offering testimonial collection in Pune India
5362,software companies agencies offering social proof services in Pune India
5363,software companies companies using customer feedback platforms in Pune India
5364,software companies companies using testimonial platforms in Pune India
5365,software companies companies using review management platforms in Pune India
5366,software companies companies using customer advocacy platforms in Pune India
5367,software companies companies improving customer experience in Pune India
5368,software companies companies improving customer trust in Pune India
5369,software companies companies improving website conversion in Pune India
5370,software companies companies improving lead conversion in Pune India
5371,software companies companies improving online reputation in Pune India
5372,software companies companies building customer trust in Pune India
5373,software companies companies collecting video reviews in Pune India
5374,software companies companies collecting video testimonials in Pune India
5375,software companies companies collecting client feedback in Pune India
5376,software companies companies collecting customer stories in Pune India
5377,software companies in Ahmedabad India
5378,best software companies in Ahmedabad India
5379,top software companies in Ahmedabad India
5380,software companies looking for customer testimonials in Ahmedabad India
5381,software companies testimonial marketing in Ahmedabad India
5382,software companies customer review management in Ahmedabad India
5383,software companies social proof marketing in Ahmedabad India
5384,software companies review collection in Ahmedabad India
5385,software companies customer feedback software in Ahmedabad India
5386,software companies testimonial software in Ahmedabad India
5387,software companies review software in Ahmedabad India
5388,software companies feedback software in Ahmedabad India
5389,software companies reputation management in Ahmedabad India
5390,software companies customer success teams in Ahmedabad India
5391,software companies marketing teams in Ahmedabad India
5392,software companies founders in Ahmedabad India
5393,software companies business owners in Ahmedabad India
5394,software companies growth marketing in Ahmedabad India
5395,software companies digital marketing in Ahmedabad India
5396,software companies online reviews in Ahmedabad India
5397,software companies case studies in Ahmedabad India
5398,software companies video testimonials in Ahmedabad India
5399,software companies customer stories in Ahmedabad India
5400,software companies companies collecting testimonials in Ahmedabad India
5401,software companies companies collecting customer reviews in Ahmedabad India
5402,software companies companies using social proof in Ahmedabad India
5403,software companies companies using video testimonials in Ahmedabad India
5404,software companies companies needing more reviews in Ahmedabad India
5405,software companies companies needing testimonial software in Ahmedabad India
5406,software companies companies needing customer feedback tools in Ahmedabad India
5407,software companies companies embedding testimonials on websites in Ahmedabad India
5408,software companies companies showcasing customer reviews in Ahmedabad India
5409,software companies companies showcasing customer stories in Ahmedabad India
5410,software companies companies using review widgets in Ahmedabad India
5411,software companies companies using testimonial widgets in Ahmedabad India
5412,software companies companies building Wall of Love pages in Ahmedabad India
5413,software companies agencies looking for SaaS partners in Ahmedabad India
5414,software companies agencies looking for technology partners in Ahmedabad India
5415,software companies agencies looking for white label software in Ahmedabad India
5416,software companies agencies looking for software partners in Ahmedabad India
5417,software companies agencies offering reputation management in Ahmedabad India
5418,software companies agencies offering review generation in Ahmedabad India
5419,software companies agencies offering testimonial marketing in Ahmedabad India
5420,software companies agencies offering social proof marketing in Ahmedabad India
5421,software companies startups collecting customer feedback in Ahmedabad India
5422,software companies startups using testimonials in Ahmedabad India
5423,software companies startups using social proof in Ahmedabad India
5424,software companies businesses needing more customer reviews in Ahmedabad India
5425,software companies businesses using testimonials in Ahmedabad India
5426,software companies businesses improving customer trust in Ahmedabad India
5427,software companies businesses improving conversion rates in Ahmedabad India
5428,software companies companies customer success stories in Ahmedabad India
5429,software companies companies customer advocacy in Ahmedabad India
5430,software companies companies referral marketing in Ahmedabad India
5431,software companies companies brand trust in Ahmedabad India
5432,software companies companies conversion optimization in Ahmedabad India
5433,software companies companies website conversion in Ahmedabad India
5434,software companies companies client testimonial examples in Ahmedabad India
5435,software companies companies customer review examples in Ahmedabad India
5436,software companies companies customer testimonial examples in Ahmedabad India
5437,software companies companies customer feedback in Ahmedabad India
5438,software companies companies customer experience in Ahmedabad India
5439,software companies companies customer advocacy programs in Ahmedabad India
5440,software companies companies testimonial collection software in Ahmedabad India
5441,software companies companies review collection software in Ahmedabad India
5442,software companies companies video testimonial software in Ahmedabad India
5443,software companies companies social proof software in Ahmedabad India
5444,software companies companies reputation management software in Ahmedabad India
5445,software companies companies customer feedback platform in Ahmedabad India
5446,software companies companies testimonial platform in Ahmedabad India
5447,software companies companies review management platform in Ahmedabad India
5448,software companies businesses collecting customer feedback in Ahmedabad India
5449,software companies businesses collecting customer testimonials in Ahmedabad India
5450,software companies businesses collecting customer reviews in Ahmedabad India
5451,software companies businesses using video reviews in Ahmedabad India
5452,software companies businesses using customer stories in Ahmedabad India
5453,software companies businesses using review widgets in Ahmedabad India
5454,software companies businesses using testimonial widgets in Ahmedabad India
5455,software companies businesses showcasing testimonials in Ahmedabad India
5456,software companies businesses showcasing reviews in Ahmedabad India
5457,software companies businesses showcasing customer stories in Ahmedabad India
5458,software companies businesses needing social proof in Ahmedabad India
5459,software companies businesses needing testimonial marketing in Ahmedabad India
5460,software companies businesses needing customer feedback software in Ahmedabad India
5461,software companies agencies serving startups in Ahmedabad India
5462,software companies agencies serving SaaS companies in Ahmedabad India
5463,software companies agencies serving small businesses in Ahmedabad India
5464,software companies agencies serving ecommerce brands in Ahmedabad India
5465,software companies agencies serving B2B companies in Ahmedabad India
5466,software companies agencies serving local businesses in Ahmedabad India
5467,software companies agencies partnering with SaaS companies in Ahmedabad India
5468,software companies agencies partnering with software companies in Ahmedabad India
5469,software companies agencies offering white label services in Ahmedabad India
5470,software companies agencies offering SaaS solutions in Ahmedabad India
5471,software companies agencies offering customer feedback solutions in Ahmedabad India
5472,software companies agencies offering review management in Ahmedabad India
5473,software companies agencies offering testimonial collection in Ahmedabad India
5474,software companies agencies offering social proof services in Ahmedabad India
5475,software companies companies using customer feedback platforms in Ahmedabad India
5476,software companies companies using testimonial platforms in Ahmedabad India
5477,software companies companies using review management platforms in Ahmedabad India
5478,software companies companies using customer advocacy platforms in Ahmedabad India
5479,software companies companies improving customer experience in Ahmedabad India
5480,software companies companies improving customer trust in Ahmedabad India
5481,software companies companies improving website conversion in Ahmedabad India
5482,software companies companies improving lead conversion in Ahmedabad India
5483,software companies companies improving online reputation in Ahmedabad India
5484,software companies companies building customer trust in Ahmedabad India
5485,software companies companies collecting video reviews in Ahmedabad India
5486,software companies companies collecting video testimonials in Ahmedabad India
5487,software companies companies collecting client feedback in Ahmedabad India
5488,software companies companies collecting customer stories in Ahmedabad India
5489,software companies in Kolkata India
5490,best software companies in Kolkata India
5491,top software companies in Kolkata India
5492,software companies looking for customer testimonials in Kolkata India
5493,software companies testimonial marketing in Kolkata India
5494,software companies customer review management in Kolkata India
5495,software companies social proof marketing in Kolkata India
5496,software companies review collection in Kolkata India
5497,software companies customer feedback software in Kolkata India
5498,software companies testimonial software in Kolkata India
5499,software companies review software in Kolkata India
5500,software companies feedback software in Kolkata India
5501,software companies reputation management in Kolkata India
5502,software companies customer success teams in Kolkata India
5503,software companies marketing teams in Kolkata India
5504,software companies founders in Kolkata India
5505,software companies business owners in Kolkata India
5506,software companies growth marketing in Kolkata India
5507,software companies digital marketing in Kolkata India
5508,software companies online reviews in Kolkata India
5509,software companies case studies in Kolkata India
5510,software companies video testimonials in Kolkata India
5511,software companies customer stories in Kolkata India
5512,software companies companies collecting testimonials in Kolkata India
5513,software companies companies collecting customer reviews in Kolkata India
5514,software companies companies using social proof in Kolkata India
5515,software companies companies using video testimonials in Kolkata India
5516,software companies companies needing more reviews in Kolkata India
5517,software companies companies needing testimonial software in Kolkata India
5518,software companies companies needing customer feedback tools in Kolkata India
5519,software companies companies embedding testimonials on websites in Kolkata India
5520,software companies companies showcasing customer reviews in Kolkata India
5521,software companies companies showcasing customer stories in Kolkata India
5522,software companies companies using review widgets in Kolkata India
5523,software companies companies using testimonial widgets in Kolkata India
5524,software companies companies building Wall of Love pages in Kolkata India
5525,software companies agencies looking for SaaS partners in Kolkata India
5526,software companies agencies looking for technology partners in Kolkata India
5527,software companies agencies looking for white label software in Kolkata India
5528,software companies agencies looking for software partners in Kolkata India
5529,software companies agencies offering reputation management in Kolkata India
5530,software companies agencies offering review generation in Kolkata India
5531,software companies agencies offering testimonial marketing in Kolkata India
5532,software companies agencies offering social proof marketing in Kolkata India
5533,software companies startups collecting customer feedback in Kolkata India
5534,software companies startups using testimonials in Kolkata India
5535,software companies startups using social proof in Kolkata India
5536,software companies businesses needing more customer reviews in Kolkata India
5537,software companies businesses using testimonials in Kolkata India
5538,software companies businesses improving customer trust in Kolkata India
5539,software companies businesses improving conversion rates in Kolkata India
5540,software companies companies customer success stories in Kolkata India
5541,software companies companies customer advocacy in Kolkata India
5542,software companies companies referral marketing in Kolkata India
5543,software companies companies brand trust in Kolkata India
5544,software companies companies conversion optimization in Kolkata India
5545,software companies companies website conversion in Kolkata India
5546,software companies companies client testimonial examples in Kolkata India
5547,software companies companies customer review examples in Kolkata India
5548,software companies companies customer testimonial examples in Kolkata India
5549,software companies companies customer feedback in Kolkata India
5550,software companies companies customer experience in Kolkata India
5551,software companies companies customer advocacy programs in Kolkata India
5552,software companies companies testimonial collection software in Kolkata India
5553,software companies companies review collection software in Kolkata India
5554,software companies companies video testimonial software in Kolkata India
5555,software companies companies social proof software in Kolkata India
5556,software companies companies reputation management software in Kolkata India
5557,software companies companies customer feedback platform in Kolkata India
5558,software companies companies testimonial platform in Kolkata India
5559,software companies companies review management platform in Kolkata India
5560,software companies businesses collecting customer feedback in Kolkata India
5561,software companies businesses collecting customer testimonials in Kolkata India
5562,software companies businesses collecting customer reviews in Kolkata India
5563,software companies businesses using video reviews in Kolkata India
5564,software companies businesses using customer stories in Kolkata India
5565,software companies businesses using review widgets in Kolkata India
5566,software companies businesses using testimonial widgets in Kolkata India
5567,software companies businesses showcasing testimonials in Kolkata India
5568,software companies businesses showcasing reviews in Kolkata India
5569,software companies businesses showcasing customer stories in Kolkata India
5570,software companies businesses needing social proof in Kolkata India
5571,software companies businesses needing testimonial marketing in Kolkata India
5572,software companies businesses needing customer feedback software in Kolkata India
5573,software companies agencies serving startups in Kolkata India
5574,software companies agencies serving SaaS companies in Kolkata India
5575,software companies agencies serving small businesses in Kolkata India
5576,software companies agencies serving ecommerce brands in Kolkata India
5577,software companies agencies serving B2B companies in Kolkata India
5578,software companies agencies serving local businesses in Kolkata India
5579,software companies agencies partnering with SaaS companies in Kolkata India
5580,software companies agencies partnering with software companies in Kolkata India
5581,software companies agencies offering white label services in Kolkata India
5582,software companies agencies offering SaaS solutions in Kolkata India
5583,software companies agencies offering customer feedback solutions in Kolkata India
5584,software companies agencies offering review management in Kolkata India
5585,software companies agencies offering testimonial collection in Kolkata India
5586,software companies agencies offering social proof services in Kolkata India
5587,software companies companies using customer feedback platforms in Kolkata India
5588,software companies companies using testimonial platforms in Kolkata India
5589,software companies companies using review management platforms in Kolkata India
5590,software companies companies using customer advocacy platforms in Kolkata India
5591,software companies companies improving customer experience in Kolkata India
5592,software companies companies improving customer trust in Kolkata India
5593,software companies companies improving website conversion in Kolkata India
5594,software companies companies improving lead conversion in Kolkata India
5595,software companies companies improving online reputation in Kolkata India
5596,software companies companies building customer trust in Kolkata India
5597,software companies companies collecting video reviews in Kolkata India
5598,software companies companies collecting video testimonials in Kolkata India
5599,software companies companies collecting client feedback in Kolkata India
5600,software companies companies collecting customer stories in Kolkata India
5601,software companies in Jaipur India
5602,best software companies in Jaipur India
5603,top software companies in Jaipur India
5604,software companies looking for customer testimonials in Jaipur India
5605,software companies testimonial marketing in Jaipur India
5606,software companies customer review management in Jaipur India
5607,software companies social proof marketing in Jaipur India
5608,software companies review collection in Jaipur India
5609,software companies customer feedback software in Jaipur India
5610,software companies testimonial software in Jaipur India
5611,software companies review software in Jaipur India
5612,software companies feedback software in Jaipur India
5613,software companies reputation management in Jaipur India
5614,software companies customer success teams in Jaipur India
5615,software companies marketing teams in Jaipur India
5616,software companies founders in Jaipur India
5617,software companies business owners in Jaipur India
5618,software companies growth marketing in Jaipur India
5619,software companies digital marketing in Jaipur India
5620,software companies online reviews in Jaipur India
5621,software companies case studies in Jaipur India
5622,software companies video testimonials in Jaipur India
5623,software companies customer stories in Jaipur India
5624,software companies companies collecting testimonials in Jaipur India
5625,software companies companies collecting customer reviews in Jaipur India
5626,software companies companies using social proof in Jaipur India
5627,software companies companies using video testimonials in Jaipur India
5628,software companies companies needing more reviews in Jaipur India
5629,software companies companies needing testimonial software in Jaipur India
5630,software companies companies needing customer feedback tools in Jaipur India
5631,software companies companies embedding testimonials on websites in Jaipur India
5632,software companies companies showcasing customer reviews in Jaipur India
5633,software companies companies showcasing customer stories in Jaipur India
5634,software companies companies using review widgets in Jaipur India
5635,software companies companies using testimonial widgets in Jaipur India
5636,software companies companies building Wall of Love pages in Jaipur India
5637,software companies agencies looking for SaaS partners in Jaipur India
5638,software companies agencies looking for technology partners in Jaipur India
5639,software companies agencies looking for white label software in Jaipur India
5640,software companies agencies looking for software partners in Jaipur India
5641,software companies agencies offering reputation management in Jaipur India
5642,software companies agencies offering review generation in Jaipur India
5643,software companies agencies offering testimonial marketing in Jaipur India
5644,software companies agencies offering social proof marketing in Jaipur India
5645,software companies startups collecting customer feedback in Jaipur India
5646,software companies startups using testimonials in Jaipur India
5647,software companies startups using social proof in Jaipur India
5648,software companies businesses needing more customer reviews in Jaipur India
5649,software companies businesses using testimonials in Jaipur India
5650,software companies businesses improving customer trust in Jaipur India
5651,software companies businesses improving conversion rates in Jaipur India
5652,software companies companies customer success stories in Jaipur India
5653,software companies companies customer advocacy in Jaipur India
5654,software companies companies referral marketing in Jaipur India
5655,software companies companies brand trust in Jaipur India
5656,software companies companies conversion optimization in Jaipur India
5657,software companies companies website conversion in Jaipur India
5658,software companies companies client testimonial examples in Jaipur India
5659,software companies companies customer review examples in Jaipur India
5660,software companies companies customer testimonial examples in Jaipur India
5661,software companies companies customer feedback in Jaipur India
5662,software companies companies customer experience in Jaipur India
5663,software companies companies customer advocacy programs in Jaipur India
5664,software companies companies testimonial collection software in Jaipur India
5665,software companies companies review collection software in Jaipur India
5666,software companies companies video testimonial software in Jaipur India
5667,software companies companies social proof software in Jaipur India
5668,software companies companies reputation management software in Jaipur India
5669,software companies companies customer feedback platform in Jaipur India
5670,software companies companies testimonial platform in Jaipur India
5671,software companies companies review management platform in Jaipur India
5672,software companies businesses collecting customer feedback in Jaipur India
5673,software companies businesses collecting customer testimonials in Jaipur India
5674,software companies businesses collecting customer reviews in Jaipur India
5675,software companies businesses using video reviews in Jaipur India
5676,software companies businesses using customer stories in Jaipur India
5677,software companies businesses using review widgets in Jaipur India
5678,software companies businesses using testimonial widgets in Jaipur India
5679,software companies businesses showcasing testimonials in Jaipur India
5680,software companies businesses showcasing reviews in Jaipur India
5681,software companies businesses showcasing customer stories in Jaipur India
5682,software companies businesses needing social proof in Jaipur India
5683,software companies businesses needing testimonial marketing in Jaipur India
5684,software companies businesses needing customer feedback software in Jaipur India
5685,software companies agencies serving startups in Jaipur India
5686,software companies agencies serving SaaS companies in Jaipur India
5687,software companies agencies serving small businesses in Jaipur India
5688,software companies agencies serving ecommerce brands in Jaipur India
5689,software companies agencies serving B2B companies in Jaipur India
5690,software companies agencies serving local businesses in Jaipur India
5691,software companies agencies partnering with SaaS companies in Jaipur India
5692,software companies agencies partnering with software companies in Jaipur India
5693,software companies agencies offering white label services in Jaipur India
5694,software companies agencies offering SaaS solutions in Jaipur India
5695,software companies agencies offering customer feedback solutions in Jaipur India
5696,software companies agencies offering review management in Jaipur India
5697,software companies agencies offering testimonial collection in Jaipur India
5698,software companies agencies offering social proof services in Jaipur India
5699,software companies companies using customer feedback platforms in Jaipur India
5700,software companies companies using testimonial platforms in Jaipur India
5701,software companies companies using review management platforms in Jaipur India
5702,software companies companies using customer advocacy platforms in Jaipur India
5703,software companies companies improving customer experience in Jaipur India
5704,software companies companies improving customer trust in Jaipur India
5705,software companies companies improving website conversion in Jaipur India
5706,software companies companies improving lead conversion in Jaipur India
5707,software companies companies improving online reputation in Jaipur India
5708,software companies companies building customer trust in Jaipur India
5709,software companies companies collecting video reviews in Jaipur India
5710,software companies companies collecting video testimonials in Jaipur India
5711,software companies companies collecting client feedback in Jaipur India
5712,software companies companies collecting customer stories in Jaipur India
5713,software companies in Indore India
5714,best software companies in Indore India
5715,top software companies in Indore India
5716,software companies looking for customer testimonials in Indore India
5717,software companies testimonial marketing in Indore India
5718,software companies customer review management in Indore India
5719,software companies social proof marketing in Indore India
5720,software companies review collection in Indore India
5721,software companies customer feedback software in Indore India
5722,software companies testimonial software in Indore India
5723,software companies review software in Indore India
5724,software companies feedback software in Indore India
5725,software companies reputation management in Indore India
5726,software companies customer success teams in Indore India
5727,software companies marketing teams in Indore India
5728,software companies founders in Indore India
5729,software companies business owners in Indore India
5730,software companies growth marketing in Indore India
5731,software companies digital marketing in Indore India
5732,software companies online reviews in Indore India
5733,software companies case studies in Indore India
5734,software companies video testimonials in Indore India
5735,software companies customer stories in Indore India
5736,software companies companies collecting testimonials in Indore India
5737,software companies companies collecting customer reviews in Indore India
5738,software companies companies using social proof in Indore India
5739,software companies companies using video testimonials in Indore India
5740,software companies companies needing more reviews in Indore India
5741,software companies companies needing testimonial software in Indore India
5742,software companies companies needing customer feedback tools in Indore India
5743,software companies companies embedding testimonials on websites in Indore India
5744,software companies companies showcasing customer reviews in Indore India
5745,software companies companies showcasing customer stories in Indore India
5746,software companies companies using review widgets in Indore India
5747,software companies companies using testimonial widgets in Indore India
5748,software companies companies building Wall of Love pages in Indore India
5749,software companies agencies looking for SaaS partners in Indore India
5750,software companies agencies looking for technology partners in Indore India
5751,software companies agencies looking for white label software in Indore India
5752,software companies agencies looking for software partners in Indore India
5753,software companies agencies offering reputation management in Indore India
5754,software companies agencies offering review generation in Indore India
5755,software companies agencies offering testimonial marketing in Indore India
5756,software companies agencies offering social proof marketing in Indore India
5757,software companies startups collecting customer feedback in Indore India
5758,software companies startups using testimonials in Indore India
5759,software companies startups using social proof in Indore India
5760,software companies businesses needing more customer reviews in Indore India
5761,software companies businesses using testimonials in Indore India
5762,software companies businesses improving customer trust in Indore India
5763,software companies businesses improving conversion rates in Indore India
5764,software companies companies customer success stories in Indore India
5765,software companies companies customer advocacy in Indore India
5766,software companies companies referral marketing in Indore India
5767,software companies companies brand trust in Indore India
5768,software companies companies conversion optimization in Indore India
5769,software companies companies website conversion in Indore India
5770,software companies companies client testimonial examples in Indore India
5771,software companies companies customer review examples in Indore India
5772,software companies companies customer testimonial examples in Indore India
5773,software companies companies customer feedback in Indore India
5774,software companies companies customer experience in Indore India
5775,software companies companies customer advocacy programs in Indore India
5776,software companies companies testimonial collection software in Indore India
5777,software companies companies review collection software in Indore India
5778,software companies companies video testimonial software in Indore India
5779,software companies companies social proof software in Indore India
5780,software companies companies reputation management software in Indore India
5781,software companies companies customer feedback platform in Indore India
5782,software companies companies testimonial platform in Indore India
5783,software companies companies review management platform in Indore India
5784,software companies businesses collecting customer feedback in Indore India
5785,software companies businesses collecting customer testimonials in Indore India
5786,software companies businesses collecting customer reviews in Indore India
5787,software companies businesses using video reviews in Indore India
5788,software companies businesses using customer stories in Indore India
5789,software companies businesses using review widgets in Indore India
5790,software companies businesses using testimonial widgets in Indore India
5791,software companies businesses showcasing testimonials in Indore India
5792,software companies businesses showcasing reviews in Indore India
5793,software companies businesses showcasing customer stories in Indore India
5794,software companies businesses needing social proof in Indore India
5795,software companies businesses needing testimonial marketing in Indore India
5796,software companies businesses needing customer feedback software in Indore India
5797,software companies agencies serving startups in Indore India
5798,software companies agencies serving SaaS companies in Indore India
5799,software companies agencies serving small businesses in Indore India
5800,software companies agencies serving ecommerce brands in Indore India
5801,software companies agencies serving B2B companies in Indore India
5802,software companies agencies serving local businesses in Indore India
5803,software companies agencies partnering with SaaS companies in Indore India
5804,software companies agencies partnering with software companies in Indore India
5805,software companies agencies offering white label services in Indore India
5806,software companies agencies offering SaaS solutions in Indore India
5807,software companies agencies offering customer feedback solutions in Indore India
5808,software companies agencies offering review management in Indore India
5809,software companies agencies offering testimonial collection in Indore India
5810,software companies agencies offering social proof services in Indore India
5811,software companies companies using customer feedback platforms in Indore India
5812,software companies companies using testimonial platforms in Indore India
5813,software companies companies using review management platforms in Indore India
5814,software companies companies using customer advocacy platforms in Indore India
5815,software companies companies improving customer experience in Indore India
5816,software companies companies improving customer trust in Indore India
5817,software companies companies improving website conversion in Indore India
5818,software companies companies improving lead conversion in Indore India
5819,software companies companies improving online reputation in Indore India
5820,software companies companies building customer trust in Indore India
5821,software companies companies collecting video reviews in Indore India
5822,software companies companies collecting video testimonials in Indore India
5823,software companies companies collecting client feedback in Indore India
5824,software companies companies collecting customer stories in Indore India
5825,software companies in Lucknow India
5826,best software companies in Lucknow India
5827,top software companies in Lucknow India
5828,software companies looking for customer testimonials in Lucknow India
5829,software companies testimonial marketing in Lucknow India
5830,software companies customer review management in Lucknow India
5831,software companies social proof marketing in Lucknow India
5832,software companies review collection in Lucknow India
5833,software companies customer feedback software in Lucknow India
5834,software companies testimonial software in Lucknow India
5835,software companies review software in Lucknow India
5836,software companies feedback software in Lucknow India
5837,software companies reputation management in Lucknow India
5838,software companies customer success teams in Lucknow India
5839,software companies marketing teams in Lucknow India
5840,software companies founders in Lucknow India
5841,software companies business owners in Lucknow India
5842,software companies growth marketing in Lucknow India
5843,software companies digital marketing in Lucknow India
5844,software companies online reviews in Lucknow India
5845,software companies case studies in Lucknow India
5846,software companies video testimonials in Lucknow India
5847,software companies customer stories in Lucknow India
5848,software companies companies collecting testimonials in Lucknow India
5849,software companies companies collecting customer reviews in Lucknow India
5850,software companies companies using social proof in Lucknow India
5851,software companies companies using video testimonials in Lucknow India
5852,software companies companies needing more reviews in Lucknow India
5853,software companies companies needing testimonial software in Lucknow India
5854,software companies companies needing customer feedback tools in Lucknow India
5855,software companies companies embedding testimonials on websites in Lucknow India
5856,software companies companies showcasing customer reviews in Lucknow India
5857,software companies companies showcasing customer stories in Lucknow India
5858,software companies companies using review widgets in Lucknow India
5859,software companies companies using testimonial widgets in Lucknow India
5860,software companies companies building Wall of Love pages in Lucknow India
5861,software companies agencies looking for SaaS partners in Lucknow India
5862,software companies agencies looking for technology partners in Lucknow India
5863,software companies agencies looking for white label software in Lucknow India
5864,software companies agencies looking for software partners in Lucknow India
5865,software companies agencies offering reputation management in Lucknow India
5866,software companies agencies offering review generation in Lucknow India
5867,software companies agencies offering testimonial marketing in Lucknow India
5868,software companies agencies offering social proof marketing in Lucknow India
5869,software companies startups collecting customer feedback in Lucknow India
5870,software companies startups using testimonials in Lucknow India
5871,software companies startups using social proof in Lucknow India
5872,software companies businesses needing more customer reviews in Lucknow India
5873,software companies businesses using testimonials in Lucknow India
5874,software companies businesses improving customer trust in Lucknow India
5875,software companies businesses improving conversion rates in Lucknow India
5876,software companies companies customer success stories in Lucknow India
5877,software companies companies customer advocacy in Lucknow India
5878,software companies companies referral marketing in Lucknow India
5879,software companies companies brand trust in Lucknow India
5880,software companies companies conversion optimization in Lucknow India
5881,software companies companies website conversion in Lucknow India
5882,software companies companies client testimonial examples in Lucknow India
5883,software companies companies customer review examples in Lucknow India
5884,software companies companies customer testimonial examples in Lucknow India
5885,software companies companies customer feedback in Lucknow India
5886,software companies companies customer experience in Lucknow India
5887,software companies companies customer advocacy programs in Lucknow India
5888,software companies companies testimonial collection software in Lucknow India
5889,software companies companies review collection software in Lucknow India
5890,software companies companies video testimonial software in Lucknow India
5891,software companies companies social proof software in Lucknow India
5892,software companies companies reputation management software in Lucknow India
5893,software companies companies customer feedback platform in Lucknow India
5894,software companies companies testimonial platform in Lucknow India
5895,software companies companies review management platform in Lucknow India
5896,software companies businesses collecting customer feedback in Lucknow India
5897,software companies businesses collecting customer testimonials in Lucknow India
5898,software companies businesses collecting customer reviews in Lucknow India
5899,software companies businesses using video reviews in Lucknow India
5900,software companies businesses using customer stories in Lucknow India
5901,software companies businesses using review widgets in Lucknow India
5902,software companies businesses using testimonial widgets in Lucknow India
5903,software companies businesses showcasing testimonials in Lucknow India
5904,software companies businesses showcasing reviews in Lucknow India
5905,software companies businesses showcasing customer stories in Lucknow India
5906,software companies businesses needing social proof in Lucknow India
5907,software companies businesses needing testimonial marketing in Lucknow India
5908,software companies businesses needing customer feedback software in Lucknow India
5909,software companies agencies serving startups in Lucknow India
5910,software companies agencies serving SaaS companies in Lucknow India
5911,software companies agencies serving small businesses in Lucknow India
5912,software companies agencies serving ecommerce brands in Lucknow India
5913,software companies agencies serving B2B companies in Lucknow India
5914,software companies agencies serving local businesses in Lucknow India
5915,software companies agencies partnering with SaaS companies in Lucknow India
5916,software companies agencies partnering with software companies in Lucknow India
5917,software companies agencies offering white label services in Lucknow India
5918,software companies agencies offering SaaS solutions in Lucknow India
5919,software companies agencies offering customer feedback solutions in Lucknow India
5920,software companies agencies offering review management in Lucknow India
5921,software companies agencies offering testimonial collection in Lucknow India
5922,software companies agencies offering social proof services in Lucknow India
5923,software companies companies using customer feedback platforms in Lucknow India
5924,software companies companies using testimonial platforms in Lucknow India
5925,software companies companies using review management platforms in Lucknow India
5926,software companies companies using customer advocacy platforms in Lucknow India
5927,software companies companies improving customer experience in Lucknow India
5928,software companies companies improving customer trust in Lucknow India
5929,software companies companies improving website conversion in Lucknow India
5930,software companies companies improving lead conversion in Lucknow India
5931,software companies companies improving online reputation in Lucknow India
5932,software companies companies building customer trust in Lucknow India
5933,software companies companies collecting video reviews in Lucknow India
5934,software companies companies collecting video testimonials in Lucknow India
5935,software companies companies collecting client feedback in Lucknow India
5936,software companies companies collecting customer stories in Lucknow India
5937,software companies in Kochi India
5938,best software companies in Kochi India
5939,top software companies in Kochi India
5940,software companies looking for customer testimonials in Kochi India
5941,software companies testimonial marketing in Kochi India
5942,software companies customer review management in Kochi India
5943,software companies social proof marketing in Kochi India
5944,software companies review collection in Kochi India
5945,software companies customer feedback software in Kochi India
5946,software companies testimonial software in Kochi India
5947,software companies review software in Kochi India
5948,software companies feedback software in Kochi India
5949,software companies reputation management in Kochi India
5950,software companies customer success teams in Kochi India
5951,software companies marketing teams in Kochi India
5952,software companies founders in Kochi India
5953,software companies business owners in Kochi India
5954,software companies growth marketing in Kochi India
5955,software companies digital marketing in Kochi India
5956,software companies online reviews in Kochi India
5957,software companies case studies in Kochi India
5958,software companies video testimonials in Kochi India
5959,software companies customer stories in Kochi India
5960,software companies companies collecting testimonials in Kochi India
5961,software companies companies collecting customer reviews in Kochi India
5962,software companies companies using social proof in Kochi India
5963,software companies companies using video testimonials in Kochi India
5964,software companies companies needing more reviews in Kochi India
5965,software companies companies needing testimonial software in Kochi India
5966,software companies companies needing customer feedback tools in Kochi India
5967,software companies companies embedding testimonials on websites in Kochi India
5968,software companies companies showcasing customer reviews in Kochi India
5969,software companies companies showcasing customer stories in Kochi India
5970,software companies companies using review widgets in Kochi India
5971,software companies companies using testimonial widgets in Kochi India
5972,software companies companies building Wall of Love pages in Kochi India
5973,software companies agencies looking for SaaS partners in Kochi India
5974,software companies agencies looking for technology partners in Kochi India
5975,software companies agencies looking for white label software in Kochi India
5976,software companies agencies looking for software partners in Kochi India
5977,software companies agencies offering reputation management in Kochi India
5978,software companies agencies offering review generation in Kochi India
5979,software companies agencies offering testimonial marketing in Kochi India
5980,software companies agencies offering social proof marketing in Kochi India
5981,software companies startups collecting customer feedback in Kochi India
5982,software companies startups using testimonials in Kochi India
5983,software companies startups using social proof in Kochi India
5984,software companies businesses needing more customer reviews in Kochi India
5985,software companies businesses using testimonials in Kochi India
5986,software companies businesses improving customer trust in Kochi India
5987,software companies businesses improving conversion rates in Kochi India
5988,software companies companies customer success stories in Kochi India
5989,software companies companies customer advocacy in Kochi India
5990,software companies companies referral marketing in Kochi India
5991,software companies companies brand trust in Kochi India
5992,software companies companies conversion optimization in Kochi India
5993,software companies companies website conversion in Kochi India
5994,software companies companies client testimonial examples in Kochi India
5995,software companies companies customer review examples in Kochi India
5996,software companies companies customer testimonial examples in Kochi India
5997,software companies companies customer feedback in Kochi India
5998,software companies companies customer experience in Kochi India
5999,software companies companies customer advocacy programs in Kochi India
6000,software companies companies testimonial collection software in Kochi India
