LeadId,CompanyName,Website,Industry,Email,Phone,LinkedIn,Facebook,Instagram,Twitter,YouTube,ContactPage,HasTestimonials,HasVideoTestimonials,HasCaseStudies,HasGoogleReviews,LeadScore,Priority,Category,LinkedInFollowed,LinkedInConnected,LinkedInMessaged,InstagramFollowed,InstagramMessaged,EmailSent,EmailOpened,EmailReplied,DemoBooked,Customer
1,#,https://www.mcsxp.in,last mile courier companies Pune India,info@mcsxp.in,+919082553694,,,,,,,False,False,False,False,10,Low Priority,Ignore,False,False,False,False,False,False,False,False,False,False
2,Relief,http://www.courierinternationalservices.com,courier companies in Bengaluru India,info@courierinternationalservices.com,+3403400760,,,,,,,False,False,False,False,10,Low Priority,Ignore,False,False,False,False,False,False,False,False,False,False
3,Express Air Logistics,https://www.expressairlogistics.in/?utm_source=google&utm_medium=organic&utm_campaign=GMB_Website_logistic+Tracking,courier companies in Bengaluru India,info@expressairlogistics.in,+3403400760,,,,,,,False,False,False,False,0,Low Priority,Ignore,False,False,False,False,False,False,False,False,False,False
4,The Professional Courier and Cargo Services in Bangalore |Atlant Global,https://www.atlantglobalindia.in,courier companies in Bengaluru India,connect@atlantglobalindia.com,+917411708958,,,,,,,False,False,False,False,10,Low Priority,Ignore,False,False,False,False,False,False,False,False,False,False
5,CCF Express Service,http://www.ccfexpress.com,courier companies in Bengaluru India,info@ccfexpress.com,+918550044432,,,,,,,False,False,False,False,0,Low Priority,Ignore,False,False,False,False,False,False,False,False,False,False
6,"Shree Maruti Courier Service Near Me | Kasturi Nagar, Bengaluru",https://nearme.shreemaruti.com/locator/bengaluru/kasturi-nagar/shree-maruti-courier-service-in-kasturi-nagar-bengaluru--6Mjyip/home,courier companies in Bengaluru India,,+455731455731,,,,,,,False,False,False,False,0,Low Priority,Ignore,False,False,False,False,False,False,False,False,False,False
7,International Courier Service -  TimeExpress,http://www.timeexpress.in,parcel delivery companies Bengaluru India,info@timeexpress.in,+918041229110,,,,,,,False,False,False,False,0,Low Priority,Ignore,False,False,False,False,False,False,False,False,False,False
8,Fastway Express | Best International Courier Service in India,http://www.fastwayindia.com,courier companies in Bengaluru India,support@fastwayinida.com,+761719216862,,,,,,,False,False,False,False,0,Low Priority,Ignore,False,False,False,False,False,False,False,False,False,False
9,Home,http://www.fwdspace.com,last mile courier companies Hyderabad India,wixwarehouse@gmail.com,+17852783203125,,,,,,,False,False,False,False,10,Low Priority,Ignore,False,False,False,False,False,False,False,False,False,False
10,DTDC | India’s Trusted Courier Delivery & Logistics Company,https://www.dtdc.com,last mile courier companies Hyderabad India,,2025082917,,,,,,,False,False,False,False,0,Low Priority,Ignore,False,False,False,False,False,False,False,False,False,False
11,Android App,http://www.shreetirupaticourier.net,same day delivery companies Indore India,infosoft_soln@yahoo.co.in,1629522819,,,,,,,False,False,False,False,10,Low Priority,Ignore,False,False,False,False,False,False,False,False,False,False
12,Home page,https://unifinitelogistics.com,courier companies in Bengaluru India,info@unifinitelogistics.com,+919035798523,,,,,,,False,False,False,False,10,Low Priority,Ignore,False,False,False,False,False,False,False,False,False,False
13,FedEx JP Nagar | Delhivery Booking Point (PH: 7619102083) - Courier Service,https://fedex-jp-nagar.grexa.site,courier companies in Bengaluru India,,148204235729,,,,,,,False,False,False,False,0,Low Priority,Ignore,False,False,False,False,False,False,False,False,False,False
14,Web Counter,http://brvlogistics.com,courier companies in Bengaluru India,,08022110190,,,,,,,False,False,False,False,0,Low Priority,Ignore,False,False,False,False,False,False,False,False,False,False
15,"Shop from India, Ship Worldwide - ShoppRe.com",https://www.shoppre.com/shop-from-india-ship-worldwide?utm_source=google_my_business&utm_medium=organic&utm_campaign=gmb_listing,courier companies in Bengaluru India,support@shoppre.com,+919880393291,,,,,,,False,False,False,False,0,Low Priority,Ignore,False,False,False,False,False,False,False,False,False,False
16,Flyking,http://www.flyking.in,last mile courier companies Bengaluru India,support@flyking.co.in,+918169458665,,,,,,,False,False,False,False,10,Low Priority,Ignore,False,False,False,False,False,False,False,False,False,False
17,GMS Domestic Services,http://www.gmsworldwide.com,express logistics companies Bengaluru India,corp@gmsworldwide.com,+919886848640,,,,,,,False,False,False,False,0,Low Priority,Ignore,False,False,False,False,False,False,False,False,False,False
18,DTDC,https://stores.dtdc.com/dtdc-express-ltd-ambattur-indl-estate-tiruvallur-ambattur-courier-service-ambattur-indl-estate-tiruvallur-563645/Home?utm_source=locator&utm_medium=googleplaces,last mile courier companies Chennai India,cashcounter.ambattur@dtdc.com,+918037681258,,,,,,,False,False,False,False,0,Low Priority,Ignore,False,False,False,False,False,False,False,False,False,False
19,KK Express phone support icon,https://kkexpress.in,courier companies in Mumbai India,contact@kkexpress.in,+3403400760,,,,,,,False,False,False,False,0,Low Priority,Ignore,False,False,False,False,False,False,False,False,False,False
20,International Courier Cargo Service Mumbai Maharashtra,https://overseasairfreight.com,last mile courier companies Mumbai India,info@overseasairfreight.com,+919821458404,,,,,,,False,False,False,False,0,Low Priority,Ignore,False,False,False,False,False,False,False,False,False,False
21,Slider,https://www.translinkexp.com,last mile courier companies Delhi NCR India,enquery@translinkexp.com,+9126217777,,,,,,,False,False,False,False,10,Low Priority,Ignore,False,False,False,False,False,False,False,False,False,False
22,"Best International Courier Service in Mumbai, India - Reliable | Affordable",https://www.parcelchief.in,courier companies in Mumbai India,info@parcelchief.in,+919699699048,,,,,,,False,False,False,False,0,Low Priority,Ignore,False,False,False,False,False,False,False,False,False,False
23,international courier near me,https://www.uniquecourier.in,courier companies in Mumbai India,info@uniqueservice.co.in,+918879663684,,,,,,,False,False,False,False,10,Low Priority,Ignore,False,False,False,False,False,False,False,False,False,False
24,Sunrise Mumbai,https://sunrisemumbai.com,courier companies in Mumbai India,info@sunrisemumbai.com,+917400428880,,,,,,,False,False,False,False,0,Low Priority,Ignore,False,False,False,False,False,False,False,False,False,False
25,banner1,https://www.airinternationalcourier.com/?utm_source=google_profile&utm_campaign=localo&utm_medium=mainlink,courier companies in Mumbai India,info@airinternationalcourier.com,+917738210917,,,,,,,False,False,False,False,0,Low Priority,Ignore,False,False,False,False,False,False,False,False,False,False
26,.trashed-1717840374-CSM BW1,http://www.courierservicemumbai.in,courier companies in Mumbai India,help@courierservicemumbai.in,+919820896060,,,,,,,False,False,False,False,0,Low Priority,Ignore,False,False,False,False,False,False,False,False,False,False
27,City International Courier | International Courier Services in Mumbai India,https://www.cityinternationalcourier.com,courier companies in Mumbai India,couriercityinternational@gmail.com,+275050275050,,,,,,,False,False,False,False,0,Low Priority,Ignore,False,False,False,False,False,False,False,False,False,False
28,Air Express Courier & Cargo,http://www.airexpresscargo.in,courier companies in Mumbai India,info@airexpresscargo.in,+919022563806,,,,,,,False,False,False,False,0,Low Priority,Ignore,False,False,False,False,False,False,False,False,False,False
29,"Raj courier & cargo services - Courier Service in Andheri East, Mumbai",https://raj-courier-cargo.grexa.site,courier companies in Mumbai India,,+917666196031,,,,,,,False,False,False,False,0,Low Priority,Ignore,False,False,False,False,False,False,False,False,False,False
30,ST International Courier | International Courier Service Mumbai India,https://stinternationalcourier.com,courier companies in Mumbai India,stinternationalcourier@yahoo.com,+3403400760,,,,,,,False,False,False,False,0,Low Priority,Ignore,False,False,False,False,False,False,False,False,False,False
31,Ocean-Gate-Cargo-Courier,https://apollointlcouriers.com,courier companies in Mumbai India,apollointernationalcouriers@gmail.com,+917208342452,,,,,,,False,False,False,False,10,Low Priority,Ignore,False,False,False,False,False,False,False,False,False,False
32,Full Truck Load Service Provider | Goods Transport Services | Best Courier Services | India-New Western Carrier,http://newwesterncarrier.in,last mile courier companies Pune India,customercare@newwesterncarrier.in,+918605009126,,,,,,,False,False,False,False,10,Low Priority,Ignore,False,False,False,False,False,False,False,False,False,False
33,tradelinkinternational,http://tradelinkinternational.co.in,courier companies in Mumbai India,info@tradelinkinternational.co.in,+2616769217,,,,,,,False,False,False,False,10,Low Priority,Ignore,False,False,False,False,False,False,False,False,False,False
34,SCC,http://www.samruddhicourier.com,courier companies in Mumbai India,samruddhicouriercargo@gmail.com,+919876543210,,,,,,,False,False,False,False,10,Low Priority,Ignore,False,False,False,False,False,False,False,False,False,False
35,Image,http://speedexp.in,last mile courier companies Pune India,priyanka@skyhorselogistics.com,08983651899,,,,,,,False,False,False,False,10,Low Priority,Ignore,False,False,False,False,False,False,False,False,False,False
36,One Express,http://www.oneexpress.in,courier companies in Mumbai India,info@oneexpress.in,+917666310634,,,,,,,False,False,False,False,0,Low Priority,Ignore,False,False,False,False,False,False,False,False,False,False
37,International Courier Services in India  | Global India Express,https://www.globalindiaexpress.com,last mile courier companies Delhi NCR India,info@globalindiaexpress.com,+911141785200,,,,,,,False,False,False,False,0,Low Priority,Ignore,False,False,False,False,False,False,False,False,False,False
38,Skyline Couriers,https://skylinecourier.in,courier companies in Delhi NCR India,info@skylinecourier.in,+917011137802,,,,,,,False,False,False,False,10,Low Priority,Ignore,False,False,False,False,False,False,False,False,False,False
39,NCRCouriers,http://ncrcouriers.in,courier companies in Delhi NCR India,,+919210209709,,,,,,,False,False,False,False,0,Low Priority,Ignore,False,False,False,False,False,False,False,False,False,False
40,Vandana International Courier,https://sites.google.com/view/vandana-international/home,courier companies in Delhi NCR India,vandanainternational1@email.com,+0000026843,,,,,,,False,False,False,False,0,Low Priority,Ignore,False,False,False,False,False,False,False,False,False,False
41,International Courier Services in Delhi | TechnoZing Express,http://technozingexpress.com,courier companies in Delhi NCR India,info@technozing.com,+2645741339,,,,,,,False,False,False,False,0,Low Priority,Ignore,False,False,False,False,False,False,False,False,False,False
42,International Courier Services In Noida,https://www.internationalcourierservices.org,courier companies in Delhi NCR India,info@ddlogistic.com,+3403400760,,,,,,,False,False,False,False,10,Low Priority,Ignore,False,False,False,False,False,False,False,False,False,False
43,CourierVia,http://couriervia.com,courier companies in Delhi NCR India,info@couriervia.com,+917861011111,,,,,,,False,False,False,False,10,Low Priority,Ignore,False,False,False,False,False,False,False,False,False,False
44,images not found,https://www.doortodoorlogistic.in,courier companies in Delhi NCR India,info@doortodoorlogistic.in,+919289322684,,,,,,,False,False,False,False,10,Low Priority,Ignore,False,False,False,False,False,False,False,False,False,False
45,Msdinternationalservices,https://www.msdinternationalservices.com,courier companies in Delhi NCR India,madinternationalservice@gmail.com%20,+918700417300,,,,,,,False,False,False,False,0,Low Priority,Ignore,False,False,False,False,False,False,False,False,False,False
46,International Courier Services Provider in Delhi | Parcel Services,https://www.dtinternational.in,courier companies in Delhi NCR India,sale@dtinternational.in,+918447948865,,,,,,,False,False,False,False,10,Low Priority,Ignore,False,False,False,False,False,False,False,False,False,False
47,"Rose Courier Services - Courier Service in Shastri Park, Delhi",https://rose-courier-services.grexa.site,courier companies in Delhi NCR India,,+917503935300,,,,,,,False,False,False,False,0,Low Priority,Ignore,False,False,False,False,False,False,False,False,False,False
48,KM CARGO,https://www.kmcargoservices.com,courier companies in Delhi NCR India,info@kmcargoservices.com,+919999500751,,,,,,,False,False,False,False,10,Low Priority,Ignore,False,False,False,False,False,False,False,False,False,False
49,Courier Services Noida,http://www.courierservicesnoida.com,courier companies in Delhi NCR India,sumitbalaji2@gmail.com,+9891907261,,,,,,,False,False,False,False,10,Low Priority,Ignore,False,False,False,False,False,False,False,False,False,False
50,Courier service in dwarka | Reliable Courier Services,https://www.reliablecourierservice.in,courier companies in Delhi NCR India,info@reliablecourierservice.in,+3403400760,,,,,,,False,False,False,False,10,Low Priority,Ignore,False,False,False,False,False,False,False,False,False,False
51,Share on WhatsApp,https://api.whatsapp.com/send/?phone=919958594216,last mile courier companies Noida India,,+919958594216,,,,,,,False,False,False,False,0,Low Priority,Ignore,False,False,False,False,False,False,False,False,False,False
52,Call Us,https://balajicourier.com,courier companies in Delhi NCR India,info@balajicourier.com,+919540111188,,,,,,,False,False,False,False,10,Low Priority,Ignore,False,False,False,False,False,False,False,False,False,False
53,Couriers24x7,https://www.couriers24x7.com,courier companies in Delhi NCR India,couriers24x7@gmail.com,+919211363777,,,,,,,False,False,False,False,10,Low Priority,Ignore,False,False,False,False,False,False,False,False,False,False
54,Taj Express | Courier & Logistics Services,https://www.tajxpress.com,courier companies in Delhi NCR India,tajexpresscourier@gmail.com,+2616760833,,,,,,,False,False,False,False,0,Low Priority,Ignore,False,False,False,False,False,False,False,False,False,False
55,Blue Dart-DHL Relationship - Bluedart,https://www.bluedart.com/blue-dart-dhl-relationship,courier companies in Delhi NCR India,feedback@bluedart.com,+918046611234,,,,,,,False,False,False,False,10,Low Priority,Ignore,False,False,False,False,False,False,False,False,False,False
56,Los Angeles,http://royalcouriers.com,last mile courier companies Delhi NCR India,mumbai@royalcargoonline.com,+919020580000,,,,,,,False,False,False,False,10,Low Priority,Ignore,False,False,False,False,False,False,False,False,False,False
57,download (8),http://www.flightdespatch.co.in,courier companies in Delhi NCR India,contact@flightdespatch.in,+2616760833,,,,,,,False,False,False,False,10,Low Priority,Ignore,False,False,False,False,False,False,False,False,False,False
58,MedsCourier,https://medscourier.com,courier companies in Delhi NCR India,info@medscourier.com,+3403400760,,,,,,,False,False,False,False,10,Low Priority,Ignore,False,False,False,False,False,False,False,False,False,False
59,Mr.Rajesh Sehgal,https://stcourier.com,same day delivery companies Surat India,helpdesk@stcourier.com,04461266666,,,,,,,False,False,False,False,10,Low Priority,Ignore,False,False,False,False,False,False,False,False,False,False
60,Category Banner,https://www.wescouriers.co.in,courier companies in Delhi NCR India,abinternational2k16@gmail.com,+918860116390,,,,,,,False,False,False,False,10,Low Priority,Ignore,False,False,False,False,False,False,False,False,False,False
61,Back To Top,https://ocs-india.co,courier companies in Delhi NCR India,ocsjaipur@ocs-india.com,+919999167795,,,,,,,False,False,False,False,10,Low Priority,Ignore,False,False,False,False,False,False,False,False,False,False
62,Best Courier Service in Delhi/NCR,https://www.shipmiles.com,courier companies in Delhi NCR India,support@shipmiles.com,+918860568430,,,,,,,False,False,False,False,10,Low Priority,Ignore,False,False,False,False,False,False,False,False,False,False
63,UNIQUE,http://uaec.in,courier companies in Delhi NCR India,info@uaec.in,+911145143118,,,,,,,False,False,False,False,10,Low Priority,Ignore,False,False,False,False,False,False,False,False,False,False
64,Delhi Cargo Courier Services,https://delhicargocourierservices.com,courier companies in Delhi NCR India,info@delhicargocourierservices.com,+919811678196,,,,,,,False,False,False,False,10,Low Priority,Ignore,False,False,False,False,False,False,False,False,False,False
65,banner,https://cslindia.net,express logistics companies Kochi India,mum@cslindia.net,+910484665610,,,,,,,False,False,False,False,0,Low Priority,Ignore,False,False,False,False,False,False,False,False,False,False
66,Cheap International Courier Services,https://www.cheapinternationalcouriers.in,courier companies in Delhi NCR India,shriramworldwidecourier@gmail.com,+917048943144,,,,,,,False,False,False,False,10,Low Priority,Ignore,False,False,False,False,False,False,False,False,False,False
67,item,http://aashirwadlogistics.com,courier companies in Delhi NCR India,,7011237133,,,,,,,False,False,False,False,0,Low Priority,Ignore,False,False,False,False,False,False,False,False,False,False
68,Aryawarta Services Packers and Movers Delhi And Patna Trusted Movers,http://aryawartaservices.com,courier companies in Delhi NCR India,info@kushwahapackers.com,+3403400760,,,,,,,False,False,False,False,10,Low Priority,Ignore,False,False,False,False,False,False,False,False,False,False
69,Best courier services near me in Delhi Gurgaon,http://www.trackonexpress.com,courier companies in Delhi NCR India,info@trackonexpress.com,+919811185123,,,,,,,False,False,False,False,0,Low Priority,Ignore,False,False,False,False,False,False,False,False,False,False
70,01,https://www.globalindialogistics.com,courier companies in Gurugram India,info@globalindialogistics.com,+919971082689,,,,,,,False,False,False,False,10,Low Priority,Ignore,False,False,False,False,False,False,False,False,False,False
71,Air World Express,http://www.airworldexpress.co.in,courier companies in Gurugram India,info@airworldexpress.co.in,+919582426263,,,,,,,False,False,False,False,0,Low Priority,Ignore,False,False,False,False,False,False,False,False,False,False
72,Domestic Courier Services in Gurgaon near Sector 45,https://thepcs.in,courier companies in Gurugram India,support@thepcs.in,+917042473222,,,,,,,False,False,False,False,10,Low Priority,Ignore,False,False,False,False,False,False,False,False,False,False
73,"DTDC Courier Sector 39 - Courier Service in Sector 39, Gurugram",https://dtdc-courier-sector.grexa.site,courier companies in Gurugram India,,+919625887808,,,,,,,False,False,False,False,0,Low Priority,Ignore,False,False,False,False,False,False,False,False,False,False
74,"COURIER SERVICE - Courier Service in Sector 17, Gurugram",https://courier-service.grexa.site,courier companies in Gurugram India,,+917011619869,,,,,,,False,False,False,False,0,Low Priority,Ignore,False,False,False,False,False,False,False,False,False,False
75,USA,https://wielogistics.com,courier companies in Gurugram India,sales@worldindiaexpress.com,+3403400760,,,,,,,False,False,False,False,10,Low Priority,Ignore,False,False,False,False,False,False,False,False,False,False
76,Courier Services in Gurgaon Near Me - Gurgaon Courier Service,https://www.risingsunlogistics.com/contact-us,courier companies in Gurugram India,jitender@risingsunlogistics.com,+911244957090,,,,,,,False,False,False,False,10,Low Priority,Ignore,False,False,False,False,False,False,False,False,False,False
77,Shiprocket: Your All-in-One eCommerce Growth Partner,https://www.shiprocket.in,courier companies in Gurugram India,,+918879758863,,,,,,,False,False,False,False,10,Low Priority,Ignore,False,False,False,False,False,False,False,False,False,False
78,Raghav International,https://raghavintl.com,courier companies in Gurugram India,info@raghavintl.com,+919818357478,,,,,,,False,False,False,False,10,Low Priority,Ignore,False,False,False,False,False,False,False,False,False,False
79,VS Global,https://vsglobal.co.in,courier companies in Gurugram India,,+919971914224,,,,,,,False,False,False,False,0,Low Priority,Ignore,False,False,False,False,False,False,False,False,False,False
80,Box Courier Service,https://www.boxcourierservice.com,courier companies in Gurugram India,info@boxcourierservice.com,+919053159135,,,,,,,False,False,False,False,10,Low Priority,Ignore,False,False,False,False,False,False,False,False,False,False
81,Dot Time Deliveries,https://dottimedeliveries.com,courier companies in Gurugram India,,+919310707098,,,,,,,False,False,False,False,0,Low Priority,Ignore,False,False,False,False,False,False,False,False,False,False
82,image-removebg-preview (89),https://lazership.in,courier companies in Gurugram India,info@lazership.in,+919717191719,,,,,,,False,False,False,False,10,Low Priority,Ignore,False,False,False,False,False,False,False,False,False,False
84,Allcargo Logistics,https://www.gati.com,express logistics companies Indore India,customerservices@allcargologistics.com,125021900364,,,,,,,False,False,False,False,0,Low Priority,Ignore,False,False,False,False,False,False,False,False,False,False
85,"Jmd express Trackon Couriers - Courier Service in Gurugram - Courier Service in Patel Nagar, Gurugram",https://jmd-express-trackon.grexa.site,courier companies in Gurugram India,,+918800272526,,,,,,,False,False,False,False,0,Low Priority,Ignore,False,False,False,False,False,False,False,False,False,False
86,Truck delivery illustration,http://www.kartikinternational.com,parcel delivery companies Gurugram India,kartikinternationalnoida@gmail.com,+5546487244,,,,,,,False,False,False,False,10,Low Priority,Ignore,False,False,False,False,False,False,False,False,False,False
87,Dtdc Courier Booking - Courier Service,https://dtdc-courier-booking.grexa.site,courier companies in Gurugram India,,183597407888,,,,,,,False,False,False,False,0,Low Priority,Ignore,False,False,False,False,False,False,False,False,False,False
89,Sehdev Packers & Movers Pvt Ltd,https://www.sehdevpackers.com,courier companies in Gurugram India,info@sehdevpackers.com,+3403400760,,,,,,,False,False,False,False,10,Low Priority,Ignore,False,False,False,False,False,False,False,False,False,False
90,Indian Cargo  Packers And Movers,https://indiancargopackersmovers.in,courier companies in Gurugram India,indiancpm011@gmail.com,+918307721120,,,,,,,False,False,False,False,10,Low Priority,Ignore,False,False,False,False,False,False,False,False,False,False
91,eCommerce Shipping and Courier Aggregator in India – NimbusPost,https://nimbuspost.com,courier companies in Gurugram India,escalationteam@nimbuspost.com,+911234567890,,,,,,,False,False,False,False,10,Low Priority,Ignore,False,False,False,False,False,False,False,False,False,False
92,Indrapuri Express Courier Services,http://www.indrapuricourier.com,courier companies in Gurugram India,,+919250093884,,,,,,,False,False,False,False,0,Low Priority,Ignore,False,False,False,False,False,False,False,False,False,False
93,"D2D Express Pvt Ltd - Delivering Excellence, One Parcel at a Time",https://d2dexpressgo.com,courier companies in Gurugram India,customersupport@d2dexpressgo.com,+919582181010,,,,,,,False,False,False,False,0,Low Priority,Ignore,False,False,False,False,False,False,False,False,False,False
94,Home - Gati Safe Express Packers And Movers,https://gatipackermover.in,courier companies in Noida India,info@gatipackermover.in,+917200092049,,,,,,,False,False,False,False,0,Low Priority,Ignore,False,False,False,False,False,False,False,False,False,False
95,Google's products and services,https://www.google.co.in/intl/en/about/products?tab=lh,express logistics companies Gurugram India,asxvmprobertest@gmail.com,+4014003013,,,,,,,False,False,False,False,0,Low Priority,Ignore,False,False,False,False,False,False,False,False,False,False
96,icon-not-found,https://www.multiplecourierservices.in,courier companies in Noida India,multiplecouriers01@gmail.com,8383871422,,,,,,,False,False,False,False,10,Low Priority,Ignore,False,False,False,False,False,False,False,False,False,False
98,img,https://gaintlogistic.com,last mile courier companies Noida India,care@gaintlogistic.com,2944294401,,,,,,,False,False,False,False,10,Low Priority,Ignore,False,False,False,False,False,False,False,False,False,False
99,Managed Relocation & Logistics Services | Varma Logistics | Varma Logistics,http://www.varmalogistics.com,courier companies in Noida India,info@varmalogistics.com,+918920131094,,,,,,,False,False,False,False,10,Low Priority,Ignore,False,False,False,False,False,False,False,False,False,False
100,best website builder,https://shrijaishaniexpresscourier.in,courier companies in Noida India,,+919540520902,,,,,,,False,False,False,False,0,Low Priority,Ignore,False,False,False,False,False,False,False,False,False,False
101,"Trackon Courier - Courier Service in Sector 4, Greater Noida, Ghaziabad",https://trackon-courier-gaur.grexa.site,courier companies in Noida India,,+917042573480,,,,,,,False,False,False,False,0,Low Priority,Ignore,False,False,False,False,False,False,False,False,False,False
102,Aparna Enterprises,https://aparnaentp.in,courier companies in Noida India,info@aparnaentp.in,+919650230480,,,,,,,False,False,False,False,10,Low Priority,Ignore,False,False,False,False,False,False,False,False,False,False
103,Truck,http://www.worthcartindia.com,courier companies in Noida India,exim@worthcartindia.com,+18001234567,,,,,,,False,False,False,False,10,Low Priority,Ignore,False,False,False,False,False,False,False,False,False,False
104,noida packers movers,https://noidapackermover.online,courier companies in Noida India,infonoidapackersmovers@email.com,+3403400760,,,,,,,False,False,False,False,10,Low Priority,Ignore,False,False,False,False,False,False,False,False,False,False
105,speeddeskcouriers.in,http://www.speeddeskcouriers.in,courier companies in Noida India,,,,,,,,,False,False,False,False,0,Low Priority,Ignore,False,False,False,False,False,False,False,False,False,False
106,image,http://laxmimoverspackers.in,last mile courier companies Pune India,info@laxmimoverspackers.in,+918199048572,,,,,,,False,False,False,False,10,Low Priority,Ignore,False,False,False,False,False,False,False,False,False,False
107,Eagle Packers and Movers,https://eaglepacker.com/packers-and-movers-in-noida,courier companies in Noida India,info@eaglepacker.com,+919960727272,,,,,,,False,False,False,False,10,Low Priority,Ignore,False,False,False,False,False,False,False,False,False,False
108,Packers and Movers in Gurugram | DTC Packers and Movers,http://www.dtcargopackers.com,courier companies in Noida India,info@dtcargopackers.com,+810101249997,,,,,,,False,False,False,False,10,Low Priority,Ignore,False,False,False,False,False,False,False,False,False,False
109,"Noida Packers & Movers - Packers and Movers in Noida,Delhi,Ghaziabad",http://noidapackersmovers.in,same day delivery companies Noida India,sales.npmmoving@gmail.com,+3403400760,,,,,,,False,False,False,False,10,Low Priority,Ignore,False,False,False,False,False,False,False,False,False,False
110,Cline Photo,http://www.worldfirst.in,courier companies in Hyderabad India,info@worldfirst.in,+15105099587,,,,,,,False,False,False,False,10,Low Priority,Ignore,False,False,False,False,False,False,False,False,False,False
111,JustXpress Worldwide place picture,http://www.justxpress.in,courier companies in Hyderabad India,info@justxpress.in,+713496713496,,,,,,,False,False,False,False,0,Low Priority,Ignore,False,False,False,False,False,False,False,False,False,False
112,bg-image,http://www.zoom4couriers.com,courier companies in Hyderabad India,info@zoom4couriers.com,+919700481445,,,,,,,False,False,False,False,10,Low Priority,Ignore,False,False,False,False,False,False,False,False,False,False
113,Vasant Couriers | Reliable International & Domestic Courier Service in Hyderabad,http://www.vasantcouriers.in,courier companies in Hyderabad India,info@vasantcouriers.in,+919391445005,,,,,,,False,False,False,False,10,Low Priority,Ignore,False,False,False,False,False,False,False,False,False,False
114,KSR Shipping Services - Best Courier Services Hyderabad,http://ksrshipping.com,courier companies in Hyderabad India,ksrshippingservice@gmail.com,+919912014267,,,,,,,False,False,False,False,10,Low Priority,Ignore,False,False,False,False,False,False,False,False,False,False
115,Vamshi International Couriers - Ship from India to USA & Worldwide,https://www.vamshicouriers.com,courier companies in Hyderabad India,,,,,,,,,False,False,False,False,0,Low Priority,Ignore,False,False,False,False,False,False,False,False,False,False
116,Star International Courier,http://www.starinternationalcourier.com,last mile courier companies Hyderabad India,info@starinternationalcourier.com,+919392779410,,,,,,,False,False,False,False,10,Low Priority,Ignore,False,False,False,False,False,False,False,False,False,False
117,Courier service Hyderabad at affordable price - worldwide,https://sxcourier.in,courier companies in Hyderabad India,,+12195471225016,,,,,,,False,False,False,False,0,Low Priority,Ignore,False,False,False,False,False,False,False,False,False,False
118,Bag,https://avaanexcess.com,courier companies in Hyderabad India,customerservice@avaanexcess.com,+2480523486,,,,,,,False,False,False,False,10,Low Priority,Ignore,False,False,False,False,False,False,False,False,False,False
119,Loading,https://expressblue.in,parcel delivery companies Hyderabad India,info@expressblue.in,+919912162555,,,,,,,False,False,False,False,0,Low Priority,Ignore,False,False,False,False,False,False,False,False,False,False
120,VK Logistics Hub,http://www.vklogisticshub.com,courier companies in Hyderabad India,info@vklogisticshub.com,+447823752594,,,,,,,False,False,False,False,10,Low Priority,Ignore,False,False,False,False,False,False,False,False,False,False
121,HOME - AEROFAST INTERNATIONAL,https://aerofastinternational.com,courier companies in Hyderabad India,aerofastcourier@gmail.com,+919110756483,,,,,,,False,False,False,False,10,Low Priority,Ignore,False,False,False,False,False,False,False,False,False,False
122,ICL Express - Your Trusted Shipping Partner|Courier Services,https://iclexpress.in,parcel delivery companies Nagpur India,info@iclexpress.in,+919652168221,,,,,,,False,False,False,False,0,Low Priority,Ignore,False,False,False,False,False,False,False,False,False,False
123,Parcel Line Express India - International Express | Freight | Courier services | Hyderabad | India,http://www.parcellineexpress.com,courier companies in Hyderabad India,support@parcellineexpress.com,+919493927688,,,,,,,False,False,False,False,0,Low Priority,Ignore,False,False,False,False,False,False,False,False,False,False
124,Home - JK International Couriers,https://jkinternationalcouriers.com,courier companies in Hyderabad India,contact@jkinternationalcouriers.com,+918008838050,,,,,,,False,False,False,False,10,Low Priority,Ignore,False,False,False,False,False,False,False,False,False,False
125,International Courier Hyderabad,https://internationalcourierhyd.com,courier companies in Hyderabad India,info@internationalcourierhyd.com,+917337339121,,,,,,,False,False,False,False,10,Low Priority,Ignore,False,False,False,False,False,False,False,False,False,False
126,default,https://aakaashxpress.in,courier companies in Hyderabad India,support@aakaashxpress.in,+918106489944,,,,,,,False,False,False,False,0,Low Priority,Ignore,False,False,False,False,False,False,False,False,False,False
127,Witsxpress India's Most Trusted Courier Services,https://witsxpress.com,courier companies in Hyderabad India,support@witsxpress.com,+918985557012,,,,,,,False,False,False,False,0,Low Priority,Ignore,False,False,False,False,False,False,False,False,False,False
128,Track Your Shipment,http://www.sribalajicourier.com,courier companies in Hyderabad India,couriers@gmail.com,+917799080700,,,,,,,False,False,False,False,10,Low Priority,Ignore,False,False,False,False,False,False,False,False,False,False
129,SSS Courier International And Domestic Service,http://www.ssscourier.in,courier companies in Hyderabad India,v.pavan520@gmail.com,+918497920006,,,,,,,False,False,False,False,10,Low Priority,Ignore,False,False,False,False,False,False,False,False,False,False
130,Best international courier services in Hyderabad - ICS Courier,http://www.icscourierservice.com,courier companies in Hyderabad India,john@doe.com,+3403400760,,,,,,,False,False,False,False,10,Low Priority,Ignore,False,False,False,False,False,False,False,False,False,False
131,Home - Cloud7exp.co.in | Best Courier Service in Hyderabad | send parcel from hyderabad to world,https://cloud7exp.co.in,courier companies in Hyderabad India,info@cloud7exp.co.in,+918008667056,,,,,,,False,False,False,False,10,Low Priority,Ignore,False,False,False,False,False,False,False,False,False,False
132,SLP Express International Couriers,http://slpcouriers.in,courier companies in Hyderabad India,info@slpcouriers.in,+919951083676,,,,,,,False,False,False,False,0,Low Priority,Ignore,False,False,False,False,False,False,False,False,False,False
133,"Integrated Logistics, Express delivery, Freight, Courier, Shipping, Supply Chain, eCommerce, Cross Border, Cold-chain",http://www.shreemaruticourier.com,same day delivery companies Hyderabad India,customercare@shreemaruticourier.com,+919712666666,,,,,,,False,False,False,False,0,Low Priority,Ignore,False,False,False,False,False,False,False,False,False,False
134,Welcome To LTL COURIERS(Location To Location),http://www.ltlexpress.in,courier companies in Hyderabad India,info@ltlexpress.in,+918074199172,,,,,,,False,False,False,False,0,Low Priority,Ignore,False,False,False,False,False,False,False,False,False,False
135,"Web
Analytics Made Easy - StatCounter",http://www.internationalcourierpoint.com,courier companies in Hyderabad India,dhlinhyd@gmail.com,+919703057624,,,,,,,False,False,False,False,10,Low Priority,Ignore,False,False,False,False,False,False,False,False,False,False
136,Cards,https://www.prrasadinternationalcourier.com,parcel delivery companies Chennai India,pichorjy@gmail.com,1556000017,,,,,,,False,False,False,False,10,Low Priority,Ignore,False,False,False,False,False,False,False,False,False,False
137,International Courier Chennai | Affordable Service to 200+ Countries | Capex Courier,https://www.capexcourier.com,parcel delivery companies Chennai India,info@capexcourier.com,+3403400760,,,,,,,False,False,False,False,10,Low Priority,Ignore,False,False,False,False,False,False,False,False,False,False
138,08 Courier,https://mikivcard.com/08courier#gallery-section,courier companies in Chennai India,08courier@gmail.com,+3403400760,,,,,,,False,False,False,False,10,Low Priority,Ignore,False,False,False,False,False,False,False,False,False,False
139,Maxser International Courier Chennai,http://maxser.in,courier companies in Chennai India,yourname@amail.com,+917305747444,,,,,,,False,False,False,False,10,Low Priority,Ignore,False,False,False,False,False,False,False,False,False,False
140,Chennai to USA Courier Charges,https://icecourier.in,courier companies in Chennai India,,+3403400760,,,,,,,False,False,False,False,0,Low Priority,Ignore,False,False,False,False,False,False,False,False,False,False
141,jas air Express international air courier,http://theinternationalcouriers.com,courier companies in Chennai India,theinternationalcouriers@gmail.com,+917200424241,,,,,,,False,False,False,False,0,Low Priority,Ignore,False,False,False,False,False,False,False,False,False,False
142,Courier Collects - Home,http://www.couriercollects.com,courier companies in Chennai India,info@couriercollects.com,+918939758500,,,,,,,False,False,False,False,10,Low Priority,Ignore,False,False,False,False,False,False,False,False,False,False
143,internatinal_courier_1_150x30,http://www.aanushexpress.com,courier companies in Chennai India,rahul@aanushexpress.com,+918124403403,,,,,,,False,False,False,False,0,Low Priority,Ignore,False,False,False,False,False,False,False,False,False,False
144,International Courier Service near me,https://aerovonexpress.com,express logistics companies Chennai India,aerovoncourier@gmail.com,+919943417245,,,,,,,False,False,False,False,0,Low Priority,Ignore,False,False,False,False,False,False,False,False,False,False
145,Courier Service in Chennai | Atlas Logistech Enterprises,https://atlaslogistech.com,courier companies in Chennai India,operations@atlaslogistech.com,+917338898436,,,,,,,False,False,False,False,10,Low Priority,Ignore,False,False,False,False,False,False,False,False,False,False
146,Logistics Person,https://thecreativelogistics.com,courier companies in Chennai India,info@thecreativelogistics.com,+919000000000,,,,,,,False,False,False,False,10,Low Priority,Ignore,False,False,False,False,False,False,False,False,False,False
147,Best International Courier Services in India,http://www.flyerfreight.com,courier companies in Chennai India,support@flyerfreight.com,+1262146417,,,,,,,False,False,False,False,10,Low Priority,Ignore,False,False,False,False,False,False,False,False,False,False
148,Transparency Icon,https://starworldwidecouriers.com,courier companies in Chennai India,support@starworldwidecouriers.com,+3403400760,,,,,,,False,False,False,False,10,Low Priority,Ignore,False,False,False,False,False,False,False,False,False,False
149,International Courier Service in Chennai | ShipHit,https://shiphit.com/international-courier-chennai,courier companies in Chennai India,info@shiphit.com,+919159688688,,,,,,,False,False,False,False,10,Low Priority,Ignore,False,False,False,False,False,False,False,False,False,False
150,DHL International Courier Service in Chennai | Free Pickup and Packing,https://www.nativeaircargo.com,courier companies in Chennai India,sales@nativeaircargo.com,+919962018875,,,,,,,False,False,False,False,10,Low Priority,Ignore,False,False,False,False,False,False,False,False,False,False
151,ProPremium Rate Revision,https://www.tpcglobe.com/contact.aspx,last mile courier companies Chennai India,ho@tpcglobe.com,+511949511949,,,,,,,False,False,False,False,10,Low Priority,Ignore,False,False,False,False,False,False,False,False,False,False
152,Get Cheap and Best Rate for all your international couriers,https://bestpackinternationalcourier.com,courier companies in Chennai India,booking@bestpackinternationalcourier.com,+917299313377,,,,,,,False,False,False,False,10,Low Priority,Ignore,False,False,False,False,False,False,False,False,False,False
153,"Best International Courier Services in Chennai , Your Trusted Shipping Partner-Janexlogistics",http://www.janexlogistics.com,courier companies in Chennai India,info@janexlogistics.com,+919500090004,,,,,,,False,False,False,False,10,Low Priority,Ignore,False,False,False,False,False,False,False,False,False,False
154,Singapore Cityscape,http://www.sgnetworkcourier.com,courier companies in Chennai India,cs@sgnetworkcourier.com,+914445497222,,,,,,,False,False,False,False,0,Low Priority,Ignore,False,False,False,False,False,False,False,False,False,False
155,The Last of us,http://www.saharaexpress.com,courier companies in Chennai India,info@saharaexpress.com,04424763000,,,,,,,False,False,False,False,0,Low Priority,Ignore,False,False,False,False,False,False,False,False,False,False
156,International Courier Service In Chennai - Call 996 225 9406,https://sainexco.com,courier companies in Chennai India,admin@sainexco.com,+918778119817,,,,,,,False,False,False,False,10,Low Priority,Ignore,False,False,False,False,False,False,False,False,False,False
157,Express On International Courier,http://expresson.co.in,courier companies in Chennai India,u003eexpresson2013@gmail.com,+919789005941,,,,,,,False,False,False,False,0,Low Priority,Ignore,False,False,False,False,False,False,False,False,False,False
158,Alliance Freight Express Pvt Ltd,http://alliancecargo.ind.in,courier companies in Chennai India,info@alliancecargo.ind.in,+916374419875,,,,,,,False,False,False,False,0,Low Priority,Ignore,False,False,False,False,False,False,False,False,False,False
159,Right Logistics Pvt. Ltd.,http://www.rightlogistics.com,courier companies in Chennai India,delhi@rightlogistics.com,+917907549732,,,,,,,False,False,False,False,10,Low Priority,Ignore,False,False,False,False,False,False,False,False,False,False
160,SAR WORKDWIDE,http://www.sarworldwide.in,courier companies in Chennai India,info@sarworldwide.in,+919940062691,,,,,,,False,False,False,False,10,Low Priority,Ignore,False,False,False,False,False,False,False,False,False,False
161,"Fast & Reliable International Courier Service from Pune to USA, UK & UAE",http://www.prathamairexpress.com,courier companies in Pune India,prashantcourier@gmail.com,+919067455331,,,,,,,False,False,False,False,0,Low Priority,Ignore,False,False,False,False,False,False,False,False,False,False
162,Kathat Logistics,http://www.kathatlogistics.com,courier companies in Pune India,transjet@4x.png,+918955339036,,,,,,,False,False,False,False,10,Low Priority,Ignore,False,False,False,False,False,False,False,False,False,False
163,"Courier, shipment, freight etc",https://www.falconcourier.org,courier companies in Pune India,falconcourier.org@gmail.com,+919979974457,,,,,,,False,False,False,False,10,Low Priority,Ignore,False,False,False,False,False,False,False,False,False,False
164,International courier services in Pune -Parcel Delivery- ISL,http://islcourier.com,courier companies in Pune India,info@islcourier.com,2655029736,,,,,,,False,False,False,False,10,Low Priority,Ignore,False,False,False,False,False,False,False,False,False,False
165,"A1 Courier - Courier Service in Mundhwa, Pune",https://a1-courier.grexa.site,courier companies in Pune India,,+918087261677,,,,,,,False,False,False,False,0,Low Priority,Ignore,False,False,False,False,False,False,False,False,False,False
166,The Professional Couriers - SB Road | Courier Services In Pune,https://nearby-courier.tpcindia.com/the-professional-couriers/branch-in-pune/branch-in-sb-road/the-professional-couriers-domestic-international-courier-services-in-sb-road-pune--c080a414-43ae-4fed-b58a-ec7da8154e98/home,courier companies in Pune India,,+3149431494,,,,,,,False,False,False,False,0,Low Priority,Ignore,False,False,False,False,False,False,False,False,False,False
167,We provide Best Courier & Cargo Services,http://www.dishaintl.com,courier companies in Pune India,csd@dishaintl.com,+919309294781,,,,,,,False,False,False,False,10,Low Priority,Ignore,False,False,False,False,False,False,False,False,False,False
168,Akash Ganga Courier,http://www.akashganga.info,same day delivery companies Bengaluru India,delhi@akashganga.info,+2616326163,,,,,,,False,False,False,False,10,Low Priority,Ignore,False,False,False,False,False,False,False,False,False,False
169,Constra,http://www.onusoverseas.in,courier companies in Pune India,onusoverseas@gmail.com,+917038030574,,,,,,,False,False,False,False,10,Low Priority,Ignore,False,False,False,False,False,False,False,False,False,False
170,Atlantic International Express,https://atlanticcourier.net,last mile courier companies Mumbai India,info@atlanticcourier.net,+919513438445,,,,,,,False,False,False,False,0,Low Priority,Ignore,False,False,False,False,False,False,False,False,False,False
171,Find your local World Courier office and depot | World Courier,https://www.worldcourier.com/locations?utm_source=Uberall&utm_medium=organic&utm_term=&utm_content=Content&utm_campaign=Uberall,courier companies in Pune India,,02067236790,,,,,,,False,False,False,False,0,Low Priority,Ignore,False,False,False,False,False,False,False,False,False,False
172,"TRACKON COURIER SERVICE - Courier Service in Gultekadi, Pune",https://trackon-courier-service.grexa.site,courier companies in Pune India,,+919890608655,,,,,,,False,False,False,False,0,Low Priority,Ignore,False,False,False,False,False,False,False,False,False,False
173,Tej Couriers,https://www.tejcouriers.com/shipment-tracking.php,courier companies in Nagpur India,info@tejcouriers.com,912312550022,,,,,,,False,False,False,False,10,Low Priority,Ignore,False,False,False,False,False,False,False,False,False,False
174,Shree Trivedi International,https://strivediservices.com/locations/surat,same day delivery companies Surat India,info@strivediservices.com,+919586606565,,,,,,,False,False,False,False,10,Low Priority,Ignore,False,False,False,False,False,False,False,False,False,False
175,Shipping ProductsWorldWideSafelyEverywhere,http://www.planetcourier.in,courier companies in Ahmedabad India,planetcourier.mum@gmail.com,+919712348348,,,,,,,False,False,False,False,10,Low Priority,Ignore,False,False,False,False,False,False,False,False,False,False
176,Delivering Your Parcels with Care and Speed,https://stardtd.com,courier companies in Ahmedabad India,info@stardoortodoor.com,+919327077790,,,,,,,False,False,False,False,10,Low Priority,Ignore,False,False,False,False,False,False,False,False,False,False
177,RAVI ENTERPRISE,https://wa.me/918905879453?text=Hello%2C%20Hope%20you%20are%20doing%20well.%20Kindly%20share%20the%20following%20details%20to%20proceed%20with%20your%20courier%20booking%3A%0A%0A1.%20Shipment%20Delivery%20Pincode%3A%0A2.%20Shipment%20Delivery%20Address%3A%0A3.%20Approximate%20Weight%20of%20Shipment%20%28in%20kg%29%3A%0A4.%20What%20Is%20Inside%20The%20Shipment%3F%0A5.%20Mode%20Of%20Transportation%3A%20Air%20Or%20Road%0A%0AIf%20you%20have%20any%20inquiries%2C%20feel%20free%20to%20call%20us.,courier companies in Ahmedabad India,,+3403400760,,,,,,,False,False,False,False,0,Low Priority,Ignore,False,False,False,False,False,False,False,False,False,False
178,Astha International,https://www.asthacourier.com,courier companies in Ahmedabad India,info@asthacourier.com,+917940098821,,,,,,,False,False,False,False,10,Low Priority,Ignore,False,False,False,False,False,False,False,False,False,False
179,Home - Patel Express Courier,https://www.patelcourier.in,courier companies in Ahmedabad India,cs@patelcourier.in,+950227095094,,,,,,,False,False,False,False,0,Low Priority,Ignore,False,False,False,False,False,False,False,False,False,False
180,HTML5,https://primecourier.in,courier companies in Ahmedabad India,primecourier01@gmail.com,+918905849486,,,,,,,False,False,False,False,10,Low Priority,Ignore,False,False,False,False,False,False,False,False,False,False
181,Responsive image,https://www.hindustanyellowpages.in/Ahmedabad/Ahuja-Express/Shahibaug,express logistics companies Ahmedabad India,,+919227272727,,,,,,,False,False,False,False,0,Low Priority,Ignore,False,False,False,False,False,False,False,False,False,False
182,Yash International Courier Service,http://www.yashaircourier.com,courier companies in Ahmedabad India,yashintl@yahoo.com,+46403390804,,,,,,,False,False,False,False,10,Low Priority,Ignore,False,False,False,False,False,False,False,False,False,False
183,Chips Express,http://chipsairexp.com,courier companies in Ahmedabad India,info@chipsairexp.com,8511539404,,,,,,,False,False,False,False,0,Low Priority,Ignore,False,False,False,False,False,False,False,False,False,False
184,1,https://stardoor2door.com,courier companies in Ahmedabad India,stard2d@gmail.com,+917940041086,,,,,,,False,False,False,False,10,Low Priority,Ignore,False,False,False,False,False,False,False,False,False,False
185,Best International Courier Service in Ahmedabad - Patidar International Courier,https://patidarcouriers.com,courier companies in Ahmedabad India,,+917069016262,,,,,,,False,False,False,False,0,Low Priority,Ignore,False,False,False,False,False,False,False,False,False,False
186,Home | Vanshinternationalcourierservice,https://vanshinternationlc.wixsite.com/vanshinternational-1,courier companies in Ahmedabad India,605a7baede844d278b89dc95ae0a9123@sentry-next.wixpress.com,506864101151,,,,,,,False,False,False,False,10,Low Priority,Ignore,False,False,False,False,False,False,False,False,False,False
187,about-image-6,https://www.appleexpress.in,courier companies in Ahmedabad India,info@appleexpress.com,+919327555544,,,,,,,False,False,False,False,0,Low Priority,Ignore,False,False,False,False,False,False,False,False,False,False
188,INTERNATIONAL COURIER,https://www.sreekanakadurgacourier.com,same day delivery companies Hyderabad India,info@sreekanakadurgacourier.com,+919100174447,,,,,,,False,False,False,False,10,Low Priority,Ignore,False,False,False,False,False,False,False,False,False,False
189,shape,http://www.maahicourier.com,courier companies in Ahmedabad India,mahicourier@yahoo.com,+3403400760,,,,,,,False,False,False,False,10,Low Priority,Ignore,False,False,False,False,False,False,False,False,False,False
190,International Courier,https://indianexpresscourier.net,courier companies in Ahmedabad India,indianexpresscourierintl@gmail.com,+919033881099,,,,,,,False,False,False,False,0,Low Priority,Ignore,False,False,False,False,False,False,False,False,False,False
191,International Courier Service in Ahmedabad,https://www.kpenterprises.co.in,courier companies in Ahmedabad India,pratikbshah2001@yahoo.com,+919426058514,,,,,,,False,False,False,False,10,Low Priority,Ignore,False,False,False,False,False,False,False,False,False,False
192,"A N COURIER SERVICES (ALL COURIER SERVICES) - Courier Service in Vejalpur, Ahmedabad",https://courier-services-all.grexa.site,courier companies in Ahmedabad India,,+823890473232,,,,,,,False,False,False,False,0,Low Priority,Ignore,False,False,False,False,False,False,False,False,False,False
193,Captcha,https://www.tpcindia.com/Default.aspx,courier companies in Ahmedabad India,marketing@tpcvpl.com,+6562910900,,,,,,,False,False,False,False,10,Low Priority,Ignore,False,False,False,False,False,False,False,False,False,False
194,Dynamic International Courier,http://www.dynamiccourier.in,courier companies in Ahmedabad India,info@dynamiccourier.in,+37537499999,,,,,,,False,False,False,False,10,Low Priority,Ignore,False,False,False,False,False,False,False,False,False,False
195,MABLES WORLDWIDE EXPRESS,https://mablesworldwideexpress.com,courier companies in Coimbatore India,express.mables18@gmail.com,084387566750,,,,,,,False,False,False,False,0,Low Priority,Ignore,False,False,False,False,False,False,False,False,False,False
196,Indian International Express,https://indianinternationalexpress.com,courier companies in Coimbatore India,info@indianinternationalexpress.com,+919894299099,,,,,,,False,False,False,False,0,Low Priority,Ignore,False,False,False,False,False,False,False,False,False,False
197,Oscar Express Worldwide,https://oscarexpress.in,courier companies in Coimbatore India,info@oscarexpress.in,+9626250234,,,,,,,False,False,False,False,0,Low Priority,Ignore,False,False,False,False,False,False,False,False,False,False
198,VSP International Courier,https://vspinternationalcourier.com,courier companies in Coimbatore India,contact@vspinternationalcourier.com,+918438089878,,,,,,,False,False,False,False,10,Low Priority,Ignore,False,False,False,False,False,False,False,False,False,False
199,Elbex,http://www.elbex.in,same day delivery companies Kochi India,info@elbex.in,+914224388573,,,,,,,False,False,False,False,10,Low Priority,Ignore,False,False,False,False,False,False,False,False,False,False
200,SSL - International Courier Services for Fast Global Shipping,http://www.sslexpress.in,courier companies in Coimbatore India,info@sslexpress.in,+914224399516,,,,,,,False,False,False,False,0,Low Priority,Ignore,False,False,False,False,False,False,False,False,False,False
201,Background,https://www.a1parcel.in,courier companies in Coimbatore India,a1parcel.india@gmail.com,+919047755255,,,,,,,False,False,False,False,10,Low Priority,Ignore,False,False,False,False,False,False,False,False,False,False
202,Sarvam Logistics,https://www.sarvamlogistics.com,courier companies in Coimbatore India,info@sarvamlogistics.com,+919843533123,,,,,,,False,False,False,False,10,Low Priority,Ignore,False,False,False,False,False,False,False,False,False,False
203,We are the best packers and movers in coimbatore,http://www.a1annapackers.in,courier companies in Coimbatore India,a1annapackersindia@gmail.com,+919940097022,,,,,,,False,False,False,False,0,Low Priority,Ignore,False,False,False,False,False,False,False,False,False,False
204,KRS Logistic Services,http://krs.co.in,courier companies in Coimbatore India,cs@krs.in,+914954099999,,,,,,,False,False,False,False,10,Low Priority,Ignore,False,False,False,False,False,False,False,False,False,False
205,Mettur Transports,http://www.metturtransports.com,courier companies in Coimbatore India,,+919443310770,,,,,,,False,False,False,False,0,Low Priority,Ignore,False,False,False,False,False,False,False,False,False,False
206,Rachna Courier Parcel Services,https://www.rachnacourier.net/tracking.php,courier companies in Surat India,"rachnacourier_parcel@yahoo.com,
rachnacs01@gmail.com",+919879104455,,,,,,,False,False,False,False,0,Low Priority,Ignore,False,False,False,False,False,False,False,False,False,False
207,City International,https://www.cityinternational.in,courier companies in Surat India,info@cityinternational.in,1393969411,,,,,,,False,False,False,False,10,Low Priority,Ignore,False,False,False,False,False,False,False,False,False,False
208,Track Shipment,https://chipsinternational.in,courier companies in Surat India,urvesh@chipsinternational.in,+32345345645,,,,,,,False,False,False,False,10,Low Priority,Ignore,False,False,False,False,False,False,False,False,False,False
209,Domestic Courier Services,https://www.mitint.net,courier companies in Surat India,surat@mitint.net,+917405252541,,,,,,,False,False,False,False,10,Low Priority,Ignore,False,False,False,False,False,False,False,False,False,False
210,Safe & ReliableLogisticSolutions!,https://siddhiinternationalcourier.com,courier companies in Surat India,info.siddhicourierservices01@gmail.comn,+918780965584,,,,,,,False,False,False,False,10,Low Priority,Ignore,False,False,False,False,False,False,False,False,False,False
211,Expedite,https://www.chachaparcel.com/#,courier companies in Surat India,chachacourier@yahoo.com,+2616760833,,,,,,,False,False,False,False,10,Low Priority,Ignore,False,False,False,False,False,False,False,False,False,False
212,blog_2.jpg,https://expressintl.in,parcel delivery companies Surat India,exp2intl@gmail.com,+919825320899,,,,,,,False,False,False,False,0,Low Priority,Ignore,False,False,False,False,False,False,False,False,False,False
213,Bhagwati International,http://bhagwatiintl.in,courier companies in Surat India,support@bhagwatiintl.com,+919727533302,,,,,,,False,False,False,False,10,Low Priority,Ignore,False,False,False,False,False,False,False,False,False,False
214,hero-header,http://www.dlightinternational.com,courier companies in Surat India,info@dlightinternational.com,+918469408161,,,,,,,False,False,False,False,10,Low Priority,Ignore,False,False,False,False,False,False,False,False,False,False
215,Bright Parcel,https://www.brightparcel.com,courier companies in Surat India,brightparcel.com@gmail.com,+918980422299,,,,,,,False,False,False,False,10,Low Priority,Ignore,False,False,False,False,False,False,False,False,False,False
216,...,https://flindialogistics.com,last mile courier companies Noida India,logisticsflindia@gmail.com,+919005141429,,,,,,,False,False,False,False,10,Low Priority,Ignore,False,False,False,False,False,False,False,False,False,False
217,swiftparcel,https://www.swiftparcel.in,courier companies in Surat India,info@expoint.com,+919033731227,,,,,,,False,False,False,False,10,Low Priority,Ignore,False,False,False,False,False,False,False,False,False,False
218,"Trackon Courier Amroli 394107 - Courier Service in Amroli, Surat",https://trackon-courier-amroli.grexa.site,courier companies in Surat India,,+823890473232,,,,,,,False,False,False,False,0,Low Priority,Ignore,False,False,False,False,False,False,False,False,False,False
219,Skyxpress,http://www.skyexpress.in,courier companies in Jaipur India,skyexp.csd@gmail.com,+919314022900,,,,,,,False,False,False,False,0,Low Priority,Ignore,False,False,False,False,False,False,False,False,False,False
220,Home - WEIT Prime Pvt. Ltd.,https://www.weitprime.com,courier companies in Jaipur India,support@weitprime.com,+1275100543711,,,,,,,False,False,False,False,10,Low Priority,Ignore,False,False,False,False,False,False,False,False,False,False
221,GK Courier,http://www.gkcourier.com,courier companies in Jaipur India,support@gkcourier.com,+666666666667,,,,,,,False,False,False,False,10,Low Priority,Ignore,False,False,False,False,False,False,False,False,False,False
223,Fast delivery,https://indianexpresscouriers.com,courier companies in Jaipur India,accounts@indianexpresscouriers.com,+919314636920,,,,,,,False,False,False,False,0,Low Priority,Ignore,False,False,False,False,False,False,False,False,False,False
224,customerservice@westexpresslogistics.com,http://westexpresslogistics.com,courier companies in Jaipur India,customerservice@westexpresslogistics.com,01414913134,,,,,,,False,False,False,False,0,Low Priority,Ignore,False,False,False,False,False,False,False,False,False,False
225,D K Enterprises,https://dkcourier.in,courier companies in Jaipur India,info@dkcourier.com,+919602525132,,,,,,,False,False,False,False,10,Low Priority,Ignore,False,False,False,False,False,False,False,False,False,False
226,WELCOME TOPushpak Courier,http://www.pushpakcourier.net,courier companies in Jaipur India,spain@pushpakcourier.net,+919930142619,,,,,,,False,False,False,False,10,Low Priority,Ignore,False,False,False,False,False,False,False,False,False,False
227,Logisti,http://shekhawaticourier.com,courier companies in Jaipur India, info@shekhawatiotc.com,+919257030581,,,,,,,False,False,False,False,0,Low Priority,Ignore,False,False,False,False,False,False,False,False,False,False
228,"Discover TV, Broadband & Mobile Phone Packages with Sky",http://www.sky.com,courier companies in Jaipur India,,+641810715656,,,,,,,False,False,False,False,0,Low Priority,Ignore,False,False,False,False,False,False,False,False,False,False
229,"International Courier Charges - USA, Canada, UK, Australia, UAE",http://courierchargesfor.com,courier companies in Jaipur India,,+3403400760,,,,,,,False,False,False,False,0,Low Priority,Ignore,False,False,False,False,False,False,False,False,False,False
230,Courier Service in Vijay Nagar Indore Orbit Mall Branch –Suryakoti.,https://suryakotiexpress.com/courier-service-in-vijay-nagar-indore-orbit-mall-branch,courier companies in Indore India,contact@suryakoti.com,+919522330007,,,,,,,False,False,False,False,0,Low Priority,Ignore,False,False,False,False,False,False,False,False,False,False
231,Sk Courier & Cargo Services - Courier Service,https://sk-courier-services.grexa.site,courier companies in Indore India,,183597407888,,,,,,,False,False,False,False,0,Low Priority,Ignore,False,False,False,False,False,False,False,False,False,False
232,male and female worker packing courier box in warehouse,http://www.globalairexpress.com,courier companies in Indore India,info@globalairexpress.com,+3403400760,,,,,,,False,False,False,False,0,Low Priority,Ignore,False,False,False,False,False,False,False,False,False,False
233,Weeple Logistics,https://www.weeple.in,courier companies in Indore India,growth@weeple.in,+918871249766,,,,,,,False,False,False,False,10,Low Priority,Ignore,False,False,False,False,False,False,False,False,False,False
234,Home - United Goods Transport Co.,http://unitedtransport.co.in,courier companies in Indore India,info@unitedtransport.co.in,+12195471225016,,,,,,,False,False,False,False,10,Low Priority,Ignore,False,False,False,False,False,False,False,False,False,False
235,packers and movers,https://hindcargopackers.in,last mile courier companies Hyderabad India,info@hindcargopackers.in,+919983325898,,,,,,,False,False,False,False,10,Low Priority,Ignore,False,False,False,False,False,False,False,False,False,False
236,"Indore Packers and Movers: Reliable, Efficient, Relocation Services",https://www.kalkipackersandmovers.com/packers-and-movers-indore,courier companies in Indore India,kalkipackersandmovers@gmail.com,+918827933061,,,,,,,False,False,False,False,10,Low Priority,Ignore,False,False,False,False,False,False,False,False,False,False
238,loader,http://pawanputra.in,courier companies in Indore India,,+2616760833,,,,,,,False,False,False,False,0,Low Priority,Ignore,False,False,False,False,False,False,False,False,False,False
239,Awasthi Transport Company,https://awasthitransport.co.in/contact-us,same day delivery companies Lucknow India,team@awasthitransport.in,+919670000360,,,,,,,False,False,False,False,10,Low Priority,Ignore,False,False,False,False,False,False,False,False,False,False
240,tciexpress,https://www.tciexpress.in,express logistics companies Gurugram India,info@tciexpress.in,+490024002400,,,,,,,False,False,False,False,0,Low Priority,Ignore,False,False,False,False,False,False,False,False,False,False
241,Jetline,http://www.jetlinecouriers.in,courier companies in Lucknow India,admin@jetlinecouriers.in,9266615514,,,,,,,False,False,False,False,10,Low Priority,Ignore,False,False,False,False,False,False,False,False,False,False
242,Sai Transport Services,https://saitransportservices.in,courier companies in Lucknow India,team@saitransportservices.in,+2616760833,,,,,,,False,False,False,False,10,Low Priority,Ignore,False,False,False,False,False,False,False,False,False,False
243,"CENTURY CARGO - Transportation Service in Transport Nagar, Lucknow",https://century-cargo.grexa.site,courier companies in Lucknow India,,+919235739235,,,,,,,False,False,False,False,0,Low Priority,Ignore,False,False,False,False,False,False,False,False,False,False
244,AWL India,http://www.awlindia.com,courier companies in Lucknow India,info@awlindia.com,+911244279462,,,,,,,False,False,False,False,10,Low Priority,Ignore,False,False,False,False,False,False,False,False,False,False
245,About UsWelcome to M.R International,https://mrinternationalcourier.com,courier companies in Lucknow India,,+918858026126,,,,,,,False,False,False,False,0,Low Priority,Ignore,False,False,False,False,False,False,False,False,False,False
246,Globe Xpress - Best Courier & Cargo Service in Kochi - Globe Xpress,https://www.goxpress.in,courier companies in Kochi India,contact@goxpress.in,+918660377572,,,,,,,False,False,False,False,0,Low Priority,Ignore,False,False,False,False,False,False,False,False,False,False
247,Express World Couriers,https://expressworldintl.com,courier companies in Kochi India,info@expressworldintl.com,+3403400760,,,,,,,False,False,False,False,0,Low Priority,Ignore,False,False,False,False,False,False,False,False,False,False
248,"DELIVERING EXCELLENCE, CONNECTING THE WORLD",https://aironexp.com,courier companies in Kochi India,info@aironexp.com,+918590819991,,,,,,,False,False,False,False,10,Low Priority,Ignore,False,False,False,False,False,False,False,False,False,False
249,vanakkam express international courier,https://vanakkamexpress.com,courier companies in Kochi India,info@vanakkamexpress.com,+917010632001,,,,,,,False,False,False,False,0,Low Priority,Ignore,False,False,False,False,False,False,False,False,False,False
250,NRI Express,http://www.nriexpress.in,courier companies in Kochi India,nricochin@gmail.com,+914844022765,,,,,,,False,False,False,False,0,Low Priority,Ignore,False,False,False,False,False,False,False,False,False,False
251,"Freight Forwarding, Logistics company in kerala | URBX Worldwide",https://www.urbxworldwide.com,courier companies in Kochi India,css@urbxworldwide.com,+914842981888,,,,,,,False,False,False,False,10,Low Priority,Ignore,False,False,False,False,False,False,False,False,False,False
252,Trackon Software,http://www.trackon.com,courier companies in Kochi India,info@trackonsoftware.com,+971586324166,,,,,,,False,False,False,False,10,Low Priority,Ignore,False,False,False,False,False,False,False,False,False,False
253,SRD Logistics - Full Service Logistics Provider in India | Surface Transport,http://srdlogistics.com,courier companies in Kochi India,,+511998511998,,,,,,,False,False,False,False,0,Low Priority,Ignore,False,False,False,False,False,False,False,False,False,False
254,Global Services | Domestic & International Courier Services in Nagpur,https://trackglobal.in,courier companies in Nagpur India,,,,,,,,,False,False,False,False,0,Low Priority,Ignore,False,False,False,False,False,False,False,False,False,False
255,Best Courier Service in Nagpur: Fast & Reliable,https://dtexpress.co.in,courier companies in Nagpur India,info@dtexpress.co.in,+919604625032,,,,,,,False,False,False,False,0,Low Priority,Ignore,False,False,False,False,False,False,False,False,False,False
257,SHREE ANJANI COURIER SERVICE PVT LTD. - Courier Service,https://shree-anjani-148285.grexa.site,courier companies in Nagpur India,,183597407888,,,,,,,False,False,False,False,0,Low Priority,Ignore,False,False,False,False,False,False,False,False,False,False
258,Relocate Packers and Movers,https://www.relocatepackersandmovers.com,courier companies in Nagpur India,info@relocatepackersandmovers.com,+1320419202,,,,,,,False,False,False,False,10,Low Priority,Ignore,False,False,False,False,False,False,False,False,False,False
259,Road Freight,https://maxmailcourier.com,courier companies in Nagpur India,mumbai@maxmailcourier.com,+919975030381,,,,,,,False,False,False,False,10,Low Priority,Ignore,False,False,False,False,False,False,False,False,False,False
260,Sahara Cargo Packers And Movers,https://www.saharapackersmovers.in,courier companies in Nagpur India,info@saharapackersmovers.in,+917769000802,,,,,,,False,False,False,False,10,Low Priority,Ignore,False,False,False,False,False,False,False,False,False,False
261,Warehouse in Noida | Trusted 3PL  Warehousing Services,https://www.warehousingexpress.com/warehousing-logistics-storage-services-noida,express logistics companies Noida India,info@warehousingexpress.com,+919910135316,,,,,,,False,False,False,False,0,Low Priority,Ignore,False,False,False,False,False,False,False,False,False,False
262,Trusted Packers and Movers in Lucknow | SK Packers & Movers | SK Packers & Movers,https://skpackerslucknow.com,same day delivery companies Lucknow India,info@email.com,+917235979189,,,,,,,False,False,False,False,10,Low Priority,Ignore,False,False,False,False,False,False,False,False,False,False
263,SRT Logistics - Courier Service,https://srt-logistics.grexa.site,express logistics companies Bengaluru India,,183597407888,,,,,,,False,False,False,False,0,Low Priority,Ignore,False,False,False,False,False,False,False,False,False,False
264,NXグループ,http://www.nipponexpress.com,express logistics companies Bengaluru India,,58887683049,,,,,,,False,False,False,False,0,Low Priority,Ignore,False,False,False,False,False,False,False,False,False,False
265,Home - Leonora - Packers Movers in India | 100% Save Moving Solutions,https://leonorapackersmovers.com,express logistics companies Bengaluru India,info@leonorapackersmovers.com,+919663434306,,,,,,,False,False,False,False,0,Low Priority,Ignore,False,False,False,False,False,False,False,False,False,False
266,"Home - Movizy Freight India â Air, Sea, Road Logistics Across India",http://www.movizy.in,express logistics companies Bengaluru India,support@movizy.in,+919738615499,,,,,,,False,False,False,False,0,Low Priority,Ignore,False,False,False,False,False,False,False,False,False,False
267,images-1,http://avirise.com,express logistics companies Bengaluru India,support@avirise.com,+919538946661,,,,,,,False,False,False,False,0,Low Priority,Ignore,False,False,False,False,False,False,False,False,False,False
268,ESWN courier and logistics,http://www.eswn.in,express logistics companies Bengaluru India,info@eswn.in,+917676159141,,,,,,,False,False,False,False,0,Low Priority,Ignore,False,False,False,False,False,False,False,False,False,False
269,Express PACKERS MOVERS BANGALORE,https://www.professionalpackersbangalore.com,express logistics companies Bengaluru India,0e6a29e4756740a8a63493e912ba2174@sentry.wixpress.com,+919243189801,,,,,,,False,False,False,False,0,Low Priority,Ignore,False,False,False,False,False,False,False,False,False,False
270,International Courier in Electronic City Bangalore | GCC Express,https://gccexpressinternationalcourier.com,express logistics companies Bengaluru India,info.moveasy669@gmail.com,+917411338675,,,,,,,False,False,False,False,0,Low Priority,Ignore,False,False,False,False,False,False,False,False,False,False
271,Safe Packers And Movers,https://safepackersmovers.co.in/about,express logistics companies Bengaluru India,info@safepackersmovers.co.in,+919036970077,,,,,,,False,False,False,False,0,Low Priority,Ignore,False,False,False,False,False,False,False,False,False,False
272,images,http://www.mnccourierservices.com,express logistics companies Bengaluru India,girish@mnccourierservices.com,+012222989899,,,,,,,False,False,False,False,0,Low Priority,Ignore,False,False,False,False,False,False,False,False,False,False
273,about image,http://shivamexpresslogistics.in,express logistics companies Bengaluru India,info@shivamexpresslogistics.in,+918088817541,,,,,,,False,False,False,False,0,Low Priority,Ignore,False,False,False,False,False,False,False,False,False,False
274,Whatsapp,https://www.atkexp.com,last mile courier companies Pune India,css.west@atkexp.com,+919823171062,,,,,,,False,False,False,False,0,Low Priority,Ignore,False,False,False,False,False,False,False,False,False,False
275,CriticaLog India Private Limited,https://criticalog.com,same day delivery companies Indore India,marketing@criticalog.com,+918046883100,,,,,,,False,False,False,False,10,Low Priority,Ignore,False,False,False,False,False,False,False,False,False,False
276,Globe Moving,https://www.globemoving.net,express logistics companies Bengaluru India,info@globemoving.net,+91761877733,,,,,,,False,False,False,False,0,Low Priority,Ignore,False,False,False,False,False,False,False,False,False,False
277,Röhlig India,https://www.rohlig.com/offices/asia/india/?utm_source=uberall&utm_medium=profile,express logistics companies Bengaluru India,hello@rohlig.com,+4942130310,,,,,,,False,False,False,False,0,Low Priority,Ignore,False,False,False,False,False,False,False,False,False,False
278,Moving & Courier Made Simple,http://moveabox.in,express logistics companies Bengaluru India,info@moveabox.in,+919019534085,,,,,,,False,False,False,False,0,Low Priority,Ignore,False,False,False,False,False,False,False,False,False,False
279,Home - Express Global Logistics,https://exglogistics.com,express logistics companies Mumbai India,express@expressworld.com,+480004480004,,,,,,,False,False,False,False,0,Low Priority,Ignore,False,False,False,False,False,False,False,False,False,False
280,Home | IN,https://in.inxpress.com,express logistics companies Mumbai India,,+912245902000,,,,,,,False,False,False,False,0,Low Priority,Ignore,False,False,False,False,False,False,False,False,False,False
281,Express Logistics Solutions,http://els-india.com,express logistics companies Mumbai India,els@els-india.com,+918657044113,,,,,,,False,False,False,False,0,Low Priority,Ignore,False,False,False,False,False,False,False,False,False,False
282,"Logistics Service Provider Company, ACE Express, Mumbai",https://www.aeindia.co.in,express logistics companies Mumbai India,info@aeindia.co.in,+918046723300,,,,,,,False,False,False,False,0,Low Priority,Ignore,False,False,False,False,False,False,False,False,False,False
283,CTS Express Logistics Pvt Ltd,https://www.ctsexpress.co.in,express logistics companies Mumbai India,info@ctsexpress.co.in,+912067300400,,,,,,,False,False,False,False,0,Low Priority,Ignore,False,False,False,False,False,False,False,False,False,False
284,"International Courier Service Company Mumbai, Bangalore – Pace",https://paceexp.com,express logistics companies Mumbai India,info@paceexp.com,+53688521057,,,,,,,False,False,False,False,0,Low Priority,Ignore,False,False,False,False,False,False,False,False,False,False
285,WELcome toMegaExpress Logistics,http://megaexpresslogistics.com,express logistics companies Mumbai India,quotedesk@megaexpresslogistics.com,+912249763697,,,,,,,False,False,False,False,0,Low Priority,Ignore,False,False,False,False,False,False,False,False,False,False
286,"URL Safe Express | Pan-India FTL, ODC & Project Cargo",http://www.urlsafe.in,express logistics companies Mumbai India,mumbai@urlsafe.in,+919860610295,,,,,,,False,False,False,False,0,Low Priority,Ignore,False,False,False,False,False,False,False,False,False,False
287,support-image-2,http://omturanth.com,express logistics companies Mumbai India,contact@omturanth.com,+919375690800,,,,,,,False,False,False,False,0,Low Priority,Ignore,False,False,False,False,False,False,False,False,False,False
288,GLOBAL EXPRESS has great pleasure in introducing ourselves to you as one of the leading courier professional in the field of courier mode opration. Call Now :- 9619193865 GLOBAL EXPRESS the BUSINESS ASSOCIATES of all the most leading courier company. | Cargo & Courier | Domestic Courier Services In Andheri | Fast Courier Service In Andheri | Air Cargo Service In Andheri | Domestic Cargo Services In Andheri | Door To Door Courier Services In Andheri | International Parcel Service In Andheri | Parcel Service In Andheri | Next Day Delivery Service In Andheri | Parcel Booking Services in Andheri East | International Courier Services In Andheri |  International Courier Services In Powai | Domestic Courier Services In Powai | Fast Courier Service In Powai | Air Cargo Service In Powai | Domestic Cargo Services In Powai | Door To Door Courier Services In Powai | International Parcel Service In Powai | Parcel Service In Powai | Next Day Delivery Service In Powai | Urgent courier service in Powai,http://www.globalexpresslogistic.com,express logistics companies Mumbai India,info@globalexpresslogistic.com,+919619193865,,,,,,,False,False,False,False,0,Low Priority,Ignore,False,False,False,False,False,False,False,False,False,False
289,CargoLink Express Logistics LLP | India's Premier Logistics Company,http://cargolink.in,same day delivery companies Mumbai India,info@cargolink.in,+919130069691,,,,,,,False,False,False,False,0,Low Priority,Ignore,False,False,False,False,False,False,False,False,False,False
290,"Safe Reach Logistics | Speed, Safety & Reliability - Safe reach Logistics",http://www.originexpress.com,express logistics companies Mumbai India,,+919108908146,,,,,,,False,False,False,False,0,Low Priority,Ignore,False,False,False,False,False,False,False,False,False,False
291,ULINK22,https://logistians.in,express logistics companies Mumbai India,logistianexpress@gmail.com,+919082368143,,,,,,,False,False,False,False,0,Low Priority,Ignore,False,False,False,False,False,False,False,False,False,False
292,ace-smart,http://www.jaguarship.com,express logistics companies Mumbai India,,+913340627020,,,,,,,False,False,False,False,0,Low Priority,Ignore,False,False,False,False,False,False,False,False,False,False
293,item1,http://www.concordeexpress.com,express logistics companies Mumbai India,info@concordeexpress.com,+917021236604,,,,,,,False,False,False,False,0,Low Priority,Ignore,False,False,False,False,False,False,False,False,False,False
294,Star Express,https://www.starexpressindia.com,express logistics companies Mumbai India,admin@starexpressindia.com,+912266095555,,,,,,,False,False,False,False,0,Low Priority,Ignore,False,False,False,False,False,False,False,False,False,False
295,Bonds Logistics,http://bondslogistics.com,express logistics companies Mumbai India,cs@bondslogistics.com,+912226429780,,,,,,,False,False,False,False,0,Low Priority,Ignore,False,False,False,False,False,False,False,False,False,False
296,Img,https://sancharcouriers.in,same day delivery companies Hyderabad India,contact@sancharcouriers.in,+919030013230,,,,,,,False,False,False,False,10,Low Priority,Ignore,False,False,False,False,False,False,False,False,False,False
297,Home - Kimaya Express.Com,https://kimayaexpress.com,express logistics companies Mumbai India,kimayaexpress@yahoo.com,9594415489,,,,,,,False,False,False,False,0,Low Priority,Ignore,False,False,False,False,False,False,False,False,False,False
298,Web Analytics Made Easy - Statcounter,http://shipkar.co.in,express logistics companies Mumbai India,support@shipkar.co.in,+918451001005,,,,,,,False,False,False,False,0,Low Priority,Ignore,False,False,False,False,False,False,False,False,False,False
299,International Cargo Services Center in Mumbai India,https://www.cargosafeexpress.com,express logistics companies Mumbai India,info@cargosafeexpress.com,+919769536120,,,,,,,False,False,False,False,0,Low Priority,Ignore,False,False,False,False,False,False,False,False,False,False
300,Uniqueairfreight,http://uniqueairfreight.com,express logistics companies Mumbai India,customercare@uniqueairfreight.com,02242285850,,,,,,,False,False,False,False,0,Low Priority,Ignore,False,False,False,False,False,False,False,False,False,False
301,Best Local Courier & Logistics in Mumbai – Iwayexx Logistics,https://iwayexx.in,express logistics companies Mumbai India,customercare@iwayexx.in,+02266288535,,,,,,,False,False,False,False,0,Low Priority,Ignore,False,False,False,False,False,False,False,False,False,False
302,"Vighnaharta Express Logistics and Movers - Packaging Company in Panvel, Raigad, Navi Mumbai",https://vighnaharta-express.grexa.site,express logistics companies Mumbai India,,+917498069303,,,,,,,False,False,False,False,0,Low Priority,Ignore,False,False,False,False,False,False,False,False,False,False
303,Indian Express Courier and Cargo Services Mumbai,http://indianexpcargo.com,express logistics companies Mumbai India,info@indianexpcargo.com,+918080289792,,,,,,,False,False,False,False,0,Low Priority,Ignore,False,False,False,False,False,False,False,False,False,False
304,Geeta Shipping &amp; Clearance Services Pvt Ltd,http://www.geetagroup.com,express logistics companies Mumbai India,shais@geetagroup.com,+912266413000,,,,,,,False,False,False,False,0,Low Priority,Ignore,False,False,False,False,False,False,False,False,False,False
305,DHL Express,https://mydhl.express.dhl/in/en/home.html#/createNewShipmentTab,express logistics companies Mumbai India,name@email.com,+912266789001,,,,,,,False,False,False,False,0,Low Priority,Ignore,False,False,False,False,False,False,False,False,False,False
306,client,https://www.vamaship.com/?utm_source=google&utm_medium=wix_google_business_profile&utm_campaign=7045410507830594541,express logistics companies Mumbai India,care@vamaship.com,+912248934295,,,,,,,False,False,False,False,0,Low Priority,Ignore,False,False,False,False,False,False,False,False,False,False
307,RE Rogers,http://www.rogersworldwideindia.com,express logistics companies Mumbai India,manojk@rogersworldwideindia.com,+911129949803,,,,,,,False,False,False,False,0,Low Priority,Ignore,False,False,False,False,False,False,False,False,False,False
308,BK XPRESS CARGO PVT LTD Courier service - Courier Service,https://bk-xpress-cargo.grexa.site,express logistics companies Mumbai India,,183597407888,,,,,,,False,False,False,False,0,Low Priority,Ignore,False,False,False,False,False,False,False,False,False,False
309,JP Logistics - International Logistics Services Provider Company | Mumbai,https://jplogisticsservices.com,express logistics companies Mumbai India,info@jplogisticsservices.com,+918369608059,,,,,,,False,False,False,False,0,Low Priority,Ignore,False,False,False,False,False,False,False,False,False,False
310,Top Logistics: Simplify Transport with Online Truck Booking,https://www.toplogistics.in/?utm_source=gmb_listing&utm_medium=organic,express logistics companies Mumbai India,admin@toplogistics.in,+919152802809,,,,,,,False,False,False,False,0,Low Priority,Ignore,False,False,False,False,False,False,False,False,False,False
311,Established 1990,http://www.airwingsindia.com,express logistics companies Mumbai India,,8314317991,,,,,,,False,False,False,False,0,Low Priority,Ignore,False,False,False,False,False,False,False,False,False,False
312,systematic Approch,http://expressfreight.in,express logistics companies Mumbai India,info@expressfreight.in,+912226828546,,,,,,,False,False,False,False,0,Low Priority,Ignore,False,False,False,False,False,False,False,False,False,False
313,"Star India Trans Logistics Pvt. Ltd. - Star India Trans Logistics Pvt. Ltd. has the capability to transport any type of cargo by Air, Sea or Road anywhere in the world.",https://starindiatl.in,express logistics companies Mumbai India,info@starindiatl.in,+919552121845,,,,,,,False,False,False,False,0,Low Priority,Ignore,False,False,False,False,False,False,False,False,False,False
314,Prd Logistics | Best Logistics delivery and supply management company in Delhi,http://www.prdlogisticsindia.com,express logistics companies Delhi NCR India,info@prdlogisticsindia.com,+919910480577,,,,,,,False,False,False,False,0,Low Priority,Ignore,False,False,False,False,False,False,False,False,False,False
315,We offer a host of logistic management and supply chain solutions.,http://reinforcelogistics.com,express logistics companies Delhi NCR India,info@reinforcelogistics.com,+919910501336,,,,,,,False,False,False,False,0,Low Priority,Ignore,False,False,False,False,False,False,False,False,False,False
316,"Zipex Global Logistics- Best Freight Forwarder in Haridwar, Gurgaon",http://zipex.co.in,express logistics companies Delhi NCR India,info@zipex.co.in,+919811007329,,,,,,,False,False,False,False,0,Low Priority,Ignore,False,False,False,False,False,False,False,False,False,False
317,About,http://www.sansgloballogistics.in,express logistics companies Delhi NCR India,sglcare@sansgloballogistics.in,+919873470244,,,,,,,False,False,False,False,0,Low Priority,Ignore,False,False,False,False,False,False,False,False,False,False
318,EXPRESS LOGISTICS,https://www.expresslogistic.in,express logistics companies Delhi NCR India,expresslogistics2018@gmail.com,+919310162188,,,,,,,False,False,False,False,0,Low Priority,Ignore,False,False,False,False,False,False,False,False,False,False
319,Slide background,http://www.impexlogistics.co.in,express logistics companies Delhi NCR India,info@impexlogistics.co.in,+918448999082,,,,,,,False,False,False,False,0,Low Priority,Ignore,False,False,False,False,False,False,False,False,False,False
320,sflsolutions.com,http://www.sflsolutions.com,express logistics companies Delhi NCR India,,,,,,,,,False,False,False,False,0,Low Priority,Ignore,False,False,False,False,False,False,False,False,False,False
321,A large cargo container ship out to sea.,https://www.hlpl.co.in,express logistics companies Delhi NCR India,info@hlpl.co.in,+911169112200,,,,,,,False,False,False,False,0,Low Priority,Ignore,False,False,False,False,False,False,False,False,False,False
322,menu,http://www.cglindia.net,express logistics companies Delhi NCR India,contact@cglindia.net,+911148588888,,,,,,,False,False,False,False,0,Low Priority,Ignore,False,False,False,False,False,False,False,False,False,False
323,"Swiftline Cargo, Please wait...",https://www.swiftlinefreight.com,express logistics companies Delhi NCR India,info@swiftlinefreight.com,+917015507349,,,,,,,False,False,False,False,0,Low Priority,Ignore,False,False,False,False,False,False,False,False,False,False
324,"ABS Logistics | Full-Service Air & Sea Freight Forwarders in New Delhi, India",http://abslogistics.in,express logistics companies Delhi NCR India,info@abslogistics.in,+919810775426,,,,,,,False,False,False,False,0,Low Priority,Ignore,False,False,False,False,False,False,False,False,False,False
325,Most Trusted Freight Forwarding Company in India - GSI Cargo,http://www.gsicargo.com,express logistics companies Delhi NCR India,info@gsicargo.com,+919999573197,,,,,,,False,False,False,False,0,Low Priority,Ignore,False,False,False,False,False,False,False,False,False,False
326,Tiger Logistics - Digital Freight Booking Platform,http://www.tigerlogistics.in,express logistics companies Delhi NCR India,info@tigerlogistics.in,919266140029,,,,,,,False,False,False,False,0,Low Priority,Ignore,False,False,False,False,False,False,False,False,False,False
327,India Market Focus,https://dimerco.com/global-logistics-network/india-freight-forwarder,express logistics companies Delhi NCR India,info@dimerco.com,+6565422233,,,,,,,False,False,False,False,0,Low Priority,Ignore,False,False,False,False,False,False,False,False,False,False
328,Screenshot 2025-11-04 102723,https://globallogisticsworld.in,express logistics companies Delhi NCR India,lego@4x-600x131.png,+919348960359,,,,,,,False,False,False,False,0,Low Priority,Ignore,False,False,False,False,False,False,False,False,False,False
329,The DFL Group,https://thedflgroup.com,express logistics companies Delhi NCR India,info@thedflgroup.com,+447388653479,,,,,,,False,False,False,False,0,Low Priority,Ignore,False,False,False,False,False,False,False,False,False,False
330,RoadLoad,http://roadload.in,express logistics companies Delhi NCR India,info@roadload.in,+919810887991,,,,,,,False,False,False,False,0,Low Priority,Ignore,False,False,False,False,False,False,False,False,False,False
331,Spark Logistic - International Shipping Company in India,https://www.sparklogistic.com,express logistics companies Delhi NCR India,info@sparklogistic.com,+919217127419,,,,,,,False,False,False,False,0,Low Priority,Ignore,False,False,False,False,False,False,False,False,False,False
332,www.lotuslogistics.in,https://www.lotuslogistics.in,express logistics companies Delhi NCR India,vinay@lotuslogistics.in,2010271340,,,,,,,False,False,False,False,0,Low Priority,Ignore,False,False,False,False,False,False,False,False,False,False
333,Discover Trading partner,http://www.jetsealogistics.com,express logistics companies Delhi NCR India,info@jetsealogistics.com,+918860700003,,,,,,,False,False,False,False,0,Low Priority,Ignore,False,False,False,False,False,False,False,False,False,False
334,International Freight Forwarder In India | Customs Clearance,https://www.bdginternational.in,express logistics companies Delhi NCR India,bdgindia@bdginternational.com,1785184738,,,,,,,False,False,False,False,0,Low Priority,Ignore,False,False,False,False,False,False,False,False,False,False
335,AFM Logistics - International Freight Forwarding Company,https://afm.net.in,express logistics companies Delhi NCR India,info@afm.net.in,+919811931583,,,,,,,False,False,False,False,0,Low Priority,Ignore,False,False,False,False,False,False,False,False,False,False
336,Crew,http://www.relayexpress.in,express logistics companies Delhi NCR India,support@relayexpress.in,624138681,,,,,,,False,False,False,False,0,Low Priority,Ignore,False,False,False,False,False,False,False,False,False,False
337,hero-image-tra-1,http://expresscouriers.in,express logistics companies Delhi NCR India,the_expresscouriers@yahoo.com,+919811384784,,,,,,,False,False,False,False,0,Low Priority,Ignore,False,False,False,False,False,False,False,False,False,False
338,Express Roadways | Best Logistics Company in India,https://expressroadways.in,express logistics companies Kochi India,sales.media@expressroadways.co.in,+919138887782,,,,,,,False,False,False,False,0,Low Priority,Ignore,False,False,False,False,False,False,False,False,False,False
339,Kerlin Xpress,http://kerlinxpress.wordpress.com,express logistics companies Delhi NCR India,info@kerlinxpress.com,+1275100543711,,,,,,,False,False,False,False,0,Low Priority,Ignore,False,False,False,False,False,False,False,False,False,False
340,Synergy Express,http://www.synergy-express.com,express logistics companies Gurugram India,info@synergy-express.com,+919650002228,,,,,,,False,False,False,False,0,Low Priority,Ignore,False,False,False,False,False,False,False,False,False,False
341,Anup Gupta,http://www.sallogistics.com,express logistics companies Gurugram India,info@sallogistics.com,+12345678933,,,,,,,False,False,False,False,0,Low Priority,Ignore,False,False,False,False,False,False,False,False,False,False
342,Anant Express Logistics,https://anantlogistics.com,express logistics companies Gurugram India,info@anantlogistics.com,+911245180985,,,,,,,False,False,False,False,0,Low Priority,Ignore,False,False,False,False,False,False,False,False,False,False
343,Xtracare Logistics Pvt. Ltd.,http://xclpl.com,express logistics companies Gurugram India,,+919811018689,,,,,,,False,False,False,False,0,Low Priority,Ignore,False,False,False,False,False,False,False,False,False,False
344,Home - nagwan.net,http://www.nagwan.net,express logistics companies Gurugram India,gurgaon@nagwan.net,1785387157,,,,,,,False,False,False,False,0,Low Priority,Ignore,False,False,False,False,False,False,False,False,False,False
345,Fraud Awareness,http://www.nplworldwideexpress.com,express logistics companies Gurugram India,support@nplworldwideexpress.com,+919650931148,,,,,,,False,False,False,False,0,Low Priority,Ignore,False,False,False,False,False,False,False,False,False,False
346,Modern Logistics,https://smodernlogistics.blogspot.com,express logistics companies Gurugram India,smodernlogistics@gmail.com,3432011497,,,,,,,False,False,False,False,0,Low Priority,Ignore,False,False,False,False,False,False,False,False,False,False
347,OURSERVICES,http://www.asrglobal.com,express logistics companies Gurugram India,,,,,,,,,False,False,False,False,0,Low Priority,Ignore,False,False,False,False,False,False,False,False,False,False
348,Express Packers Movers Pvt. Ltd.,https://expresspackersmovers.co.in,express logistics companies Gurugram India,enquiry@expresspackersmovers.co.in,+919310040072,,,,,,,False,False,False,False,0,Low Priority,Ignore,False,False,False,False,False,False,False,False,False,False
349,Expeditors | Home,http://www.expeditors.com,express logistics companies Gurugram India,,+738441592687006,,,,,,,False,False,False,False,0,Low Priority,Ignore,False,False,False,False,False,False,False,False,False,False
350,Project Cargo,https://www.ilslogistics.in,express logistics companies Gurugram India,info@ilslogistics.in,+911244188164,,,,,,,False,False,False,False,0,Low Priority,Ignore,False,False,False,False,False,False,False,False,False,False
351,slider,https://www.atlanticroad.in,last mile courier companies Pune India,account@atlanticroad.in,+919890046656,,,,,,,False,False,False,False,10,Low Priority,Ignore,False,False,False,False,False,False,False,False,False,False
352,Screenshot_2,https://sklpackersmovers.com,express logistics companies Gurugram India,sklpackersmovers@gmail.com,+918448636499,,,,,,,False,False,False,False,0,Low Priority,Ignore,False,False,False,False,False,False,False,False,False,False
353,Logistics Company in Gurgaon | CARGOYAAN,http://www.cargoyaan.com,express logistics companies Gurugram India,info@cargoyaan.com,9818486426,,,,,,,False,False,False,False,0,Low Priority,Ignore,False,False,False,False,False,False,False,False,False,False
354,Packers and Movers,https://gaticargopackerandmovers.in,express logistics companies Gurugram India,gatiexpresscargo@gmail.com,+918882096243,,,,,,,False,False,False,False,0,Low Priority,Ignore,False,False,False,False,False,False,False,False,False,False
355,"Road, Rail & Air Freight Services in India | Ethics Express",https://ethicsexpress.com,express logistics companies Gurugram India,info@ethicsexpress.com,+919034555664,,,,,,,False,False,False,False,0,Low Priority,Ignore,False,False,False,False,False,False,False,False,False,False
356,Transport Company,http://www.skylarkexpressdelhi.com,express logistics companies Gurugram India,info@skylarkexpressdelhi.com,+01141666666,,,,,,,False,False,False,False,0,Low Priority,Ignore,False,False,False,False,False,False,False,False,False,False
357,Menu,https://www.trukky.com/delhi-transport-services?utm_source=Google&utm_medium=google-listing&utm_campaign=delhi-transporter&utm_term=truck,express logistics companies Gurugram India,info@trukky.com,+917227872278,,,,,,,False,False,False,False,0,Low Priority,Ignore,False,False,False,False,False,False,False,False,False,False
358,Pickrr,https://www.pickrr.com,express logistics companies Gurugram India,support@pickrr.com,1617194337,,,,,,,False,False,False,False,0,Low Priority,Ignore,False,False,False,False,False,False,False,False,False,False
359,Home | Translink Express,http://translinkindia.com,express logistics companies Gurugram India,del@translinkindia.com,+919871296505,,,,,,,False,False,False,False,0,Low Priority,Ignore,False,False,False,False,False,False,False,False,False,False
360,Our Services,http://www.bharatcartransport.com,express logistics companies Gurugram India,,+919813038243,,,,,,,False,False,False,False,0,Low Priority,Ignore,False,False,False,False,False,False,False,False,False,False
361,Movin | Moving India,http://movin.in,express logistics companies Gurugram India,digitalsales@movin.in,31536000000,,,,,,,False,False,False,False,0,Low Priority,Ignore,False,False,False,False,False,False,False,False,False,False
362,Noida Packer service Our expert team has extensive expertise in providing the best in class shifting services to the clients.,http://www.noidapackerservice.in,express logistics companies Noida India,moversnps@gmail.com,+917678599707,,,,,,,False,False,False,False,0,Low Priority,Ignore,False,False,False,False,False,False,False,False,False,False
363,Menu-icon,http://www.expedite-world.com,express logistics companies Noida India,,+01202970097,,,,,,,False,False,False,False,0,Low Priority,Ignore,False,False,False,False,False,False,False,False,False,False
364,Max Logistic Packers Movers,https://www.maxlogisticpackers.com,express logistics companies Noida India,info@maxlogisticpackers.com,+919355044443,,,,,,,False,False,False,False,0,Low Priority,Ignore,False,False,False,False,False,False,False,False,False,False
365,Delivery ServiceTrustedLogistics,http://trimurtifreight.com,express logistics companies Noida India,,+919599056992,,,,,,,False,False,False,False,0,Low Priority,Ignore,False,False,False,False,False,False,False,False,False,False
366,"Our Services - Packers and Movers in Hyderabad,",http://www.expresslogisticspackers.com,express logistics companies Hyderabad India,web.expresslogisticspackers@gmail.com.in,+919618222500,,,,,,,False,False,False,False,0,Low Priority,Ignore,False,False,False,False,False,False,False,False,False,False
367,ZeNXL,http://zenxl.in,express logistics companies Hyderabad India,info@zenxl.in,+919133332256,,,,,,,False,False,False,False,0,Low Priority,Ignore,False,False,False,False,False,False,False,False,False,False
368,facebook,http://www.dragonexpress.co.in,express logistics companies Chennai India,info@dragonexpress.co.in,+91224399293,,,,,,,False,False,False,False,0,Low Priority,Ignore,False,False,False,False,False,False,False,False,False,False
369,"You are using an outdated browser. For a faster, safer browsing experience, upgrade for free today.",http://www.charterlink.co.in,express logistics companies Chennai India,admin@charterlink.co.in,+912249770000,,,,,,,False,False,False,False,0,Low Priority,Ignore,False,False,False,False,False,False,False,False,False,False
370,About - Legend Xpress,https://legendxpress.com,express logistics companies Chennai India,sales@legendxpress.com,+919843041938,,,,,,,False,False,False,False,0,Low Priority,Ignore,False,False,False,False,False,False,False,False,False,False
371,Ahana Logistics,https://www.ahanalogistics.com,express logistics companies Chennai India,allen@ahanalogistics.com,+919884137570,,,,,,,False,False,False,False,0,Low Priority,Ignore,False,False,False,False,False,False,False,False,False,False
372,dark,http://asiaexpressindia.com,express logistics companies Chennai India,asiaexpresschennai@gmail.com,+2616769217,,,,,,,False,False,False,False,0,Low Priority,Ignore,False,False,False,False,False,False,False,False,False,False
373,Allcargo Global,https://www.allcargo.global,express logistics companies Chennai India,marcomm@allcargo.global,+912266798100,,,,,,,False,False,False,False,0,Low Priority,Ignore,False,False,False,False,False,False,False,False,False,False
374,APJ LINE PRIVATE LIMITED,http://apjline.com,express logistics companies Chennai India,info@apjline.com,+914449586720,,,,,,,False,False,False,False,0,Low Priority,Ignore,False,False,False,False,False,False,False,False,False,False
375,ASTROSLOT ~ Situs IDNSlot 2026 dengan Auto Spin dan Scatter,http://www.parveenexpress.com,express logistics companies Chennai India,contoh@domain.com,+19200162007999,,,,,,,False,False,False,False,0,Low Priority,Ignore,False,False,False,False,False,False,False,False,False,False
376,frontline-courier,https://frontlinecourier.com,express logistics companies Chennai India,,,,,,,,,False,False,False,False,0,Low Priority,Ignore,False,False,False,False,False,False,False,False,False,False
377,slider-truck,http://www.challengexpress.in,express logistics companies Chennai India,rm@challengexpress.in,+919500007529,,,,,,,False,False,False,False,0,Low Priority,Ignore,False,False,False,False,False,False,False,False,False,False
378,Max Xpress,http://maxxpress.com/contact.aspx,express logistics companies Chennai India,info@maxxpress.com,+914445452400,,,,,,,False,False,False,False,0,Low Priority,Ignore,False,False,False,False,False,False,False,False,False,False
379,CCS Express,https://www.ccsxpress.com,express logistics companies Chennai India,ccsexpress.logistics@yahoo.in,+91789456100,,,,,,,False,False,False,False,0,Low Priority,Ignore,False,False,False,False,False,False,False,False,False,False
380,Our Branches,https://www.garudavega.com/contactus.php,same day delivery companies Coimbatore India,care@garudavega.com,+919059958342,,,,,,,False,False,False,False,10,Low Priority,Ignore,False,False,False,False,False,False,False,False,False,False
381,Best Courier Service in South India – Franch Express,https://franchexpress.com,same day delivery companies Chennai India,info@franchexpress.com,+472029472029,,,,,,,False,False,False,False,0,Low Priority,Ignore,False,False,False,False,False,False,False,False,False,False
382,Welcome toSun Logistics,http://www.sunlogistics.co.in,express logistics companies Chennai India,office@sunlogistics.co.in,+912266333888,,,,,,,False,False,False,False,0,Low Priority,Ignore,False,False,False,False,False,False,False,False,False,False
383,Fits Express India,https://fitsexpress.in,express logistics companies Chennai India,chennai@fitsexpress.io,+3403400760,,,,,,,False,False,False,False,0,Low Priority,Ignore,False,False,False,False,False,False,False,False,False,False
384,Express,http://www.ipexpresscargo.com,express logistics companies Pune India,irfan.k@ipexpresscargo.com,+3403400760,,,,,,,False,False,False,False,0,Low Priority,Ignore,False,False,False,False,False,False,False,False,False,False
385,Easygologistics,https://easygologistics.com,express logistics companies Pune India,sales@easygologistics.com,+3403400760,,,,,,,False,False,False,False,0,Low Priority,Ignore,False,False,False,False,False,False,False,False,False,False
386,Welcome to Indofine Express & Logistics Cargo Packers & Movers,http://www.indofine.in,express logistics companies Pune India,info@indofine.in,+919225542121,,,,,,,False,False,False,False,0,Low Priority,Ignore,False,False,False,False,False,False,False,False,False,False
387,Courier service,http://www.eximair.com,express logistics companies Pune India,sales@eximair.com,+918657357244,,,,,,,False,False,False,False,0,Low Priority,Ignore,False,False,False,False,False,False,False,False,False,False
388,airfreight,http://www.kkglobal.co,express logistics companies Pune India,info@kkglobal.co,+12535652365,,,,,,,False,False,False,False,0,Low Priority,Ignore,False,False,False,False,False,False,False,False,False,False
389,Home - capariesexpress.com,http://www.capariesexpress.com,express logistics companies Pune India,info@capariesexpress.com,+5470453111,,,,,,,False,False,False,False,0,Low Priority,Ignore,False,False,False,False,False,False,False,False,False,False
390,Top International Courier & Cargo Services | Multilogistics,http://www.multilogistics.co.in,express logistics companies Pune India,info@multilogistics.co.in,+912024446770,,,,,,,False,False,False,False,0,Low Priority,Ignore,False,False,False,False,False,False,False,False,False,False
391,Raftar Express India Ltd.,http://www.raftarexpress.com,express logistics companies Pune India,info@raftarexpress.com,0826673594,,,,,,,False,False,False,False,0,Low Priority,Ignore,False,False,False,False,False,False,False,False,False,False
392,Loading......,http://www.ssbc.co,express logistics companies Pune India,info@shrisbc.com,+917420004999,,,,,,,False,False,False,False,0,Low Priority,Ignore,False,False,False,False,False,False,False,False,False,False
393,Kabra Express,https://kabraexpresslogistics.com,express logistics companies Surat India,info@kabraexpress.com,+3201604801608,,,,,,,False,False,False,False,0,Low Priority,Ignore,False,False,False,False,False,False,False,False,False,False
394,Best Packers and Movers in Pune | Affordable House Shifting Services,https://shivamlogisticsmoverspackers.com,express logistics companies Pune India,info@shivamlogisticsmoverspackers.com,+3403400760,,,,,,,False,False,False,False,0,Low Priority,Ignore,False,False,False,False,False,False,False,False,False,False
395,"Kenn Global Logistics - Best Logistics Company in Ahmedabad, Gujarat, Ashram Road, Navrangpura",http://www.kenngloballogistics.com,express logistics companies Ahmedabad India,morewebsolution@gmail.com,+918733027606,,,,,,,False,False,False,False,0,Low Priority,Ignore,False,False,False,False,False,False,False,False,False,False
396,kargoking,https://kargoking.co.in,express logistics companies Ahmedabad India,sales@kkepl.co.in,+917948943444,,,,,,,False,False,False,False,0,Low Priority,Ignore,False,False,False,False,False,False,False,False,False,False
397,JVD Global Logistics,https://jvdgloballogistics.com,express logistics companies Ahmedabad India,sales@jvdgloballogistics.com,+971561924110,,,,,,,False,False,False,False,0,Low Priority,Ignore,False,False,False,False,False,False,False,False,False,False
398,The Best Courier & Shipping Services In India - ExcelAirCargo,https://excelaircargo.com,express logistics companies Ahmedabad India,info@excelaircargo.com,+919825065945,,,,,,,False,False,False,False,0,Low Priority,Ignore,False,False,False,False,False,False,False,False,False,False
399,Image Not Found,http://cargo-express.in,express logistics companies Ahmedabad India,info@cargo-express.in,+9107940025861,,,,,,,False,False,False,False,0,Low Priority,Ignore,False,False,False,False,False,False,False,False,False,False
400,WHO WE AREAbout Us,http://srlogs.com,express logistics companies Ahmedabad India,info@srlogs.com,+11906484192,,,,,,,False,False,False,False,0,Low Priority,Ignore,False,False,False,False,False,False,False,False,False,False
401,INE LOGISTICS,http://www.inelogistics.in,express logistics companies Ahmedabad India,info@inelogistics.in,+917948916312,,,,,,,False,False,False,False,0,Low Priority,Ignore,False,False,False,False,False,False,False,False,False,False
402,Delex The Delivery Experts,https://www.delex.co.in,express logistics companies Ahmedabad India,operations@logiexpress.in,+5565454117,,,,,,,False,False,False,False,0,Low Priority,Ignore,False,False,False,False,False,False,False,False,False,False
403,contact,http://www.xpressshipping.in,express logistics companies Ahmedabad India,vishal@xpressshipping.in,+919825120154,,,,,,,False,False,False,False,0,Low Priority,Ignore,False,False,False,False,False,False,False,False,False,False
404,JK Express,https://www.jkexpress.co.in,express logistics companies Ahmedabad India,you@company.com,+919327763388,,,,,,,False,False,False,False,0,Low Priority,Ignore,False,False,False,False,False,False,False,False,False,False
405,Raj Air,http://rajairexpress.com,express logistics companies Ahmedabad India,raju@rajairexpress.com,+918347321111,,,,,,,False,False,False,False,0,Low Priority,Ignore,False,False,False,False,False,False,False,False,False,False
406,7CEPL,http://7cepl.com,express logistics companies Ahmedabad India,,+919408217457,,,,,,,False,False,False,False,0,Low Priority,Ignore,False,False,False,False,False,False,False,False,False,False
407,Hispeed International Courier,http://www.hispeedinternationalcourier.com,express logistics companies Ahmedabad India,tarun@hispeedcourier.com,+917574895802,,,,,,,False,False,False,False,0,Low Priority,Ignore,False,False,False,False,False,False,False,False,False,False
408,Shree Mahavir Express Services Pvt. Ltd.,http://www.shreemahavircourier.com,parcel delivery companies Nagpur India,info@shreemahavircourier.co.in,+919227880033,,,,,,,False,False,False,False,0,Low Priority,Ignore,False,False,False,False,False,False,False,False,False,False
410,templeImg,https://gloshipping.com,express logistics companies Coimbatore India,rajesh@gloshipping.com,+919388998090,,,,,,,False,False,False,False,0,Low Priority,Ignore,False,False,False,False,False,False,False,False,False,False
411,Best cargo company in coimbatore,https://www.maxtromcargo.com,express logistics companies Coimbatore India,info@maxtromcargo.com,+2616769217,,,,,,,False,False,False,False,0,Low Priority,Ignore,False,False,False,False,False,False,False,False,False,False
412,India - Broekman Logistics,https://www.broekmanlogistics.com/en/countries/india,express logistics companies Coimbatore India,cropped-logo-default-positive@3x-270x270.png,+917338884327,,,,,,,False,False,False,False,0,Low Priority,Ignore,False,False,False,False,False,False,False,False,False,False
413,NRI Xpress International Couriers,https://nrixpress.com,express logistics companies Coimbatore India,info@nrixpress.com,+3403400760,,,,,,,False,False,False,False,0,Low Priority,Ignore,False,False,False,False,False,False,False,False,False,False
414,WE MAKE STRONGEST SERVICE ABOVE THE WORLD,http://www.crystalcargo.in,express logistics companies Coimbatore India,madhan@crystalcargo.in,+919585512972,,,,,,,False,False,False,False,0,Low Priority,Ignore,False,False,False,False,False,False,False,False,False,False
415,Home | Sevenseas Express,http://www.sevenseasexpress.com,express logistics companies Nagpur India,info@sevenseasexpress.com,+2616769217,,,,,,,False,False,False,False,0,Low Priority,Ignore,False,False,False,False,False,False,False,False,False,False
416,City Travels,http://www.citytravels.co.in,express logistics companies Coimbatore India,citytravels1984@gmail.com,+919842188888,,,,,,,False,False,False,False,0,Low Priority,Ignore,False,False,False,False,False,False,False,False,False,False
417,DSL Global Packers - Professional Packers and Movers,https://www.dslglobalpackers.com,express logistics companies Coimbatore India,contact@dslglobalpackers.com,+918489161999,,,,,,,False,False,False,False,0,Low Priority,Ignore,False,False,False,False,False,False,False,False,False,False
418,Sainx,https://sainx.in,express logistics companies Surat India,care@sainx.in,+919909833321,,,,,,,False,False,False,False,0,Low Priority,Ignore,False,False,False,False,False,False,False,False,False,False
419,BVC Logistics Home,https://www.bvclogistics.com,express logistics companies Surat India,care@bvclogistics.com,7462622656,,,,,,,False,False,False,False,0,Low Priority,Ignore,False,False,False,False,False,False,False,False,False,False
420,"Cargo, Logistics & Transport Service in India | Door to Door Truck Transport – Falcon Cargo",http://www.falconcargo.in,express logistics companies Surat India,wecare@falconcargo.in,+3403400760,,,,,,,False,False,False,False,0,Low Priority,Ignore,False,False,False,False,False,False,False,False,False,False
421,Satyam International Shipping Solution,http://www.satyamcouriers.com,express logistics companies Surat India,srt@satyamcouriers.com,+912614042589,,,,,,,False,False,False,False,0,Low Priority,Ignore,False,False,False,False,False,False,False,False,False,False
422,Best Packers and Movers in Surat | 20 % off on first booking,http://www.globalinternationalpackers.com,express logistics companies Surat India,globalinternationalpackersmove@gmail.com,+3403400760,,,,,,,False,False,False,False,0,Low Priority,Ignore,False,False,False,False,False,False,False,False,False,False
423,Phone,http://www.omlogistics.co.in,express logistics companies Indore India,support@voltmoney.in,+3403400760,,,,,,,False,False,False,False,0,Low Priority,Ignore,False,False,False,False,False,False,False,False,False,False
425,Kuldevi Courier,https://tinyurl.com/Kuldevi-Courier,express logistics companies Surat India,,+3403400760,,,,,,,False,False,False,False,0,Low Priority,Ignore,False,False,False,False,False,False,False,False,False,False
426,Perents Packers and Movers Call Now 9825498600,https://www.perentspackersandmovers.in,express logistics companies Surat India,info@perentspackersandmovers.in,+3403400760,,,,,,,False,False,False,False,0,Low Priority,Ignore,False,False,False,False,False,False,False,False,False,False
427,Bombino Express,https://www.bombinoexp.com,last mile courier companies Mumbai India,info@bombinoexp.com,+917574000938,,,,,,,False,False,False,False,0,Low Priority,Ignore,False,False,False,False,False,False,False,False,False,False
428,Skyking,http://www.skyking.co,same day delivery companies Nagpur India,support@skyking.co,+14076979424,,,,,,,False,False,False,False,10,Low Priority,Ignore,False,False,False,False,False,False,False,False,False,False
429,quit,https://shreemahabaliexpress.com/Frm_DocTrack.aspx?No=,same day delivery companies Ahmedabad India,,191944090507,,,,,,,False,False,False,False,0,Low Priority,Ignore,False,False,False,False,False,False,False,False,False,False
430,Get reliable Mini Truck Booking Services in Pune,https://porter.in/rent-mini-trucks-in-pune?utm_source=GMB&utm_medium=organic&utm_campaign=pune,last mile courier companies Pune India,help@theporter.in,+919594125719,,,,,,,False,False,False,False,10,Low Priority,Ignore,False,False,False,False,False,False,False,False,False,False
431,Amrera Great Solution,http://www.agstask.com,express logistics companies Indore India,connect@agstask.com,+918982342134,,,,,,,False,False,False,False,0,Low Priority,Ignore,False,False,False,False,False,False,False,False,False,False
432,Pace Roadways,http://www.paceroadways.com,express logistics companies Indore India,info@paceroadways.com,+918511494814,,,,,,,False,False,False,False,0,Low Priority,Ignore,False,False,False,False,False,False,False,False,False,False
433,Relience,http://www.reliancecourier.in,parcel delivery companies Indore India,reliance_courier@rediffmail.com,07314992562,,,,,,,False,False,False,False,10,Low Priority,Ignore,False,False,False,False,False,False,False,False,False,False
434,Jyoti Speed Packers And Movers | Packers and Movers Indore | Movers and Packers Indore,http://www.jyotispeedpackers.com,express logistics companies Indore India,info@jyotispeedpackers.com,+919300005474,,,,,,,False,False,False,False,0,Low Priority,Ignore,False,False,False,False,False,False,False,False,False,False
435,Madurai  Express,http://www.maduraiexpress.in,express logistics companies Kochi India,enquiry@maduraiexpress.in,+919965110415,,,,,,,False,False,False,False,0,Low Priority,Ignore,False,False,False,False,False,False,False,False,False,False
436,RDAS The Right Logistics: Streamlining Your Supply Chain for Success,https://rdaslogistics.com,express logistics companies Kochi India,info@rdaslogistics.com,+1414714142,,,,,,,False,False,False,False,0,Low Priority,Ignore,False,False,False,False,False,False,False,False,False,False
437,Packers and Movers Ernakulam - Sree Balaji Logistics,http://sreebalajilogistics.com,express logistics companies Kochi India,info@sreebalajilogistics.com,4842776980,,,,,,,False,False,False,False,0,Low Priority,Ignore,False,False,False,False,False,False,False,False,False,False
438,Jetz Global Logistics Pvt Ltd,http://www.jetzgloballogistics.com,express logistics companies Kochi India,josephalexander@jetzgloballogistics.com,04844051700,,,,,,,False,False,False,False,0,Low Priority,Ignore,False,False,False,False,False,False,False,False,False,False
439,JN Freight | Precision in Global Logistics,https://jnfreight.com,express logistics companies Kochi India,bangalore1@jnfreight.com,+919778654050,,,,,,,False,False,False,False,0,Low Priority,Ignore,False,False,False,False,False,False,False,False,False,False
440,Submit,https://eflindia.in,express logistics companies Kochi India,ind-info@efl.global,+914443438500,,,,,,,False,False,False,False,0,Low Priority,Ignore,False,False,False,False,False,False,False,False,False,False
441,Worldwide Freight Services | International Freight Forwarder,https://sabelatrans.in,express logistics companies Kochi India,opscok@sabelatrans.in,+918424060440,,,,,,,False,False,False,False,0,Low Priority,Ignore,False,False,False,False,False,False,False,False,False,False
442,JE Shipping and Logistics Pvt Ltd,http://jeshipping.com,express logistics companies Kochi India,info@jeshipping.com,+919840917565,,,,,,,False,False,False,False,0,Low Priority,Ignore,False,False,False,False,False,False,False,False,False,False
443,SHORT,http://mgstravels.com,express logistics companies Kochi India,info@mgstravels.com,+919446004666,,,,,,,False,False,False,False,0,Low Priority,Ignore,False,False,False,False,False,False,False,False,False,False
444,Integrated Services to meet all of your needs in Logistics,http://www.rncargologistics.com,express logistics companies Kochi India,info@rncargologistics.com,+919072203504,,,,,,,False,False,False,False,0,Low Priority,Ignore,False,False,False,False,False,False,False,False,False,False
445,|,http://www.gmlindia.net,express logistics companies Kochi India,info@gmlindia.net,+912261489999,,,,,,,False,False,False,False,0,Low Priority,Ignore,False,False,False,False,False,False,False,False,False,False
446,India to GCC Cargo Shipment Service | India to UAE Cargo Service,http://desirelogistics.in,express logistics companies Kochi India,customercaredesire@gmail.com,+919895020630,,,,,,,False,False,False,False,0,Low Priority,Ignore,False,False,False,False,False,False,False,False,False,False
447,MIV CFS,http://www.mivcfs.com,express logistics companies Kochi India,documentation@mivcfs.com,9846687147,,,,,,,False,False,False,False,0,Low Priority,Ignore,False,False,False,False,False,False,False,False,False,False
448,Best House shifting service in Kochi | Edappally | Kakkanad | Real Movers,http://www.realmovers.in,express logistics companies Kochi India,realmoversinfo@gmail.com,+918129715376,,,,,,,False,False,False,False,0,Low Priority,Ignore,False,False,False,False,False,False,False,False,False,False
449,Shipment Solutions Pvt Ltd,http://www.shipmentsolutions.in,express logistics companies Kochi India,,+914425229528,,,,,,,False,False,False,False,0,Low Priority,Ignore,False,False,False,False,False,False,False,False,False,False
450,Freight Forwarding & Logistics Services in Dubai,http://www.timeglobalshipping.com,express logistics companies Kochi India,info@timeglobalshipping.com,+912240149497,,,,,,,False,False,False,False,0,Low Priority,Ignore,False,False,False,False,False,False,False,False,False,False
451,Slide 1,http://www.translinepackers.com,last mile courier companies Bengaluru India,info@translinepackers.com,+918088888844,,,,,,,False,False,False,False,10,Low Priority,Ignore,False,False,False,False,False,False,False,False,False,False
452,ESL | Emirates Shipping Line,http://www.emiratesline.com,express logistics companies Kochi India,info@emirateshippingline.com,+12292349490,,,,,,,False,False,False,False,0,Low Priority,Ignore,False,False,False,False,False,False,False,False,False,False
453,Welcome to Logon Logistics & Shipping kerala india,https://logonlogisticsindia.com,express logistics companies Kochi India,logonlogisticsandshipping@gmail.com,+919048234516,,,,,,,False,False,False,False,0,Low Priority,Ignore,False,False,False,False,False,False,False,False,False,False
454,Kosta Shipping,http://www.kostashipping.com,express logistics companies Kochi India,info@kostashipping.com,5766658708,,,,,,,False,False,False,False,0,Low Priority,Ignore,False,False,False,False,False,False,False,False,False,False
455,"About CSS India | CSS Group | Freight Forwarding & Logistics Company, India",https://www.cssgroupsite.com/location/css-india,express logistics companies Kochi India,info@rak.csskingston.com,+97444111318,,,,,,,False,False,False,False,0,Low Priority,Ignore,False,False,False,False,False,False,False,False,False,False
456,Safexpress,http://www.safexpress.com,express logistics companies Kochi India,,+911800113113,,,,,,,False,False,False,False,0,Low Priority,Ignore,False,False,False,False,False,False,False,False,False,False
457,Parcel Logistics and 3pl Services India,http://www.parcelog.in,express logistics companies Kochi India,clientservice@parcelog.in,+918943629853,,,,,,,False,False,False,False,0,Low Priority,Ignore,False,False,False,False,False,False,False,False,False,False
458,Best logistics transport service in India | Inland World Logistics,http://inlandworldlogistics.com,last mile courier companies Pune India,customer.support@iwlpl.in,+918657906518,,,,,,,False,False,False,False,10,Low Priority,Ignore,False,False,False,False,False,False,False,False,False,False
459,Ship Worldwide,https://shipworldwide.in,parcel delivery companies Bengaluru India,,1785920016,,,,,,,False,False,False,False,0,Low Priority,Ignore,False,False,False,False,False,False,False,False,False,False
460,Orbit Express,http://www.orbitexpress.in,parcel delivery companies Bengaluru India,info@orbitexpress.in,+3403400760,,,,,,,False,False,False,False,0,Low Priority,Ignore,False,False,False,False,False,False,False,False,False,False
461,"style=""max-height:60px""""",http://www.markexpress.co.in,parcel delivery companies Bengaluru India,kolkata.info@markexpress.co.in,+1000026515,,,,,,,False,False,False,False,0,Low Priority,Ignore,False,False,False,False,False,False,False,False,False,False
462,BEST COURIER CHARGES - PAC n DELIVER,https://www.pacndeliver.com/BEST-COURIER-CHARGES,parcel delivery companies Mumbai India,sales@pacndeliver.com,+918879991866,,,,,,,False,False,False,False,10,Low Priority,Ignore,False,False,False,False,False,False,False,False,False,False
464,CargoHub,http://www.parcelsolution.co.in,parcel delivery companies Mumbai India,info@parcelsolution.co.in,+912223456763,,,,,,,False,False,False,False,10,Low Priority,Ignore,False,False,False,False,False,False,False,False,False,False
465,"DELHIVERY COURIER - Courier Service in Masjid Bandar, Mumbai",https://delhivery-courier.grexa.site,parcel delivery companies Mumbai India,,+919372335220,,,,,,,False,False,False,False,0,Low Priority,Ignore,False,False,False,False,False,False,False,False,False,False
466,Aipex Worldwide,https://aipexworldwide.com,last mile courier companies Bengaluru India,,+919022555633,,,,,,,False,False,False,False,0,Low Priority,Ignore,False,False,False,False,False,False,False,False,False,False
467,home - Vc Courier Service,https://vccourierservices.in,parcel delivery companies Mumbai India,cs@vccourierservices.in,+919702061784,,,,,,,False,False,False,False,10,Low Priority,Ignore,False,False,False,False,False,False,False,False,False,False
468,DOMESTIC & INTERNATIONAL COURIER COMPANY,https://vcinternationalcourier.com,parcel delivery companies Mumbai India,cs@vcinternationalcourier.com,+919702061784,,,,,,,False,False,False,False,10,Low Priority,Ignore,False,False,False,False,False,False,False,False,False,False
469,SpeedBox,https://www.speedboxs.com,parcel delivery companies Mumbai India,info@speedboxs.com,+918828254019,,,,,,,False,False,False,False,10,Low Priority,Ignore,False,False,False,False,False,False,False,False,False,False
470,Card image cap,http://omkarinternationalcourier.com,parcel delivery companies Mumbai India,omkarintercourier@gmail.com,+919619017008,,,,,,,False,False,False,False,10,Low Priority,Ignore,False,False,False,False,False,False,False,False,False,False
471,Home - CPL Courier Parcel & Logistics,http://www.cplworldwide.in,parcel delivery companies Mumbai India,info@cplworldwide.in,+3403400760,,,,,,,False,False,False,False,10,Low Priority,Ignore,False,False,False,False,False,False,False,False,False,False
472,First slide,http://www.grab.in,last mile courier companies Mumbai India,info@grab.in,+917878827807,,,,,,,False,False,False,False,10,Low Priority,Ignore,False,False,False,False,False,False,False,False,False,False
474,slide1,http://ibexcargo.com,parcel delivery companies Mumbai India,mumbaics@ibexpress.in,+912266992369,,,,,,,False,False,False,False,10,Low Priority,Ignore,False,False,False,False,False,False,False,False,False,False
475,Delivery Expresss,http://www.deliveryexpress.co.in,parcel delivery companies Mumbai India,thepures@support.com,+96474244763,,,,,,,False,False,False,False,0,Low Priority,Ignore,False,False,False,False,False,False,False,False,False,False
476,Real-Time Tracking,http://www.psreximintlcourier.com,parcel delivery companies Mumbai India,info@psreximintlcourier.com,+918369521075,,,,,,,False,False,False,False,10,Low Priority,Ignore,False,False,False,False,False,False,False,False,False,False
477,Phoenix Courier & Cargo Pvt. Ltd.,http://phoenixcourier.in,parcel delivery companies Mumbai India,phoenix.bom@gmail.com,+918652774600,,,,,,,False,False,False,False,10,Low Priority,Ignore,False,False,False,False,False,False,False,False,False,False
478,MRS International : Door to Door Delivery Domestic and International anywhere anytime,http://www.mrsinternational.in,parcel delivery companies Mumbai India,info@mrsinternational.in,+919322859205,,,,,,,False,False,False,False,10,Low Priority,Ignore,False,False,False,False,False,False,False,False,False,False
479,Vega Global Logistic | Trusted Courier & Logistics Services in India,https://www.vegagloballogistic.com,parcel delivery companies Mumbai India,vegagloballogistic@gmail.com,+919167139933,,,,,,,False,False,False,False,10,Low Priority,Ignore,False,False,False,False,False,False,False,False,False,False
480,"DTDC COURIER SERVICE - Courier Service in Tardeo, Mumbai",https://dtdc-courier-366040.grexa.site,parcel delivery companies Mumbai India,,+919920197486,,,,,,,False,False,False,False,0,Low Priority,Ignore,False,False,False,False,False,False,False,False,False,False
481,Delivery Courier &amp; Cargo,https://deliverycourierand.wixsite.com/delivery-courier,parcel delivery companies Mumbai India,info@deliverycourierandcargo.com,+21039300727,,,,,,,False,False,False,False,10,Low Priority,Ignore,False,False,False,False,False,False,False,False,False,False
482,international courier services,https://www.hudacargo.com,parcel delivery companies Mumbai India,workspace@hudacargo.com,+919892676158,,,,,,,False,False,False,False,10,Low Priority,Ignore,False,False,False,False,False,False,False,False,False,False
483,SKY FLY LOGISTICS PVT LTD,http://www.skyflyexpress.com,parcel delivery companies Mumbai India,info@skyflyexpress.com,+919892330085,,,,,,,False,False,False,False,0,Low Priority,Ignore,False,False,False,False,False,False,False,False,False,False
485,Mishra Courier & Cargo Service,http://www.chattybao.com/Mishra-Courier--Cargo-Service,parcel delivery companies Delhi NCR India,varun@chattybao.com,289037975691,,,,,,,False,False,False,False,10,Low Priority,Ignore,False,False,False,False,False,False,False,False,False,False
486,Express Parcel Service Pvt. Ltd.,https://epspl.co.in,parcel delivery companies Delhi NCR India,cs@epspl.co.in,+3403400760,,,,,,,False,False,False,False,0,Low Priority,Ignore,False,False,False,False,False,False,False,False,False,False
487,Best Courier Services in Delhi | Delight Courier Cargo And Services,https://delightcouriercargo.in,parcel delivery companies Delhi NCR India,contactus@delightcouriercargo.in,+918368027396,,,,,,,False,False,False,False,10,Low Priority,Ignore,False,False,False,False,False,False,False,False,False,False
488,Aryan International | Committed Delivery On Time — Courier & Cargo,http://www.aryaninternational.com,parcel delivery companies Delhi NCR India,cs@aryaninternational.com,+3403400760,,,,,,,False,False,False,False,10,Low Priority,Ignore,False,False,False,False,False,False,False,False,False,False
489,RM Global Courier Service,http://rmglobalcourierservice.com,parcel delivery companies Delhi NCR India,info@rmglobalcourierservice.com,+3403400760,,,,,,,False,False,False,False,10,Low Priority,Ignore,False,False,False,False,False,False,False,False,False,False
490,Royal Communication Services,http://www.indiamart.com/royalcommunicationservices,parcel delivery companies Delhi NCR India,,+918047768673,,,,,,,False,False,False,False,0,Low Priority,Ignore,False,False,False,False,False,False,False,False,False,False
491,"Budget Couriers Pvt. Ltd. - International Logistics Company in Gurgaon, India",http://budget1.net,parcel delivery companies Delhi NCR India,info@budget1.net,+19056275088,,,,,,,False,False,False,False,10,Low Priority,Ignore,False,False,False,False,False,False,False,False,False,False
492,Ravi International,https://raviexpress.in,parcel delivery companies Delhi NCR India,courierservices201@gmail.com,9899669424,,,,,,,False,False,False,False,0,Low Priority,Ignore,False,False,False,False,False,False,False,False,False,False
493,Home - Courier,http://www.omsaiworldwide.com,parcel delivery companies Delhi NCR India,vijay@omsaiworldwide.com,+919868750551,,,,,,,False,False,False,False,10,Low Priority,Ignore,False,False,False,False,False,False,False,False,False,False
494,SIDDHIVINAYAK EXPRESS,https://www.siddhivinayakexpress.com,parcel delivery companies Delhi NCR India,8eb368c655b84e029ed79ad7a5c1718e@sentry.wixpress.com,+919312239582,,,,,,,False,False,False,False,0,Low Priority,Ignore,False,False,False,False,False,False,False,False,False,False
495,Home - Destination cargo service,https://destinationcourier.in,parcel delivery companies Gurugram India,quotes@destinationcourier.com,+918860673160,,,,,,,False,False,False,False,10,Low Priority,Ignore,False,False,False,False,False,False,False,False,False,False
496,"One moment, please...",https://www.abscargoservice.com,parcel delivery companies Chennai India,,1785924610,,,,,,,False,False,False,False,0,Low Priority,Ignore,False,False,False,False,False,False,False,False,False,False
497,"A TO Z COURIER SERVICES - Courier Service in Beta II, Greater Noida",https://a-to-z-courier-services.grexa.site,parcel delivery companies Noida India,,+919810870432,,,,,,,False,False,False,False,0,Low Priority,Ignore,False,False,False,False,False,False,False,False,False,False
498,Express India Logistics,http://www.expresindia.com,parcel delivery companies Noida India,hello@expresindia.com,+919876543210,,,,,,,False,False,False,False,0,Low Priority,Ignore,False,False,False,False,False,False,False,False,False,False
499,"DTDC COURIER DOMESTIC & INTERNATIONAL - Courier Service in Sector 141, Noida",https://dtdc-courier-domestic-uttar-pradesh-201304.grexa.site,parcel delivery companies Noida India,,+919582104918,,,,,,,False,False,False,False,0,Low Priority,Ignore,False,False,False,False,False,False,False,False,False,False
500,Geoport,https://www.gokulamspeedandsafe.com/speedandsafe-tracking,parcel delivery companies Kochi India,info@gokulamspeedandsafe.com,+912246055286,,,,,,,False,False,False,False,10,Low Priority,Ignore,False,False,False,False,False,False,False,False,False,False
501,Noida Packers,https://www.noidapackers.co.in,parcel delivery companies Noida India,noidapackersofficial@gmail.com,+918477880359,,,,,,,False,False,False,False,10,Low Priority,Ignore,False,False,False,False,False,False,False,False,False,False
502,Consulting,http://skymanairexpress.com,parcel delivery companies Noida India,csd@skymanairexpress.com,9810846860,,,,,,,False,False,False,False,0,Low Priority,Ignore,False,False,False,False,False,False,False,False,False,False
503,Singh Enterprises,https://singhcouriercargo.com,parcel delivery companies Noida India,sales@singhcouriercargo.com,+919717408928,,,,,,,False,False,False,False,10,Low Priority,Ignore,False,False,False,False,False,False,False,False,False,False
504,Ajay Courier Services â Fast & Reliable Courier in Greater Noida,https://ajaycourierservices.com,parcel delivery companies Noida India,,+3403400760,,,,,,,False,False,False,False,0,Low Priority,Ignore,False,False,False,False,False,False,False,False,False,False
505,just packer mover,https://www.justpackermover.com,parcel delivery companies Noida India,info@justpackermover.com,+919717706278,,,,,,,False,False,False,False,10,Low Priority,Ignore,False,False,False,False,False,False,False,False,False,False
506,Altitude Global Logistic | International Logistics Company in Delhi NCR,https://www.altitudeglobal.in,parcel delivery companies Noida India,info@altitudeglobal.in,+473806473806,,,,,,,False,False,False,False,10,Low Priority,Ignore,False,False,False,False,False,False,False,False,False,False
507,Postbox Express,https://www.postboxexpress.net,parcel delivery companies Hyderabad India,,+15551234567,,,,,,,False,False,False,False,0,Low Priority,Ignore,False,False,False,False,False,False,False,False,False,False
508,"International Courier Services in Hyderabad | Courier to USA, UK, Canada | Worldwide International",https://worldwideintl.in,parcel delivery companies Hyderabad India,info@worldwideintl.co.in,+918886665993,,,,,,,False,False,False,False,10,Low Priority,Ignore,False,False,False,False,False,False,False,False,False,False
509,Home - The World Parcel | Best Courier Service in Hyderabad | send parcel from hyderabad to world,https://theworldparcel.com,parcel delivery companies Hyderabad India,srinivas@hotmail.com,+919849010989,,,,,,,False,False,False,False,10,Low Priority,Ignore,False,False,False,False,False,False,False,False,False,False
510,Best International Courier Service in Narsingi - Parcel Bird Express,https://parcelbirdexpress.in,parcel delivery companies Hyderabad India,contact@parcelbirdexpress.in,+2616769217,,,,,,,False,False,False,False,0,Low Priority,Ignore,False,False,False,False,False,False,False,False,False,False
511,E,http://www.e-cargo.in,parcel delivery companies Hyderabad India,,11521400466,,,,,,,False,False,False,False,0,Low Priority,Ignore,False,False,False,False,False,False,False,False,False,False
512,Best Domestic and International Courier Services,https://couriermax.in,parcel delivery companies Hyderabad India,sales@couriermax.in,+919032457557,,,,,,,False,False,False,False,10,Low Priority,Ignore,False,False,False,False,False,False,False,False,False,False
513,center,https://www.pickyourkart.com,parcel delivery companies Hyderabad India,hello@pickyourkart.com,+70762104469,,,,,,,False,False,False,False,10,Low Priority,Ignore,False,False,False,False,False,False,False,False,False,False
514,XGoo | Book Courier Online — Send It. Delivered.,http://www.xgoo.in,parcel delivery companies Hyderabad India,,,,,,,,,False,False,False,False,0,Low Priority,Ignore,False,False,False,False,False,False,False,False,False,False
515,Quikpakr,https://www.quikpakr.com,parcel delivery companies Chennai India,care@quikpakr.com,+3403400760,,,,,,,False,False,False,False,10,Low Priority,Ignore,False,False,False,False,False,False,False,False,False,False
516,AIRLINK LOGISTICS,https://www.airlinklogistics.in,parcel delivery companies Chennai India,airlinklogistics.in@gmail.com,+3403400760,,,,,,,False,False,False,False,10,Low Priority,Ignore,False,False,False,False,False,False,False,False,False,False
519,IR,http://www.parcel.indianrail.gov.in,parcel delivery companies Pune India,,,,,,,,,False,False,False,False,0,Low Priority,Ignore,False,False,False,False,False,False,False,False,False,False
520,OWS Logistics,https://owslogistics.co.in,parcel delivery companies Pune India,,,,,,,,,False,False,False,False,0,Low Priority,Ignore,False,False,False,False,False,False,False,False,False,False
522,The Professional Courier banner,https://sammy242324.github.io/webpage-of-the-professional-courier-viman-nagar-ssd-branch-,parcel delivery companies Pune India,ssd@tpcglobe.co.in,+3403400760,,,,,,,False,False,False,False,10,Low Priority,Ignore,False,False,False,False,False,False,False,False,False,False
523,Services,https://shreepoonamcourier.com,parcel delivery companies Ahmedabad India,shreepoonamcourier222@gmail.com,+3403400760,,,,,,,False,False,False,False,10,Low Priority,Ignore,False,False,False,False,False,False,False,False,False,False
524,Shree Ram International,https://shreeramintl.com,parcel delivery companies Ahmedabad India,info@shreeramintl.com,+3403400760,,,,,,,False,False,False,False,10,Low Priority,Ignore,False,False,False,False,False,False,False,False,False,False
525,Slide 2,http://www.pegasuscourierindia.com,parcel delivery companies Ahmedabad India,tejas.karia@pegasuscourierindia.com,+912242764276,,,,,,,False,False,False,False,10,Low Priority,Ignore,False,False,False,False,False,False,False,False,False,False
526,Online cargo booking : Rathimeena Speed Parcel Service,https://www.rathimeenaspeedparcel.com/contact,parcel delivery companies Coimbatore India,rathimeenaparcel@gmail.com,+919500005963,,,,,,,False,False,False,False,10,Low Priority,Ignore,False,False,False,False,False,False,False,False,False,False
527,Prime logistic International Courier,http://www.primelogistic.net,parcel delivery companies Coimbatore India,karthik@primelogistic.net,+15559990153,,,,,,,False,False,False,False,10,Low Priority,Ignore,False,False,False,False,False,False,False,False,False,False
528,5% off,http://www.airmycart.com,parcel delivery companies Coimbatore India,,+3403400760,,,,,,,False,False,False,False,0,Low Priority,Ignore,False,False,False,False,False,False,False,False,False,False
530,Delhivery,https://delhivery.ueniweb.com/?utm_campaign=gmb,parcel delivery companies Surat India,manojpareek172@gmail.com,+08001012003,,,,,,,False,False,False,False,10,Low Priority,Ignore,False,False,False,False,False,False,False,False,False,False
531,Courier,http://www.indiancourier.com,last mile courier companies Chennai India,info@indiancourier.com,+971558273836,,,,,,,False,False,False,False,10,Low Priority,Ignore,False,False,False,False,False,False,False,False,False,False
532,"International courier service Surat, USA Abroad courier services in Surat",http://www.shivinternational.in,parcel delivery companies Surat India,info@your-site.com,+222123333019,,,,,,,False,False,False,False,10,Low Priority,Ignore,False,False,False,False,False,False,False,False,False,False
533,home3-services,http://superparcelcenter.com,parcel delivery companies Surat India,superparcel@yahoo.co.in,+912612431252,,,,,,,False,False,False,False,10,Low Priority,Ignore,False,False,False,False,False,False,False,False,False,False
534,shutterstock_278607365,https://www.bajrangparcel.in,parcel delivery companies Surat India,,1661258839,,,,,,,False,False,False,False,0,Low Priority,Ignore,False,False,False,False,False,False,False,False,False,False
535,Gayatri Packers and Movers,https://gayatripackersandmovers.in,parcel delivery companies Jaipur India,,+919462858416,,,,,,,False,False,False,False,0,Low Priority,Ignore,False,False,False,False,False,False,False,False,False,False
536,International Express,http://www.internationalexp.com,parcel delivery companies Jaipur India,info@internationalexp.com,+919116666666,,,,,,,False,False,False,False,0,Low Priority,Ignore,False,False,False,False,False,False,False,False,False,False
537,Shipped India - Your Reliable Shipping Partner,https://www.shippedindia.com,parcel delivery companies Jaipur India,,,,,,,,,False,False,False,False,0,Low Priority,Ignore,False,False,False,False,False,False,False,False,False,False
538,preloader,http://www.worldwidecourierhub.com,parcel delivery companies Jaipur India,worldwidecourierhub@gmail.com,+3403400760,,,,,,,False,False,False,False,10,Low Priority,Ignore,False,False,False,False,False,False,False,False,False,False
539,airstar_logo,http://airstarxpress.com,parcel delivery companies Jaipur India,info@airstarexpress.com,7728868899,,,,,,,False,False,False,False,0,Low Priority,Ignore,False,False,False,False,False,False,False,False,False,False
541,Superfast Movers and Packers Pvt. Ltd. - Mumbai,http://www.superfastpackersandmovers.in,parcel delivery companies Jaipur India,info@superfastpackersandmovers.in,+919983733911,,,,,,,False,False,False,False,0,Low Priority,Ignore,False,False,False,False,False,False,False,False,False,False
542,movers-banner-truck,http://jaipurpackers.com,same day delivery companies Jaipur India,info@mover.com,+919898989898,,,,,,,False,False,False,False,10,Low Priority,Ignore,False,False,False,False,False,False,False,False,False,False
543,Courier Services,https://1082841.mobirisesite.com,parcel delivery companies Lucknow India,support@mobirise.com,+919140984718,,,,,,,False,False,False,False,10,Low Priority,Ignore,False,False,False,False,False,False,False,False,False,False
544,"Delhivery pvt lmtd - Courier Service in Rajendra Nagar, Lucknow",https://delhivery-pvt-lmtd.grexa.site,parcel delivery companies Lucknow India,,+3403400760,,,,,,,False,False,False,False,0,Low Priority,Ignore,False,False,False,False,False,False,False,False,False,False
545,Interstate Relocation Service In Lucknow | Anant Packers And Movers | Anant  Packers,https://www.anantpackers.in,parcel delivery companies Lucknow India,,+917388568787,,,,,,,False,False,False,False,0,Low Priority,Ignore,False,False,False,False,False,False,False,False,False,False
547,android icon,http://www.kalladatravels.com,parcel delivery companies Kochi India,info@kalladatravels.com,+919945600000,,,,,,,False,False,False,False,10,Low Priority,Ignore,False,False,False,False,False,False,False,False,False,False
548,Experience Ultimate Comfort with Tippu Sultan Travels Buses,http://www.tippusultanbus.in,parcel delivery companies Kochi India,support@mybusbookings.com,+916366967220,,,,,,,False,False,False,False,10,Low Priority,Ignore,False,False,False,False,False,False,False,False,False,False
549,Shivam International - Packers and Movers in Nagpur,https://shivaminternationalpackers.com,parcel delivery companies Nagpur India,shivaminternationalpackers@gmail.com,+918446417054,,,,,,,False,False,False,False,10,Low Priority,Ignore,False,False,False,False,False,False,False,False,False,False
550,EazyKaam,https://eazykaam.com,same day delivery companies Bengaluru India,,+917813964701,,,,,,,False,False,False,False,0,Low Priority,Ignore,False,False,False,False,False,False,False,False,False,False
551,Alpine Packers and Movers,https://alpinepackers.com,same day delivery companies Bengaluru India,support@buywptemplates.com,+2616769217,,,,,,,False,False,False,False,10,Low Priority,Ignore,False,False,False,False,False,False,False,False,False,False
553,imgg1,http://siliconcityexpress.com,same day delivery companies Bengaluru India,info@siliconcityexpress.com,+919900157834,,,,,,,False,False,False,False,0,Low Priority,Ignore,False,False,False,False,False,False,False,False,False,False
554,Levi Express Courier | Fast Parcel Delivery India,https://leviexpresscourier.com,same day delivery companies Bengaluru India,levicourier@gmail.com,+919650325313,,,,,,,False,False,False,False,0,Low Priority,Ignore,False,False,False,False,False,False,False,False,False,False
555,Global Trans Packers and Movers,https://globaltrans.in,same day delivery companies Bengaluru India,info@globaltrans.in,+919740902902,,,,,,,False,False,False,False,10,Low Priority,Ignore,False,False,False,False,False,False,False,False,False,False
556,Shadowfax Technologies Limited,https://www.shadowfax.in,same day delivery companies Bengaluru India,hello@shadowfax.in,+917483851640,,,,,,,False,False,False,False,10,Low Priority,Ignore,False,False,False,False,False,False,False,False,False,False
557,Leofast packers and movers Bangalore,http://www.leofastpackersandmovers.in,same day delivery companies Bengaluru India,info@leofastpackersandmovers.in,+918050882374,,,,,,,False,False,False,False,10,Low Priority,Ignore,False,False,False,False,False,False,False,False,False,False
558,close,https://ezpackersandmovers.in/packers-and-movers-in-bangalore.html,same day delivery companies Bengaluru India,info@ezpackersandmovers.in,+918105075569,,,,,,,False,False,False,False,10,Low Priority,Ignore,False,False,False,False,False,False,False,False,False,False
559,Calling,http://starindiapackers.in,same day delivery companies Bengaluru India,starindiapackers2000@gmail.com,+3403400760,,,,,,,False,False,False,False,10,Low Priority,Ignore,False,False,False,False,False,False,False,False,False,False
560,thedottedi.in,http://www.thedottedi.in,same day delivery companies Bengaluru India,naadia@thedottedi.in,+3403400760,,,,,,,False,False,False,False,10,Low Priority,Ignore,False,False,False,False,False,False,False,False,False,False
561,Vahak: LCV Truck Booking – Apps on Google Play,https://play.google.com/store/apps/details?id=search.find.lorries.invite.transporter.add.lorries.deliveries.codenicely.search.vahak&hl=en_IN,same day delivery companies Bengaluru India,smart.journey.prober@gmail.com,+8029093047,,,,,,,False,False,False,False,0,Low Priority,Ignore,False,False,False,False,False,False,False,False,False,False
562,KollaCrispyPoint,https://www.kollacrispypoint.com/collections/kolla-signature,same day delivery companies Bengaluru India,kollacrispypoint@protonmail.com,+919980919198,,,,,,,False,False,False,False,10,Low Priority,Ignore,False,False,False,False,False,False,False,False,False,False
563,Fregro Packers and movers,https://fregropackersmovers.com/bangalore/packers-and-movers-in-Hoodi.html,same day delivery companies Bengaluru India,info@fregropackersmovers.com,+917668708203,,,,,,,False,False,False,False,10,Low Priority,Ignore,False,False,False,False,False,False,False,False,False,False
564,h1,https://speedbuzz.in,same day delivery companies Mumbai India,connect@speedbuzz.in,+919920992037,,,,,,,False,False,False,False,10,Low Priority,Ignore,False,False,False,False,False,False,False,False,False,False
565,previous arrow,https://homecarepackers.com,same day delivery companies Noida India,booking@homecarepackers.com,+2616769217,,,,,,,False,False,False,False,10,Low Priority,Ignore,False,False,False,False,False,False,False,False,False,False
566,SYS International,https://sysinternational.co.in,same day delivery companies Mumbai India,info@sysinternational.example,+918108217723,,,,,,,False,False,False,False,10,Low Priority,Ignore,False,False,False,False,False,False,False,False,False,False
567,Ecom,https://bsinternational.co.in,same day delivery companies Mumbai India,contact@transp.eu.com,+3403400760,,,,,,,False,False,False,False,10,Low Priority,Ignore,False,False,False,False,False,False,False,False,False,False
568,courierdost,https://www.courierdost.com,same day delivery companies Mumbai India,info@courierdost.com,+918047589829,,,,,,,False,False,False,False,10,Low Priority,Ignore,False,False,False,False,False,False,False,False,False,False
569,Packers and Movers in Mumbai,https://crownlogisticsindia.co.in/packers-and-movers-in-mumbai,same day delivery companies Mumbai India,info@crownlogisticsindia.co.in,+917420935001,,,,,,,False,False,False,False,0,Low Priority,Ignore,False,False,False,False,False,False,False,False,False,False
570,Alternate Text,https://www.vrmaritime.net,same day delivery companies Mumbai India,resume@vrmaritime.net,+918790098330,,,,,,,False,False,False,False,10,Low Priority,Ignore,False,False,False,False,False,False,False,False,False,False
571,Packers and Movers in Mumbai | Trusted Since 2010 | 08369498526,https://packersandmoversinmumbai.xyz,same day delivery companies Mumbai India,info@packersandmoversinmumbai.xyz,+2616769217,,,,,,,False,False,False,False,0,Low Priority,Ignore,False,False,False,False,False,False,False,False,False,False
572,FlowerAura,https://www.floweraura.com/sendflowers/lucknow?utm_source=Google&utm_medium=local&utm_campaign=ashiyana_lucknow,same day delivery companies Lucknow India,wecare@floweraura.com,+3403400760,,,,,,,False,False,False,False,0,Low Priority,Ignore,False,False,False,False,False,False,False,False,False,False
573,Matrix Packers and Movers,https://matrixpackers.com/contact-us,same day delivery companies Mumbai India,info@matrixpackers.com,+918652513306,,,,,,,False,False,False,False,10,Low Priority,Ignore,False,False,False,False,False,False,False,False,False,False
574,Top International Packers and Movers in Mumbai | +919821464315 - Aircon International Packers and Movers,http://www.airconinternationalmovers.in,same day delivery companies Mumbai India,info@airconinternationalmovers.in,+2616769217,,,,,,,False,False,False,False,0,Low Priority,Ignore,False,False,False,False,False,False,False,False,False,False
575,Aims International Packers And Movers Powai Mumbai,https://www.aimsinternational.co.in,same day delivery companies Mumbai India,info@aimsinternational.co.in,+3403400760,,,,,,,False,False,False,False,0,Low Priority,Ignore,False,False,False,False,False,False,False,False,False,False
576,Carry My Pet,http://www.carrymypet.com,same day delivery companies Mumbai India,marketing@carrymypet.com,+918037203904,,,,,,,False,False,False,False,10,Low Priority,Ignore,False,False,False,False,False,False,False,False,False,False
577,Konnect Packers And Movers,https://konnectpackers.com,same day delivery companies Mumbai India,info@konnectpackers.com,+918779671701,,,,,,,False,False,False,False,10,Low Priority,Ignore,False,False,False,False,False,False,False,False,False,False
578,Teekay,http://teekay.com,same day delivery companies Mumbai India,investor.relations@teekay.com,7815754592,,,,,,,False,False,False,False,10,Low Priority,Ignore,False,False,False,False,False,False,False,False,False,False
579,Desire Express,https://desire-express.ueniweb.com,same day delivery companies Delhi NCR India,chetanku994@gmail.com,+08001012003,,,,,,,False,False,False,False,0,Low Priority,Ignore,False,False,False,False,False,False,False,False,False,False
580,"Doorstep Delivery Service in Delhi | Pickup and Drop Service Across NCR
        Ghaziabad - Gubbins",https://www.gub-bins.in,same day delivery companies Delhi NCR India,support@gub-bins.in,+919910007992,,,,,,,False,False,False,False,10,Low Priority,Ignore,False,False,False,False,False,False,False,False,False,False
581,shipbee.co.in,http://www.shipbee.co.in,same day delivery companies Delhi NCR India,business@shipbee.co.in,+919315528712,,,,,,,False,False,False,False,10,Low Priority,Ignore,False,False,False,False,False,False,False,False,False,False
582,Sky Packers and Movers | Best Packers & Movers in Delhi NCR,https://skypackers.in,same day delivery companies Delhi NCR India,info@skypackers.in,+3403400760,,,,,,,False,False,False,False,10,Low Priority,Ignore,False,False,False,False,False,False,False,False,False,False
583,"Advertising Balloons, Air Inflatables, Bouncy Castle | Ganesh Sky Balloon",https://ganeshskyballoon.co.in,same day delivery companies Delhi NCR India,,+919773825771,,,,,,,False,False,False,False,0,Low Priority,Ignore,False,False,False,False,False,False,False,False,False,False
584,Balah Crockery,http://www.balahcrockery.in,same day delivery companies Delhi NCR India,balahcrockery2016@gmail.com,+918043832906,,,,,,,False,False,False,False,10,Low Priority,Ignore,False,False,False,False,False,False,False,False,False,False
585,Website | Graphic | Design | Online Promotion,https://techsamadhan.in,same day delivery companies Delhi NCR India,sampark@techsamadhan.in,+919868424794,,,,,,,False,False,False,False,20,Low Priority,Ignore,False,False,False,False,False,False,False,False,False,False
586,India Incredible,https://www.indiaincredible.co.in,same day delivery companies Delhi NCR India,info@indiaincredible.co.in,+3403400760,,,,,,,False,False,False,False,10,Low Priority,Ignore,False,False,False,False,False,False,False,False,False,False
587,INNOV Pictures,https://innovpictures.com,same day delivery companies Delhi NCR India,innovpictures.com@gmail.com,+3403400760,,,,,,,False,False,False,False,10,Low Priority,Ignore,False,False,False,False,False,False,False,False,False,False
588,This service is unavailablePlease contact your administrator,http://fpslogistics.in,same day delivery companies Delhi NCR India,,,,,,,,,False,False,False,False,0,Low Priority,Ignore,False,False,False,False,False,False,False,False,False,False
589,slidebg1,https://prioritycargoindia.com,same day delivery companies Gurugram India,info@prioritycargoindia.com,+905556667788,,,,,,,False,False,False,False,10,Low Priority,Ignore,False,False,False,False,False,False,False,False,False,False
590,Car24Cargo,https://car24cargo.com,same day delivery companies Gurugram India,,+916294780963,,,,,,,False,False,False,False,0,Low Priority,Ignore,False,False,False,False,False,False,False,False,False,False
591,Flying Logistics Packers Movers,http://flyinglogisticspackersandmovers.com,same day delivery companies Gurugram India,flyingpackers@gmail.com,+3403400760,,,,,,,False,False,False,False,10,Low Priority,Ignore,False,False,False,False,False,False,False,False,False,False
592,dea Packers and Movers,https://www.greatwaypackersmovers.in,same day delivery companies Gurugram India, greatwaylogistics2019@gmail.com,+3403400760,,,,,,,False,False,False,False,0,Low Priority,Ignore,False,False,False,False,False,False,False,False,False,False
593,Our Clients,https://metroindiapackersmovers.com,same day delivery companies Gurugram India,info@metroindiapackersmovers.com,+3403400760,,,,,,,False,False,False,False,10,Low Priority,Ignore,False,False,False,False,False,False,False,False,False,False
594,Packers and Movers In Gurgaon | Best Packers Movers Gurgaon,https://drcpackersandmovers.com,same day delivery companies Gurugram India,info@drcpackersandmovers.com,+919034815355,,,,,,,False,False,False,False,10,Low Priority,Ignore,False,False,False,False,False,False,False,False,False,False
595,AssureShift,https://www.assureshift.in/company/vs-cargo-packers-and-movers,same day delivery companies Gurugram India,report@assureshift.in,+917090924486,,,,,,,False,False,False,False,10,Low Priority,Ignore,False,False,False,False,False,False,False,False,False,False
596,Riveego Packers and Movers Gurgaon,https://riveegopackersandmovers.com,same day delivery companies Gurugram India,info@riveegopackersandmovers.com,+3403400760,,,,,,,False,False,False,False,10,Low Priority,Ignore,False,False,False,False,False,False,False,False,False,False
597,W-shipping,https://www.boxlyft.in,same day delivery companies Gurugram India,info@boxlyft.in,+3403400760,,,,,,,False,False,False,False,10,Low Priority,Ignore,False,False,False,False,False,False,False,False,False,False
598,Jewellery Box,https://www.dcgpac.com,same day delivery companies Gurugram India,support@dcgpac.com,1785934825,,,,,,,False,False,False,False,10,Low Priority,Ignore,False,False,False,False,False,False,False,False,False,False
599,Shree Shyam Packers and Movers,http://www.shreeshyampackersmovers.com,same day delivery companies Gurugram India,info@shreeshyampackersmovers.com,+3403400760,,,,,,,False,False,False,False,10,Low Priority,Ignore,False,False,False,False,False,False,False,False,False,False
600,Deluxe Cargo Packers and Movers - Delhi,http://www.deluxecargopackers.com,same day delivery companies Gurugram India,info@deluxecargopackers.com,+918527695003,,,,,,,False,False,False,False,10,Low Priority,Ignore,False,False,False,False,False,False,False,False,False,False
601,Amg Shift Logistics,https://amgshiftlogistics.in,same day delivery companies Gurugram India,mailto:support@amgshiftlogistics.in,+2616769217,,,,,,,False,False,False,False,0,Low Priority,Ignore,False,False,False,False,False,False,False,False,False,False
602,Sky Touch Packers and Movers / Packers and Movers In Gurgaon,https://skytouchpackersmovers.com,same day delivery companies Gurugram India,info@skytouchpackersmovers.com,+919991554958,,,,,,,False,False,False,False,10,Low Priority,Ignore,False,False,False,False,False,False,False,False,False,False
603,Send Gifts to India | Online Gift Delivery in India,https://www.sendbestgift.com,same day delivery companies Gurugram India,support@sendbestgift.com,+3403400760,,,,,,,False,False,False,False,10,Low Priority,Ignore,False,False,False,False,False,False,False,False,False,False
604,Indiagift,https://www.indiagift.in,same day delivery companies Gurugram India,care@indiagift.in,+911140846368,,,,,,,False,False,False,False,10,Low Priority,Ignore,False,False,False,False,False,False,False,False,False,False
605,Clean Business,https://www.eaglepackers.in,same day delivery companies Gurugram India,,+3403400760,,,,,,,False,False,False,False,0,Low Priority,Ignore,False,False,False,False,False,False,False,False,False,False
606,"Expert Packing, Safe Moving, and Timely Delivery",https://www.gatishift.com,same day delivery companies Gurugram India,info@gatishift.com,+919266307506,,,,,,,False,False,False,False,10,Low Priority,Ignore,False,False,False,False,False,False,False,False,False,False
607,SmileCargo Packers & Movers,http://smilecargopackers.in,same day delivery companies Gurugram India,smilecargopackers@gmail.com,+918744984321,,,,,,,False,False,False,False,10,Low Priority,Ignore,False,False,False,False,False,False,False,False,False,False
608,Giftcart Ecommerce Private Limited,https://www.giftcart.com,same day delivery companies Gurugram India,cx@giftcart.com,+92390473233,,,,,,,False,False,False,False,10,Low Priority,Ignore,False,False,False,False,False,False,False,False,False,False
609,Reliable International Courier Services,https://reliableintl.co.in,last mile courier companies Delhi NCR India,info@reliableintl.co.in,+919205704097,,,,,,,False,False,False,False,10,Low Priority,Ignore,False,False,False,False,False,False,False,False,False,False
610,Image 1,http://www.shreepackersmovers.com,same day delivery companies Noida India,info@kdsoftware.in,+918825300735,,,,,,,False,False,False,False,10,Low Priority,Ignore,False,False,False,False,False,False,False,False,False,False
611,Best ecommerce logistics courier aggregator service provider,https://fship.in/?utm_source=google&utm_medium=organic&utm_campaign=GMB,same day delivery companies Noida India,support@fship.in,+919999795111,,,,,,,False,False,False,False,0,Low Priority,Ignore,False,False,False,False,False,False,False,False,False,False
612,Packers and Movers in Noida | Since 1996 | Bhagwati,https://www.bhagwatipackersmovers.com,same day delivery companies Noida India,bhagwati11965@gmail.com,+919311380914,,,,,,,False,False,False,False,10,Low Priority,Ignore,False,False,False,False,False,False,False,False,False,False
613,Royal Packers & Movers Noida,https://royalpackersmoversnoida.com,same day delivery companies Noida India,,+919818306255,,,,,,,False,False,False,False,0,Low Priority,Ignore,False,False,False,False,False,False,False,False,False,False
614,skpackersandmover.in,https://skpackersandmover.in,same day delivery companies Noida India,,,,,,,,,False,False,False,False,0,Low Priority,Ignore,False,False,False,False,False,False,False,False,False,False
615,Home - Noida Himachal Road Lines,http://www.noidahimachalroadlines.in,same day delivery companies Noida India,noidahimachalroadlines@gmail.com,+5470453111,,,,,,,False,False,False,False,10,Low Priority,Ignore,False,False,False,False,False,False,False,False,False,False
616,Home - kashiworldpackers.com,https://kashiworldpackers.com,same day delivery companies Noida India,packersandmovers256@gmail.com,+918882386245,,,,,,,False,False,False,False,10,Low Priority,Ignore,False,False,False,False,False,False,False,False,False,False
617,Relocation Express Logistics,https://relocationexpress.in,same day delivery companies Noida India,info@relocationexpress.in,+918010076500,,,,,,,False,False,False,False,0,Low Priority,Ignore,False,False,False,False,False,False,False,False,False,False
618,UBT Express,https://www.ubtpro.in,same day delivery companies Noida India,sales@ubtpro.com,+919650754902,,,,,,,False,False,False,False,0,Low Priority,Ignore,False,False,False,False,False,False,False,False,False,False
619,- 1 Touch Holiday | Travel & Tour,https://www.1touchholiday.com,same day delivery companies Noida India,info@abc.com,+919958221570,,,,,,,False,False,False,False,10,Low Priority,Ignore,False,False,False,False,False,False,False,False,False,False
620,Om Packers and Movers,https://ompackersindia.com/ghaziabad-packers-movers-uttar-pradesh,same day delivery companies Noida India,info@ompackersindia.com,+919810205933,,,,,,,False,False,False,False,10,Low Priority,Ignore,False,False,False,False,False,False,False,False,False,False
621,Interior Designers in Noida | Home Interiors | HomeLane,https://www.homelane.com/cities/interior-designers-noida?utm_source=Local&utm_medium=Organic&utm_campaign=GMB-noida,same day delivery companies Noida India,hello@homelane.com,+911800102663,,,,,,,False,False,False,False,20,Low Priority,Ignore,False,False,False,False,False,False,False,False,False,False
622,Nippon Data Systems Ltd.,https://www.nippondata.com,same day delivery companies Noida India,newton@nippondata.com,+918800557974,,,,,,,False,False,False,False,10,Low Priority,Ignore,False,False,False,False,False,False,False,False,False,False
623,"Cloud Call Center, IVR, WhatsApp API & Cloud Telephony",https://www.leadnxt.com,same day delivery companies Noida India,info@leadnxt.com,+918010003355,,,,,,,False,False,False,False,0,Low Priority,Ignore,False,False,False,False,False,False,False,False,False,False
624,Rentickle,http://www.rentickle.com,same day delivery companies Noida India,care@rentickle.com,750001831246,,,,,,,False,False,False,False,10,Low Priority,Ignore,False,False,False,False,False,False,False,False,False,False
625,Digital Printing Services In Noida| Paper Printing Services | Printing Dial,http://www.printingdial.com,same day delivery companies Noida India,info@printingdial.com,+919990698878,,,,,,,False,False,False,False,10,Low Priority,Ignore,False,False,False,False,False,False,False,False,False,False
626,contact us,http://www.digitalflex.in,same day delivery companies Noida India,info@digitalflex.in,+917042350700,,,,,,,False,False,False,False,10,Low Priority,Ignore,False,False,False,False,False,False,False,False,False,False
627,Srexpress - Courier Service,https://srexpress-telangana.grexa.site,same day delivery companies Hyderabad India,,946283122524,,,,,,,False,False,False,False,0,Low Priority,Ignore,False,False,False,False,False,False,False,False,False,False
628,International-Shipping-MyDelevery,http://mydelevery.com,same day delivery companies Hyderabad India,info@mydelevery.com,+919000551983,,,,,,,False,False,False,False,10,Low Priority,Ignore,False,False,False,False,False,False,False,False,False,False
629,EBlueDart,http://ebluedart.in,same day delivery companies Hyderabad India,,26811141914,,,,,,,False,False,False,False,0,Low Priority,Ignore,False,False,False,False,False,False,False,False,False,False
630,Perfect Cargo Packers and Movers,https://www.perfectcargomovers.in,same day delivery companies Hyderabad India,info@perfectcargomovers.in,212526082023,,,,,,,False,False,False,False,10,Low Priority,Ignore,False,False,False,False,False,False,False,False,False,False
631,My Express  Courier,http://www.myexpresscouriers.com,same day delivery companies Hyderabad India,info@myexpresscouriers.com,+918247281394,,,,,,,False,False,False,False,0,Low Priority,Ignore,False,False,False,False,False,False,False,False,False,False
632,Maxwell Relocations: 100% Damage-Free Packers and Movers | 18+ Yrs Exp,https://www.maxwellrelocations.com,same day delivery companies Hyderabad India,info@maxwellrelocations.com,+15559876541,,,,,,,False,False,False,False,10,Low Priority,Ignore,False,False,False,False,False,False,False,False,False,False
633,souther express,https://southernexpressmovers.com,same day delivery companies Hyderabad India,,+918829008083,,,,,,,False,False,False,False,0,Low Priority,Ignore,False,False,False,False,False,False,False,False,False,False
634,Vikas Packers and Movers - Hyderabad,https://packersmovershyderabad.in,same day delivery companies Hyderabad India,info@packersmovershyderabad.in,+918125851230,,,,,,,False,False,False,False,10,Low Priority,Ignore,False,False,False,False,False,False,False,False,False,False
635,ATL Packers and Movers Hyderabad and Pune | 09885895500,http://www.atllogistics.in,last mile courier companies Pune India,info@atllogistics.in,+919175596740,,,,,,,False,False,False,False,10,Low Priority,Ignore,False,False,False,False,False,False,False,False,False,False
636,Get In Touch With Us,https://www.bpmgpackers.com,same day delivery companies Hyderabad India,info@bpmgpackers.com,+918008681331,,,,,,,False,False,False,False,10,Low Priority,Ignore,False,False,False,False,False,False,False,False,False,False
637,Ideal Packers And Movers,https://idealpackersmovers.in,same day delivery companies Hyderabad India,info@idealpackersmovers.in,+919553284211,,,,,,,False,False,False,False,10,Low Priority,Ignore,False,False,False,False,False,False,False,False,False,False
638,Hyderabad,https://www.jalendralogistics.in,same day delivery companies Hyderabad India,info@jalendralogistics.in,+917799608001,,,,,,,False,False,False,False,10,Low Priority,Ignore,False,False,False,False,False,False,False,False,False,False
639,ParcelBoy.com Courier and Cargo,https://parcelboy.com,same day delivery companies Hyderabad India,,+918885415672,,,,,,,False,False,False,False,0,Low Priority,Ignore,False,False,False,False,False,False,False,False,False,False
640,"Cargo Packers and Movers Chandanagar, - King Cargo",https://www.moversandpackers.online/cargo-packers-and-movers-chandanagar.html,same day delivery companies Hyderabad India,info@moversandpackers.online,+918885569001,,,,,,,False,False,False,False,10,Low Priority,Ignore,False,False,False,False,False,False,False,False,False,False
641,SS Movers worker holding cardboard box in uniform,https://ssmovershyderabad.com,same day delivery companies Hyderabad India,contact@ssmovershyderabad.com,+919972199001,,,,,,,False,False,False,False,10,Low Priority,Ignore,False,False,False,False,False,False,False,False,False,False
642,Best Car and Bike Transport Car Bike Transport in Hyderabad,https://www.vrlcarbiketransport.com,same day delivery companies Hyderabad India,info@vrlcarbiketransport.com,+918790553336,,,,,,,False,False,False,False,10,Low Priority,Ignore,False,False,False,False,False,False,False,False,False,False
643,Grow Courier Agency,http://www.growcourierinternational.com,same day delivery companies Chennai India,growcourieragency@gmail.com,+919600120563,,,,,,,False,False,False,False,20,Low Priority,Ignore,False,False,False,False,False,False,False,False,False,False
644,XPRESSDELIVERIES PVT LTD,http://xpressdeliveries.in,same day delivery companies Chennai India,,04443550316,,,,,,,False,False,False,False,0,Low Priority,Ignore,False,False,False,False,False,False,False,False,False,False
645,Chakra Cargo,https://chakracargo.com,same day delivery companies Chennai India,info@chakracargo.com,+919344339888,,,,,,,False,False,False,False,10,Low Priority,Ignore,False,False,False,False,False,False,False,False,False,False
646,Nautilus Shipping | The Standard for Excellence in Ship Management,http://www.nautilusshipping.com,same day delivery companies Chennai India,hello@nautilusshipping.com,+97142569259,,,,,,,False,False,False,False,10,Low Priority,Ignore,False,False,False,False,False,False,False,False,False,False
647,3BHK Chennai to Bangalore,http://www.wcpackers.com,same day delivery companies Chennai India,your@email.com,+919100445291,,,,,,,False,False,False,False,10,Low Priority,Ignore,False,False,False,False,False,False,False,False,False,False
648,Best Packers and Movers in Chennai | Trusted & Affordable,https://shiftexpresspackersandmovers.com,same day delivery companies Chennai India,shiftexpress12@gmail.com,+919840339368,,,,,,,False,False,False,False,0,Low Priority,Ignore,False,False,False,False,False,False,False,False,False,False
649,service img,https://trackcargopackers.in,same day delivery companies Chennai India,info@trackcargopackers.in,+919350895820,,,,,,,False,False,False,False,10,Low Priority,Ignore,False,False,False,False,False,False,False,False,False,False
650,Online Logistics Packers And Movers,http://onlinelogisticspackers.com,same day delivery companies Chennai India,info@onlinelogisticspackers.com,+918110000310,,,,,,,False,False,False,False,10,Low Priority,Ignore,False,False,False,False,False,False,False,False,False,False
651,anandpackers-call,https://anandpackersandmoverschennai.in,same day delivery companies Chennai India,yourdomain@name.com,+919677088094,,,,,,,False,False,False,False,10,Low Priority,Ignore,False,False,False,False,False,False,False,False,False,False
652,Florist Chennai,https://floristchennai.com,same day delivery companies Chennai India,logo-3_100x@2x.png,+511626511626,,,,,,,False,False,False,False,10,Low Priority,Ignore,False,False,False,False,False,False,False,False,False,False
653,SunLight Packers Chennai -Trusted Shifting Services,https://sunlightpackerschennai.com,same day delivery companies Chennai India,sunlightpackersmover@gmail.com,+918098150971,,,,,,,False,False,False,False,10,Low Priority,Ignore,False,False,False,False,False,False,False,False,False,False
654,OrderYourChoice,https://www.orderyourchoice.com,same day delivery companies Chennai India,info@orderyourchoice.com,+919790979897,,,,,,,False,False,False,False,10,Low Priority,Ignore,False,False,False,False,False,False,False,False,False,False
655,Best Packers and Movers | Packers and Movers Chennai | Movers and Packers Chennai,http://www.vrlpackerssmovers.co.in,same day delivery companies Chennai India,info@vrlpackerssmovers.co.in,+916306628941,,,,,,,False,False,False,False,10,Low Priority,Ignore,False,False,False,False,False,False,False,False,False,False
656,Rolling Papers | Bongs | Delivery | StonePapers Chennai,http://www.stonepapers.in,same day delivery companies Chennai India,stonnepapers@gmail.com,+0180389396,,,,,,,False,False,False,False,10,Low Priority,Ignore,False,False,False,False,False,False,False,False,False,False
657,Best Courier Services in Kothrud Pune | Om Sai Couriers,http://www.omsaicourier.com,same day delivery companies Pune India,info@omsaicouriers.com,+919823223423,,,,,,,False,False,False,False,10,Low Priority,Ignore,False,False,False,False,False,False,False,False,False,False
658,Unique Express,https://uniqueexpress.net,same day delivery companies Pune India,info@uniqueexpress.net,+918600006372,,,,,,,False,False,False,False,0,Low Priority,Ignore,False,False,False,False,False,False,False,False,False,False
659,Happy Packers And Movers Pvt. Ltd.,https://happypackersmovers.in,same day delivery companies Pune India,info@happypackersmovers.in,+919175937523,,,,,,,False,False,False,False,10,Low Priority,Ignore,False,False,False,False,False,False,False,False,False,False
660,icon,http://shipgram.in,same day delivery companies Pune India,,57145354,,,,,,,False,False,False,False,0,Low Priority,Ignore,False,False,False,False,False,False,False,False,False,False
661,Sunrise Packers,https://sunrisepackermovers.com/?utm_source=gmb&utm_medium=wsb,same day delivery companies Pune India,info@sunrisepackermovers.com,+919514281135,,,,,,,False,False,False,False,10,Low Priority,Ignore,False,False,False,False,False,False,False,False,False,False
662,Cargo Vibe Relocation Packers And Movers Baner,https://cargoviberelocation.com/packers-and-movers-baner,same day delivery companies Pune India,info@cargoviberelocation.com,+918690491918,,,,,,,False,False,False,False,10,Low Priority,Ignore,False,False,False,False,False,False,False,False,False,False
663,"Best Packers and Movers In Kharadi, Pune. Safe And Reliable Relocation Services. | New India Packers and Movers",https://www.packersandmoversinpune.in,same day delivery companies Pune India,info@packersandmoversinpune.in,+919921316285,,,,,,,False,False,False,False,10,Low Priority,Ignore,False,False,False,False,False,False,False,False,False,False
664,Dosti Packers and Movers Pune | Best Home shifting In Pune,https://dostipackersandmovers.com,same day delivery companies Pune India,,+919503142288,,,,,,,False,False,False,False,0,Low Priority,Ignore,False,False,False,False,False,False,False,False,False,False
665,"Withlovenregards: Order flowers, cakes and gift hampers online.",https://www.withlovenregards.com/sendflowers/pune,same day delivery companies Pune India,support@withlovenregards.com,+919823520255,,,,,,,False,False,False,False,10,Low Priority,Ignore,False,False,False,False,False,False,False,False,False,False
666,Shape,http://www.saisagarpackersandlogistic.com,same day delivery companies Pune India,info@saisagarpackersandlogistic.com,+919209425113,,,,,,,False,False,False,False,10,Low Priority,Ignore,False,False,False,False,False,False,False,False,False,False
667,Online Flowers Cakes Delivery,http://onlineflowerscakesdelivery.com,same day delivery companies Pune India,,+919009922330,,,,,,,False,False,False,False,0,Low Priority,Ignore,False,False,False,False,False,False,False,False,False,False
668,Tempo Car Bike Transport Pune Service,http://www.tempobikecar.com,same day delivery companies Pune India,info@tempobikecar.com,+917020476614,,,,,,,False,False,False,False,10,Low Priority,Ignore,False,False,False,False,False,False,False,False,False,False
669,Mahalaxmi Packers and Movers,https://mahalaxmipackersandmoverspune.in,same day delivery companies Pune India,,+919970435393,,,,,,,False,False,False,False,0,Low Priority,Ignore,False,False,False,False,False,False,False,False,False,False
670,OMX Packers and Movers,https://www.omxrelocation.in,same day delivery companies Pune India,info@omxrelocation.in,+919970003388,,,,,,,False,False,False,False,10,Low Priority,Ignore,False,False,False,False,False,False,False,False,False,False
671,SRS Packers And Movers,https://srspackersandmovers.com/pune/packers-movers-in-pimple-saudagar,same day delivery companies Pune India,info@srspackersandmovers.com,+919892305154,,,,,,,False,False,False,False,10,Low Priority,Ignore,False,False,False,False,False,False,False,False,False,False
672,Book One Day Sightseeing Tours by Cab | Onedaytripbycab,https://onedaytripbycab.com,same day delivery companies Pune India,enquiry@onedaytripbycab.com,+919309321406,,,,,,,False,False,False,False,10,Low Priority,Ignore,False,False,False,False,False,False,False,False,False,False
673,Exelus 3d,http://www.exelus3d.com,same day delivery companies Pune India,info@exelus3d.com,+919970171852,,,,,,,False,False,False,False,10,Low Priority,Ignore,False,False,False,False,False,False,False,False,False,False
674,Electronic Transcripts | Official Transcripts Online,https://www.electronictranscripts.com,same day delivery companies Pune India,support@electronictranscripts.com,1786086703,,,,,,,False,False,False,False,10,Low Priority,Ignore,False,False,False,False,False,False,False,False,False,False
675,Future Secure Safety,http://www.futuresecuresafety.com,same day delivery companies Pune India,,+1700817008,,,,,,,False,False,False,False,0,Low Priority,Ignore,False,False,False,False,False,False,False,False,False,False
676,Book Driver On Hire In Pune 24x7 | Drivers In India,https://www.driversinindia.com/car-drivers-on-hire-in-pune,same day delivery companies Pune India,booking@driversinindia.com,+919769022022,,,,,,,False,False,False,False,10,Low Priority,Ignore,False,False,False,False,False,False,False,False,False,False
677,A3DXYZ - 3D Printers and 3D Printing Services in India,https://a3dxyz.com,same day delivery companies Pune India,ajax-loader@2x.gif,+919021832732,,,,,,,False,False,False,False,10,Low Priority,Ignore,False,False,False,False,False,False,False,False,False,False
678,SameDay Courier & Logistics | Best Courier Delivery Service,https://samedaylogistics.in,same day delivery companies Ahmedabad India,support@samedaylogistics.in,+2616769217,,,,,,,False,False,False,False,10,Low Priority,Ignore,False,False,False,False,False,False,False,False,False,False
679,Home - Delta Express,http://thedeltaexpress.com,same day delivery companies Ahmedabad India,info@thedeltaexpress.com,+4196838979,,,,,,,False,False,False,False,0,Low Priority,Ignore,False,False,False,False,False,False,False,False,False,False
680,Cheapest Courier Service Ahmedabad | Big Discounts ???? ????️,http://radhecourier.com,same day delivery companies Ahmedabad India,info@radhecourier.com,+2616769217,,,,,,,False,False,False,False,10,Low Priority,Ignore,False,False,False,False,False,False,False,False,False,False
681,Banner-3,https://www.speedairglobal.com,same day delivery companies Ahmedabad India,info@speedairglobal.com,+919724160009,,,,,,,False,False,False,False,10,Low Priority,Ignore,False,False,False,False,False,False,False,False,False,False
682,THE MAP INTERNATIONAL COURIER - Courier Service,https://the-map-international.grexa.site,same day delivery companies Ahmedabad India,,946283122524,,,,,,,False,False,False,False,0,Low Priority,Ignore,False,False,False,False,False,False,False,False,False,False
683,Home - Maritime Shipping and Logistics.,https://themaritimeshipping.com,same day delivery companies Ahmedabad India,logistics@themaritimeshipping.com,+917490011221,,,,,,,False,False,False,False,10,Low Priority,Ignore,False,False,False,False,False,False,False,False,False,False
684,"The Professional Couriers - Courier Service in Usmanpura, Ahmedabad",https://the-professional-ashram.grexa.site,same day delivery companies Ahmedabad India,,+823880463231,,,,,,,False,False,False,False,0,Low Priority,Ignore,False,False,False,False,False,False,False,False,False,False
685,project_img_07.jpg,http://shreekrishnapackers.com,same day delivery companies Ahmedabad India,info@shreekrishnapackers.com,+919724993512,,,,,,,False,False,False,False,10,Low Priority,Ignore,False,False,False,False,False,False,False,False,False,False
686,"Customized Rigid Boxes | Box Manufacturing | Chawri Bazar, Chandni Chowk, Delhi, India",https://www.customizedrigidboxes.com,last mile courier companies Delhi NCR India,271e9fa3230b4eec94b02bf95780f5f2@sentry.wixpress.com,+919911157424,,,,,,,False,False,False,False,10,Low Priority,Ignore,False,False,False,False,False,False,False,False,False,False
687,India Flag,https://www.indiapost.gov.in,same day delivery companies Ahmedabad India,socialmedia.dop@gov.in,+89843820184,,,,,,,False,False,False,False,0,Low Priority,Ignore,False,False,False,False,False,False,False,False,False,False
688,Perfect Packaging,https://www.perfect-packaging.co.in,same day delivery companies Ahmedabad India,,+1654317274,,,,,,,False,False,False,False,0,Low Priority,Ignore,False,False,False,False,False,False,False,False,False,False
689,Best Packers in Coimbatore | Diamond Packers and Movers,https://diamondpackers.in,same day delivery companies Coimbatore India,contact@diamondpackers.in,+919043420745,,,,,,,False,False,False,False,0,Low Priority,Ignore,False,False,False,False,False,False,False,False,False,False
690,OmSai: Best Packers and Movers Services in Coimbatore,https://omsaipackersandmovers.co.in,same day delivery companies Coimbatore India,omsaipackers21@gmail.com,+2616769217,,,,,,,False,False,False,False,0,Low Priority,Ignore,False,False,False,False,False,False,False,False,False,False
691,Future India Packers And Movers In Coimbatore - The Reliable,https://futureindiapackersmovers.in,same day delivery companies Coimbatore India,futureindiapackers@gmail.com,+919566647580,,,,,,,False,False,False,False,0,Low Priority,Ignore,False,False,False,False,False,False,False,False,False,False
692,Jute Bags Manufacturers Coimbatore â Covai Cottons,http://covaicottons.com,same day delivery companies Coimbatore India,covaicottons@gmail.com,+919843755333,,,,,,,False,False,False,False,0,Low Priority,Ignore,False,False,False,False,False,False,False,False,False,False
693,Everest Trading Co,http://www.schooltiebelt.in,same day delivery companies Coimbatore India,,+2699926998,,,,,,,False,False,False,False,0,Low Priority,Ignore,False,False,False,False,False,False,False,False,False,False
694,loading,http://kesaricourier.com,same day delivery companies Surat India,support@kesaricourier.in,+919327937653,,,,,,,False,False,False,False,10,Low Priority,Ignore,False,False,False,False,False,False,False,False,False,False
695,International Courier Services in Surat for Maahi Parcel,http://www.maahiparcel.com,same day delivery companies Surat India,maahiparcel@gmail.com,+919724125210,,,,,,,False,False,False,False,10,Low Priority,Ignore,False,False,False,False,False,False,False,False,False,False
696,City Courier Services,http://www.citycouriersurat.in,same day delivery companies Surat India,info@themeansar.com,9898413576,,,,,,,False,False,False,False,10,Low Priority,Ignore,False,False,False,False,False,False,False,False,False,False
697,International Courier Services | Global Shipping Solutions,https://aics.in,same day delivery companies Surat India,,+919426052754,,,,,,,False,False,False,False,0,Low Priority,Ignore,False,False,False,False,False,False,False,False,False,False
698,Speed Cargo Packers And Movers,https://speedcargopackers.co.in,same day delivery companies Surat India,rajpootvikash244@gmail.com,+919737200037,,,,,,,False,False,False,False,10,Low Priority,Ignore,False,False,False,False,False,False,False,False,False,False
699,CargoPress,https://starwayinternationalpackers.com,same day delivery companies Lucknow India,info@starwayinternationalpackers.com,+3403400760,,,,,,,False,False,False,False,0,Low Priority,Ignore,False,False,False,False,False,False,False,False,False,False
700,Paradise Packers And Movers,https://theparadisepackers.com,same day delivery companies Surat India,sales@divicon.com,+919687460810,,,,,,,False,False,False,False,10,Low Priority,Ignore,False,False,False,False,False,False,False,False,False,False
701,BJRD Packers & Movers Surat | Best Intercity & Intracity Relocation,https://bjrdpackersmovers.co.in,same day delivery companies Surat India,info@bjrdpackersmovers.co.in,+919099092980,,,,,,,False,False,False,False,10,Low Priority,Ignore,False,False,False,False,False,False,False,False,False,False
702,Quality HomeRelocation Services,https://ayushcargopackersmovers.in,same day delivery companies Surat India,ayushcargopackers01@gmail.com,917600983201,,,,,,,False,False,False,False,10,Low Priority,Ignore,False,False,False,False,False,False,False,False,False,False
703,Surat Packers and Movers,https://www.suratpackers.in,same day delivery companies Surat India,info@suratpackers.in,+918238636465,,,,,,,False,False,False,False,10,Low Priority,Ignore,False,False,False,False,False,False,False,False,False,False
704,Shree Sidhivinayak Packers and Movers - Trusted Relocation Services in Surat,https://ssvpm.in,same day delivery companies Surat India,info@ssvpm.in,+919376032233,,,,,,,False,False,False,False,10,Low Priority,Ignore,False,False,False,False,False,False,False,False,False,False
705,Shiv Freight Carrier,https://www.shivfleet.com,same day delivery companies Surat India,shivfreightcarrier15@gmail.com,+919726312313,,,,,,,False,False,False,False,10,Low Priority,Ignore,False,False,False,False,False,False,False,False,False,False
706,Gaganpackers,https://gaganpackers.in,same day delivery companies Surat India,targetindia76@gmail.com,171087335593,,,,,,,False,False,False,False,10,Low Priority,Ignore,False,False,False,False,False,False,False,False,False,False
707,eDelivery logistics,http://www.edelivery.in,same day delivery companies Surat India,edelivery.in@gmail.com,+919376950260,,,,,,,False,False,False,False,10,Low Priority,Ignore,False,False,False,False,False,False,False,False,False,False
708,Asian Relocation Cargo Movers and Packers Surat,https://www.asiancargomoversandpackers.in,same day delivery companies Surat India,info@asiancargomoversandpackers.in,+1600016000,,,,,,,False,False,False,False,10,Low Priority,Ignore,False,False,False,False,False,False,False,False,False,False
709,Shipindiasey -Online Shopping From India International Shipping,http://www.shipindiasey.com,same day delivery companies Jaipur India,info@shipindiasey.com,+919116127505,,,,,,,False,False,False,False,10,Low Priority,Ignore,False,False,False,False,False,False,False,False,False,False
710,Delivery Masters | Courier & Logistics Services Jaipur,http://www.deliverymasters.in/AboutUs.aspx,same day delivery companies Jaipur India,delieveymastersjaipur@gmail.com,+918824666823,,,,,,,False,False,False,False,10,Low Priority,Ignore,False,False,False,False,False,False,False,False,False,False
711,Customer Photo,https://agarwalsafepackers.com,same day delivery companies Jaipur India,info@agarwalsafepackers.com,+918000345132,,,,,,,False,False,False,False,10,Low Priority,Ignore,False,False,False,False,False,False,False,False,False,False
712,packaging material,http://www.vmlexpress.com,same day delivery companies Jaipur India,info@vmlexpress.com,919929479980,,,,,,,False,False,False,False,0,Low Priority,Ignore,False,False,False,False,False,False,False,False,False,False
713,p-1,https://triptoll.in,same day delivery companies Jaipur India,info@triptoll.in,1572522254,,,,,,,False,False,False,False,10,Low Priority,Ignore,False,False,False,False,False,False,False,False,False,False
714,Best Packers and Movers in Jaipur | Safe & Affordable Shifting Services,https://thankfulpnm.com,same day delivery companies Jaipur India,contact@mail.com,+917240128467,,,,,,,False,False,False,False,10,Low Priority,Ignore,False,False,False,False,False,False,False,False,False,False
715,SPM Packers and Movers Jaipur,https://www.spmpackermover.com,same day delivery companies Jaipur India,info@spmpackermover.com,+919680654867,,,,,,,False,False,False,False,10,Low Priority,Ignore,False,False,False,False,False,False,False,False,False,False
716,G Star Cargo Packers And Movers Jaipur,https://www.gstarcargopackersandmovers.com,same day delivery companies Jaipur India,info@gstarpackers.com,+919257569169,,,,,,,False,False,False,False,10,Low Priority,Ignore,False,False,False,False,False,False,False,False,False,False
717,Goswami Packers And Movers,https://goswamipackersmovers.com,same day delivery companies Jaipur India,info@goswamipackersmovers.com,+917062027679,,,,,,,False,False,False,False,10,Low Priority,Ignore,False,False,False,False,False,False,False,False,False,False
718,icon-1,http://www.sakshamcargo.com,same day delivery companies Jaipur India,sakshamcargo@gmail.com,+919602314706,,,,,,,False,False,False,False,10,Low Priority,Ignore,False,False,False,False,False,False,False,False,False,False
719,Prestige Packers,http://www.prestigepackers.in,same day delivery companies Jaipur India,info@prestigepackers.in,+919845398454,,,,,,,False,False,False,False,10,Low Priority,Ignore,False,False,False,False,False,False,False,False,False,False
720,Hotline,https://agarwalhomeshift.co.in,same day delivery companies Jaipur India,info@agarwalhomeshift.co.in,+919251003001,,,,,,,False,False,False,False,10,Low Priority,Ignore,False,False,False,False,False,False,False,False,False,False
722,FastLane Packers And Movers Indore| Packers And Movers Indore,https://fastlanepackersandmovers.com/locations/indore,same day delivery companies Indore India,info@fastlanepackersandmovers.com,+713496713496,,,,,,,False,False,False,False,10,Low Priority,Ignore,False,False,False,False,False,False,False,False,False,False
723,Shree Mahakal Logistics,http://www.shreemahakallogistics.com,same day delivery companies Indore India,office@shreemahakallogistics.com,+3403400760,,,,,,,False,False,False,False,10,Low Priority,Ignore,False,False,False,False,False,False,False,False,False,False
724,Packers and Movers in Indore | Call 09200000490 | Lodhi Packers Movers,http://www.lodhipackersandmovers.in,same day delivery companies Indore India,contact@lodhipackersandmovers.in,+5669356693,,,,,,,False,False,False,False,10,Low Priority,Ignore,False,False,False,False,False,False,False,False,False,False
725,WhatsApp Image 2025-11-25 at 9.54.17 PM,http://indorepackersandmovers.com,same day delivery companies Indore India,info@indorepackersandmovers.com,+919977711783,,,,,,,False,False,False,False,0,Low Priority,Ignore,False,False,False,False,False,False,False,False,False,False
726,Central India Packers and Movers Indore |  Packers Movers,http://centralindiapackersmovers.com,same day delivery companies Indore India,info@centralindiapackersmovers.com,+919155009964,,,,,,,False,False,False,False,10,Low Priority,Ignore,False,False,False,False,False,False,False,False,False,False
727,Amberry India,http://www.amberryindia.com,same day delivery companies Indore India,png-1_1_3x_b03acc59-4d92-4278-a3e5-0e27b0c2ec9b_80x@2x.png,+919986861296,,,,,,,False,False,False,False,10,Low Priority,Ignore,False,False,False,False,False,False,False,False,False,False
728,Anki Group Packers and Movers | Packers and Movers Indore,https://ankigroup.com,same day delivery companies Indore India,info@ankigroup.com,+5470453111,,,,,,,False,False,False,False,10,Low Priority,Ignore,False,False,False,False,False,False,False,False,False,False
729,Arya Packers Movers and Transport,http://www.aryapackersnmovers.in,same day delivery companies Indore India,,+919644442096,,,,,,,False,False,False,False,0,Low Priority,Ignore,False,False,False,False,False,False,False,False,False,False
730,Trusted #1 Web Design Company Indore | Discover Websoft,https://discoverwebsoft.com,same day delivery companies Indore India,info@discoverwebsoft.com,+1000100010,,,,,,,False,False,False,False,20,Low Priority,Ignore,False,False,False,False,False,False,False,False,False,False
731,Indore Cab Service,https://www.indorecabservice.com,same day delivery companies Indore India,info@indorecabservice.com,+916262026262,,,,,,,False,False,False,False,10,Low Priority,Ignore,False,False,False,False,False,False,False,False,False,False
732,Chartered Bus | Online Bus Bookings Made Easy| Indore Bhopal,http://www.charteredbus.in,same day delivery companies Indore India,support@charteredbus.in,+692318677093,,,,,,,False,False,False,False,10,Low Priority,Ignore,False,False,False,False,False,False,False,False,False,False
733,Printverse Private Limited,https://www.printverseindia.in,same day delivery companies Indore India,,+1700817008,,,,,,,False,False,False,False,0,Low Priority,Ignore,False,False,False,False,False,False,False,False,False,False
734,"International Software, AI, SaaS & CRM ERP Delivery Company | Maverick Console Services",http://www.maverickconsole.com,same day delivery companies Indore India,,,,,,,,,False,False,False,False,0,Low Priority,Ignore,False,False,False,False,False,False,False,False,False,False
735,Ek Number - Graphics T-Shirts for Men Online in India | DTF Printing Services,https://www.eknumber.com,same day delivery companies Indore India,hello@eknumber.in,+919826033944,,,,,,,False,False,False,False,10,Low Priority,Ignore,False,False,False,False,False,False,False,False,False,False
736,call_icon,http://www.vijaychaathouse.in,same day delivery companies Indore India,vijaychaathouse@gmail.com,+919039166677,,,,,,,False,False,False,False,10,Low Priority,Ignore,False,False,False,False,False,False,False,False,False,False
737,FODUU,https://www.foduu.com/?utm_source=google-maps&utm_medium=gmb-listing&utm_campaign=google-business-listing,same day delivery companies Indore India,info@foduu.com,+918817304988,,,,,,,False,False,False,False,0,Low Priority,Ignore,False,False,False,False,False,False,False,False,False,False
738,Max Care Packers and Movers,https://www.maxcarepackers.com,same day delivery companies Lucknow India,info@maxcarepackers.com,+919125008801,,,,,,,False,False,False,False,10,Low Priority,Ignore,False,False,False,False,False,False,False,False,False,False
739,Anil Packers and Movers Lucknow,https://anilpackers.com/location/lucknow,same day delivery companies Lucknow India,support@apmindia.com,+09310011001,,,,,,,False,False,False,False,10,Low Priority,Ignore,False,False,False,False,False,False,False,False,False,False
742,Lucknow Packers and Movers Call @ 9415424846,https://www.lucknowpackersmovers.com,same day delivery companies Lucknow India,info@lucknowpackersmovers.com,+919415424846,,,,,,,False,False,False,False,10,Low Priority,Ignore,False,False,False,False,False,False,False,False,False,False
743,Get quotation,http://www.indiacargopackers.co.in,same day delivery companies Lucknow India,,+17250208040,,,,,,,False,False,False,False,0,Low Priority,Ignore,False,False,False,False,False,False,False,False,False,False
744,We are Provide Shifting Services,https://neslepackers.com,same day delivery companies Lucknow India,lucknow.nesle@gmail.com,+918168240013,,,,,,,False,False,False,False,10,Low Priority,Ignore,False,False,False,False,False,False,False,False,False,False
745,Packers Movers,http://www.packersmovers.com,same day delivery companies Lucknow India,info@packersmovers.com,+919351166155,,,,,,,False,False,False,False,10,Low Priority,Ignore,False,False,False,False,False,False,False,False,False,False
746,Narayan Packers and Movers in Lucknow - Packers and Movers in Lucknow | Narayan Packers & Movers Pvt Ltd,https://narayanpackers.com,same day delivery companies Lucknow India,vinod@narayanpackers.com,+919415550293,,,,,,,False,False,False,False,10,Low Priority,Ignore,False,False,False,False,False,False,False,False,False,False
747,Mithila Packers & Transmovers Pvt.Ltd. | Packers And Movers,http://www.mithilapacker.com,same day delivery companies Lucknow India,mithilapacker@gmail.com,+919369388880,,,,,,,False,False,False,False,10,Low Priority,Ignore,False,False,False,False,False,False,False,False,False,False
748,Network Packers and Movers in Lucknow | Expert Relocation Services,http://www.networkpackers.com,same day delivery companies Lucknow India,info@networkpackers.com,+919415046525,,,,,,,False,False,False,False,0,Low Priority,Ignore,False,False,False,False,False,False,False,False,False,False
749,CarTransportation,https://www.srigangapackers.com,same day delivery companies Lucknow India,info@srigangapackers.com,+3403400760,,,,,,,False,False,False,False,10,Low Priority,Ignore,False,False,False,False,False,False,False,False,False,False
750,flitimg,https://shreysun.com,same day delivery companies Lucknow India,seajob@shreysun.com,+918009733276,,,,,,,False,False,False,False,10,Low Priority,Ignore,False,False,False,False,False,False,False,False,False,False
751,Reliable Home Shifting Services by Happy Packers and Movers Lucknow,https://www.happypackersmovers.com/packers-and-movers-lucknow.html,same day delivery companies Lucknow India,info@happypackersmovers.com,+919850300088,,,,,,,False,False,False,False,10,Low Priority,Ignore,False,False,False,False,False,False,False,False,False,False
752,packers and movers in Chandigarh,https://www.speedcargomovers.in,same day delivery companies Lucknow India,,50745359555,,,,,,,False,False,False,False,0,Low Priority,Ignore,False,False,False,False,False,False,False,False,False,False
753,client 1,https://www.decentrelocations.com,same day delivery companies Lucknow India,,+919541013057,,,,,,,False,False,False,False,0,Low Priority,Ignore,False,False,False,False,False,False,False,False,False,False
754,S And S Delivery Solutions Pvt. Ltd.,http://deliverysolutions.co.in,same day delivery companies Lucknow India,info@deliverysolutions.co.in,+915224242739,,,,,,,False,False,False,False,10,Low Priority,Ignore,False,False,False,False,False,False,False,False,False,False
755,ifa associates,https://www.floristindia.in/Florists/flowervalley,same day delivery companies Lucknow India,justflowerdelhi@gmail.com,+919810392755,,,,,,,False,False,False,False,10,Low Priority,Ignore,False,False,False,False,False,False,False,False,False,False
756,Mithila Packers & Transmovers Pvt. Ltd.,http://www.mithilapackers.in,same day delivery companies Lucknow India,mithilapackersandtransmovers@gmail.com,+919369388880,,,,,,,False,False,False,False,10,Low Priority,Ignore,False,False,False,False,False,False,False,False,False,False
757,"Best Courier Service & Fastest and Cheapest DHL Courier Service in Kochi, Trivandrum, Calicut, Kerala",https://courierworld.in,same day delivery companies Kochi India,info@courierworld.in,+3403400760,,,,,,,False,False,False,False,10,Low Priority,Ignore,False,False,False,False,False,False,False,False,False,False
758,DHL EXPRESS INTERNATIONAL COURIER & CARGO SERVICE,http://www.expresscok.com,same day delivery companies Kochi India,care@expresscok.com,+917519412345,,,,,,,False,False,False,False,0,Low Priority,Ignore,False,False,False,False,False,False,False,False,False,False
759,Air Winch International Courier & Cargo,https://airwinch.in,same day delivery companies Kochi India,airwinchkollam@gmail.com,+919895524365,,,,,,,False,False,False,False,10,Low Priority,Ignore,False,False,False,False,False,False,False,False,False,False
760,world'S most Fastest secure delivery service,https://expresscourierservice.in,same day delivery companies Kochi India,expressbaiju@yahoo.com,+919895439544,,,,,,,False,False,False,False,0,Low Priority,Ignore,False,False,False,False,False,False,False,False,False,False
761,Top House Shifting in Kochi Ernakulam - Packers Movers in cochin - Pro Cochin,https://www.procochinpackersandmovers.in,same day delivery companies Kochi India,rahul@procochinpackersandmovers.in,+919539120727,,,,,,,False,False,False,False,10,Low Priority,Ignore,False,False,False,False,False,False,False,False,False,False
762,Kochi packers and movers,https://www.packersandmoverskochi.in,same day delivery companies Kochi India,info@packersandmoverskochi.in,+919061553191,,,,,,,False,False,False,False,10,Low Priority,Ignore,False,False,False,False,False,False,False,False,False,False
763,4 Wheeler Movers Car Transport,http://4wheelermover.com,same day delivery companies Kochi India,info@4wheelermover.com,+919802504004,,,,,,,False,False,False,False,10,Low Priority,Ignore,False,False,False,False,False,False,False,False,False,False
764,Affordable Packers and Movers in Cochin - Smart Movings,https://smartmovers.in,same day delivery companies Kochi India,info@smartmovers.in,+2616769217,,,,,,,False,False,False,False,10,Low Priority,Ignore,False,False,False,False,False,False,False,False,False,False
765,QWQER,http://www.qwqer.in,same day delivery companies Kochi India,ask.fleet@qwqer.in,+912250534575,,,,,,,False,False,False,False,10,Low Priority,Ignore,False,False,False,False,False,False,False,False,False,False
766,Perfect Protection Security Services,https://www.perfectprotection.co.in,same day delivery companies Nagpur India,hr@perfectprotection.co.in,+44458895456,,,,,,,False,False,False,False,10,Low Priority,Ignore,False,False,False,False,False,False,False,False,False,False
767,"Dtdc courier - Courier Service in Seminary Hills, Nagpur",https://dtdc-courier.grexa.site,same day delivery companies Nagpur India,,+919373214342,,,,,,,False,False,False,False,0,Low Priority,Ignore,False,False,False,False,False,False,False,False,False,False
768,Reliable Cargo Packers and Movers Nagpur,https://reliablecargopackersmovers.in,same day delivery companies Nagpur India,info@reliablecargopackersmovers.in,+3403400760,,,,,,,False,False,False,False,10,Low Priority,Ignore,False,False,False,False,False,False,False,False,False,False
769,Radhe Krishna Logistics Packers and Movers,https://radhekrishnapackersmovers.in,same day delivery companies Nagpur India,info@radhekrishnapackersmovers.in,+919579437057,,,,,,,False,False,False,False,10,Low Priority,Ignore,False,False,False,False,False,False,False,False,False,False
770,Karagwal Packers & Movers,https://karagwalpackers.in,same day delivery companies Nagpur India,info@karagwalpackers.in,+919876543210,,,,,,,False,False,False,False,10,Low Priority,Ignore,False,False,False,False,False,False,False,False,False,False
771,clients-1,https://madniinternational.in/contact.html,same day delivery companies Nagpur India,info@madniinternational.in,+916261651806,,,,,,,False,False,False,False,10,Low Priority,Ignore,False,False,False,False,False,False,False,False,False,False
772,maruti packers and movers nagpur,http://www.marutipackersmovers.in,same day delivery companies Nagpur India,marutipackersmover@gmail.com,+919607074811,,,,,,,False,False,False,False,10,Low Priority,Ignore,False,False,False,False,False,False,False,False,False,False
773,"Acn International Packers and Movers, Acn International Packers and Movers",https://acninternationalpackers.in,same day delivery companies Nagpur India,info@acninternationalpackers.in,+917875795754,,,,,,,False,False,False,False,10,Low Priority,Ignore,False,False,False,False,False,False,False,False,False,False
774,Floramoments,http://floramoments.in,same day delivery companies Nagpur India,info@fashionshop.com,+1786091690,,,,,,,False,False,False,False,10,Low Priority,Ignore,False,False,False,False,False,False,False,False,False,False
775,legalservice,https://www.legalservices.top/Avinwebs.html,same day delivery companies Nagpur India,info@legalservices.top,+919890127126,,,,,,,False,False,False,False,10,Low Priority,Ignore,False,False,False,False,False,False,False,False,False,False
776,Professional Sanitization & Disinfection Services - Corona Sanitization,https://coronasanitization.in,same day delivery companies Nagpur India,info@coronasanitization.com,+917977020169,,,,,,,False,False,False,False,10,Low Priority,Ignore,False,False,False,False,False,False,False,False,False,False
777,Service on wheel,https://www.serviceonwheel.com,same day delivery companies Nagpur India,serviceonwheel.com@gmail.com,+918087611222,,,,,,,False,False,False,False,10,Low Priority,Ignore,False,False,False,False,False,False,False,False,False,False
778,Home - Apollon Chairs Nagpur,https://apollonchairs.com,same day delivery companies Nagpur India,,+919356116307,,,,,,,False,False,False,False,0,Low Priority,Ignore,False,False,False,False,False,False,False,False,False,False
779,"UdhyamPros – GST, Accounting, Digital Marketing & Business Services",https://udhyampros.com,same day delivery companies Nagpur India,,141284104086,,,,,,,False,False,False,False,10,Low Priority,Ignore,False,False,False,False,False,False,False,False,False,False
780,Dry Cleaners in Nagpur,https://onestopcleaners.in,same day delivery companies Nagpur India,info@onestopcleaners.in,+2616769217,,,,,,,False,False,False,False,10,Low Priority,Ignore,False,False,False,False,False,False,False,False,False,False
781,Shipzy-Ship anywhere in India & to 180+ countries,http://shipzy.in,last mile courier companies Bengaluru India,hello@shipzy.in,+3403400760,,,,,,,False,False,False,False,10,Low Priority,Ignore,False,False,False,False,False,False,False,False,False,False
782,Universal Relocations | Your Trusted Expert Moving Partner,https://universalrelocations.com,last mile courier companies Chennai India,contact@universalrelocations.com,+919876543210,,,,,,,False,False,False,False,10,Low Priority,Ignore,False,False,False,False,False,False,False,False,False,False
783,Delivery Management & Route Optimization | nuVizz Inc,https://nuvizz.com,last mile courier companies Bengaluru India,info@nuvizz.com,+917625069410,,,,,,,False,False,False,False,10,Low Priority,Ignore,False,False,False,False,False,False,False,False,False,False
784,Ikan Talent Mobility,http://www.ikan.com,last mile courier companies Bengaluru India,enquiry@ikan.com,+3403400760,,,,,,,False,False,False,False,20,Low Priority,Ignore,False,False,False,False,False,False,False,False,False,False
785,Asian-Paints,https://lastmiletranstech.com,last mile courier companies Bengaluru India,info@lastmilelogistics.in,+919606513022,,,,,,,False,False,False,False,10,Low Priority,Ignore,False,False,False,False,False,False,False,False,False,False
786,Transferet Relocation | Home Packers and Movers | Office Moving Service,http://transferet.co.in,last mile courier companies Bengaluru India,info@transferet.co.in,+918066710000,,,,,,,False,False,False,False,10,Low Priority,Ignore,False,False,False,False,False,False,False,False,False,False
787,Leading Freight Forwarding Company in India | TGF,https://www.tgfworld.com/?utm_source=google&utm_medium=gbp&utm_campaign=gbpwebsite,last mile courier companies Bengaluru India,transys@tgfworld.com,02249700724,,,,,,,False,False,False,False,0,Low Priority,Ignore,False,False,False,False,False,False,False,False,False,False
788,winner cargo packers and movers  bangalore,https://www.winnercargopackers.in,last mile courier companies Bengaluru India,info@winnercargopackers.in,+919008498484,,,,,,,False,False,False,False,10,Low Priority,Ignore,False,False,False,False,False,False,False,False,False,False
789,INDEXXCO,http://www.indexxco.in,last mile courier companies Bengaluru India,blr@indexxco.in,+918667635353,,,,,,,False,False,False,False,10,Low Priority,Ignore,False,False,False,False,False,False,False,False,False,False
790,Lead Packers and Movers Bangalore,https://leadpackersandmovers.com,last mile courier companies Bengaluru India,j@he.alvm,+919008230000,,,,,,,False,False,False,False,10,Low Priority,Ignore,False,False,False,False,False,False,False,False,False,False
791,iMove Global - International Movers,http://www.imove.global,last mile courier companies Bengaluru India,info@imove.global,+919538480303,,,,,,,False,False,False,False,10,Low Priority,Ignore,False,False,False,False,False,False,False,False,False,False
792,GoSmart Movers,https://www.gosmartmovers.com,last mile courier companies Bengaluru India,info@gosmartmovers.com,+916366212323,,,,,,,False,False,False,False,10,Low Priority,Ignore,False,False,False,False,False,False,False,False,False,False
793,Best Packers and Movers in Pune | 100% Damage & Delay Protection,https://www.nobroker.in/packers-and-movers/pune?utm_source=Google&utm_medium=Maps&utm_campaign=PnM_Local_Listing_Pune_Main_Hall_Mark_Avenue_Rd_Ravet_Pimpri_Chinchwad_Pune_412101,last mile courier companies Pune India,hello@nobroker.in,+919243009813,,,,,,,False,False,False,False,0,Low Priority,Ignore,False,False,False,False,False,False,False,False,False,False
794,Home - Asianet Packers and Movers Bangalore,http://asianetpackers.net,last mile courier companies Bengaluru India,asianetpackersandmovers@gmail.com,+919341726003,,,,,,,False,False,False,False,10,Low Priority,Ignore,False,False,False,False,False,False,False,False,False,False
795,es-1,http://www.lwprs.com,last mile courier companies Bengaluru India,info@lwprs.com,+919986065789,,,,,,,False,False,False,False,10,Low Priority,Ignore,False,False,False,False,False,False,False,False,False,False
796,Locus | End-to-End Logistics Solution for All-Mile Excellence,https://locus.sh,last mile courier companies Bengaluru India,,+8105009104,,,,,,,False,False,False,False,0,Low Priority,Ignore,False,False,False,False,False,False,False,False,False,False
797,Best international courier service from India,https://nilsiexpress.in,last mile courier companies Mumbai India,support@nilsiexpress.in,+919594091051,,,,,,,False,False,False,False,0,Low Priority,Ignore,False,False,False,False,False,False,False,False,False,False
798,International & Domestic Courier Services in Mumbai - Sonali Express,https://sonaliexpressworldwide.com,last mile courier companies Mumbai India,info@sonaliexpressworldwide.com,+919987263232,,,,,,,False,False,False,False,0,Low Priority,Ignore,False,False,False,False,False,False,False,False,False,False
799,Express It's,http://expressits.in,last mile courier companies Mumbai India,info@expressits.in,+2616326163,,,,,,,False,False,False,False,0,Low Priority,Ignore,False,False,False,False,False,False,False,False,False,False
800,"Shipline: Courier and Shipping Services in Mumbai, Borivali, Virar & Vasai West",http://www.shipline.co.in,last mile courier companies Mumbai India,info@shipline.co.in,+5669356693,,,,,,,False,False,False,False,0,Low Priority,Ignore,False,False,False,False,False,False,False,False,False,False
801,india-map-slide1,http://www.smexpresslogistics.com,last mile courier companies Mumbai India,support@smexpresslogistics.com,+9102268420900,,,,,,,False,False,False,False,0,Low Priority,Ignore,False,False,False,False,False,False,False,False,False,False
802,DTDC EXPRESS COURIER SERVICE - Courier Service,https://dtdc-express-courier.grexa.site,last mile courier companies Mumbai India,,946283122524,,,,,,,False,False,False,False,0,Low Priority,Ignore,False,False,False,False,False,False,False,False,False,False
803,Home - The Dymanic Logistics,https://thedynamiclogistics.com,last mile courier companies Mumbai India,support@thedynamiclogistics.com,+919930125723,,,,,,,False,False,False,False,10,Low Priority,Ignore,False,False,False,False,False,False,False,False,False,False
804,bombax,https://bombax.in,last mile courier companies Pune India,info@bombax.in,+919820452525,,,,,,,False,False,False,False,0,Low Priority,Ignore,False,False,False,False,False,False,False,False,False,False
805,KCLPL,http://www.kalayatancargo.com,last mile courier companies Mumbai India,info@kalayatancargo.com,+918956655252,,,,,,,False,False,False,False,10,Low Priority,Ignore,False,False,False,False,False,False,False,False,False,False
806,Are You Ready to Move,http://shreeganeshacouriers.com,last mile courier companies Mumbai India,shriganeshaodc@gmail.com,+918422888878,,,,,,,False,False,False,False,10,Low Priority,Ignore,False,False,False,False,False,False,False,False,False,False
807,SEZ-FTWZ-MOOWR-Blog,https://athena-logistics.com,last mile courier companies Mumbai India,,+911614063634,,,,,,,False,False,False,False,0,Low Priority,Ignore,False,False,False,False,False,False,False,False,False,False
808,IGL Relocation,http://www.iglrelocation.com,last mile courier companies Mumbai India,info@iglrelocation.com,+912266166616,,,,,,,False,False,False,False,10,Low Priority,Ignore,False,False,False,False,False,False,False,False,False,False
809,MYPACCO Overview | Courier Delivery Price Comparison,http://www.mypacco.com,last mile courier companies Mumbai India,info@mypacco.com,1499164929,,,,,,,False,False,False,False,10,Low Priority,Ignore,False,False,False,False,False,False,False,False,False,False
810,Global Logistics Solutions Pvt Ltd,http://globallogistics.co.in,last mile courier companies Mumbai India,info@globallogistics.co.in,+914445002401,,,,,,,False,False,False,False,10,Low Priority,Ignore,False,False,False,False,False,False,False,False,False,False
811,"Best Logistics Solution, Shipping and Courier Services for B2B and Ecommerce | Shipyaari",https://www.shipyaari.com,last mile courier companies Mumbai India,sy-xl-copy-2@4x-1.png,+5833333333,,,,,,,False,False,False,False,10,Low Priority,Ignore,False,False,False,False,False,False,False,False,False,False
812,Logistics Compliance and Consulting Firm in India - Logistic Company,http://nsil.in,last mile courier companies Mumbai India,contactus@nsil.in,+919324255054,,,,,,,False,False,False,False,20,Low Priority,Ignore,False,False,False,False,False,False,False,False,False,False
813,Blr logistiks,https://www.blrlogistiks.com,last mile courier companies Mumbai India,info@blrlogistiks.com,+912262989090,,,,,,,False,False,False,False,10,Low Priority,Ignore,False,False,False,False,False,False,False,False,False,False
814,Home Banner Award,https://www.shipdelight.com,last mile courier companies Mumbai India,customersupport@shipdelight.com,+8008014024,,,,,,,False,False,False,False,10,Low Priority,Ignore,False,False,False,False,False,False,False,False,False,False
815,Hermes Travel & Cargo,http://www.hermescargo.com,last mile courier companies Mumbai India,info@hermescargo.com,+914024004028,,,,,,,False,False,False,False,10,Low Priority,Ignore,False,False,False,False,False,False,False,False,False,False
816,Loading. Please wait..,http://v3c.vichareonline.com,last mile courier companies Mumbai India,,+9102248484848,,,,,,,False,False,False,False,0,Low Priority,Ignore,False,False,False,False,False,False,False,False,False,False
817,Home Shipping,https://www.seaironline.com,last mile courier companies Mumbai India,info@seaironline.com,+918591727610,,,,,,,False,False,False,False,10,Low Priority,Ignore,False,False,False,False,False,False,False,False,False,False
818,Packers and Movers in Mumbai - Balaji Cargo Packers & Movers,http://www.balajicargomover.in,last mile courier companies Mumbai India,info@balajicargomover.in,+919766551068,,,,,,,False,False,False,False,0,Low Priority,Ignore,False,False,False,False,False,False,False,False,False,False
819,Home - Globestar Groupage Service Pvt Ltd :: Gamechanging Global Service,http://globestargroupage.com,last mile courier companies Mumbai India,info@globestargroupage.com,+919819038885,,,,,,,False,False,False,False,10,Low Priority,Ignore,False,False,False,False,False,False,False,False,False,False
821,Best International Courier Services in Delhi India - AAA International,https://www.aaainternationalcourier.in,last mile courier companies Delhi NCR India,info@aaainternationalcourier.in,+918810313188,,,,,,,False,False,False,False,10,Low Priority,Ignore,False,False,False,False,False,False,False,False,False,False
822,"Fastmove- Logistics,  Courier and Packers & Movers Services in India.",http://www.fastmovelogistics.in,last mile courier companies Delhi NCR India,sonump3@gmail.com,+3403400760,,,,,,,False,False,False,False,10,Low Priority,Ignore,False,False,False,False,False,False,False,False,False,False
824,SEO,https://jmkcargoservice.com,last mile courier companies Delhi NCR India,web@support.com,+918961641973,,,,,,,False,False,False,False,20,Low Priority,Ignore,False,False,False,False,False,False,False,False,False,False
825,OLC Shipping Line: Trusted Global Air Cargo & Freight Services,https://olcshipping.com,last mile courier companies Delhi NCR India,contact@onlinecargo.org,+919811482681,,,,,,,False,False,False,False,10,Low Priority,Ignore,False,False,False,False,False,False,False,False,False,False
826,Disclaimer,http://www.vrllogistics.com,last mile courier companies Delhi NCR India,customercare@vrllogistics.com,+0011431413517,,,,,,,False,False,False,False,10,Low Priority,Ignore,False,False,False,False,False,False,False,False,False,False
827,TCI Freight,http://tcifreight.in,last mile courier companies Pune India,care@tcifreight.in,+911242381611,,,,,,,False,False,False,False,10,Low Priority,Ignore,False,False,False,False,False,False,False,False,False,False
828,Awesome Image,https://astcsupplychain.com,last mile courier companies Gurugram India,info@astcsupplychain.com,+919811687957,,,,,,,False,False,False,False,10,Low Priority,Ignore,False,False,False,False,False,False,False,False,False,False
829,Rectangle-white-rev.png,https://perfectcargomovers.com,last mile courier companies Gurugram India,info@perfectcargomovers.com,+919034399951,,,,,,,False,False,False,False,10,Low Priority,Ignore,False,False,False,False,False,False,False,False,False,False
830,DLF Safe Shifting Expert,https://www.dlfsafeshifting.in,last mile courier companies Gurugram India,info@dlfsafeshifting.in,+919560244224,,,,,,,False,False,False,False,10,Low Priority,Ignore,False,False,False,False,False,False,False,False,False,False
831,CargoZone - Transport and Cargo,https://sankalpairexpress.com,last mile courier companies Gurugram India,sales@sankalpairexpress.com,+919971564111,,,,,,,False,False,False,False,0,Low Priority,Ignore,False,False,False,False,False,False,False,False,False,False
832,Digital Packers and Movers +91-9654185001 | Professional Team,http://www.digitalmoversandpackers.in,last mile courier companies Gurugram India,info@digitalmoversandpackers.in,+919654185001,,,,,,,False,False,False,False,10,Low Priority,Ignore,False,False,False,False,False,False,False,False,False,False
833,MTTL-Best Logistics Company in India,http://www.maxtranstech.com,last mile courier companies Gurugram India,info@mttlgroup.com,+919319595575,,,,,,,False,False,False,False,10,Low Priority,Ignore,False,False,False,False,False,False,False,False,False,False
834,Best Packers And Movers In Gurgaon | BOXnMOVE,https://boxnmove.com,last mile courier companies Gurugram India,reachus@boxnmove.com,+918588886465,,,,,,,False,False,False,False,10,Low Priority,Ignore,False,False,False,False,False,False,False,False,False,False
835,Coldverse,https://coldverse.in/?utm_source=GMB+organic&utm_medium=GMB,last mile courier companies Gurugram India,info@coldverse.in,+917486022904,,,,,,,False,False,False,False,10,Low Priority,Ignore,False,False,False,False,False,False,False,False,False,False
836,Hexalog,https://www.hexalog.in,last mile courier companies Gurugram India,customer.support@hexalog.in,+9118003135991,,,,,,,False,False,False,False,10,Low Priority,Ignore,False,False,False,False,False,False,False,False,False,False
837,Zypp Electric: Scooter & Loader Rental for Delivery Services,https://zypp.app/?utm_source=gmb&utm_medium=ZyppHO,last mile courier companies Gurugram India,help@zypp.app,+919899884125,,,,,,,False,False,False,False,10,Low Priority,Ignore,False,False,False,False,False,False,False,False,False,False
838,Best Fleet and Transport Management Software in india,http://fleetable.tech,last mile courier companies Gurugram India,deepakbanga@affablesolution.com,+919935513147,,,,,,,False,False,False,False,10,Low Priority,Ignore,False,False,False,False,False,False,False,False,False,False
839,Start And Grow Your Business in India | Companies Next,https://www.companiesnext.com,last mile courier companies Gurugram India,contact@companiesnext.com,+2616769217,,,,,,,False,False,False,False,10,Low Priority,Ignore,False,False,False,False,False,False,False,False,False,False
840,"𝐒𝐢𝐦𝐚𝐫 𝐇𝐨𝐥𝐢𝐝𝐚𝐲𝐬 𝐈𝐧𝐝𝐢𝐚 𝐏𝐯𝐭. 𝐋𝐭𝐝. - 𝐓𝐫𝐚𝐯𝐞𝐥 𝐒𝐞𝐫𝐯𝐢𝐜𝐞𝐬 𝐚𝐧𝐝 𝐕𝐢𝐬𝐚 𝐀𝐠𝐞𝐧𝐭 𝐢𝐧 𝐆𝐮𝐫𝐠𝐚𝐨𝐧 - Visa Agent in Sector 43, Gurugram",https://visa-agent-sector-43-gurugram-69b3d2831ca1c21086ba7051.grexa.site,last mile courier companies Gurugram India,,+823880463231,,,,,,,False,False,False,False,0,Low Priority,Ignore,False,False,False,False,False,False,False,False,False,False
841,Best Packers and Movers Noida | Call +91-9013280002,https://www.reliablepacker.in,last mile courier companies Noida India,reliablemovers.packers@gmail.com,+919013280002,,,,,,,False,False,False,False,10,Low Priority,Ignore,False,False,False,False,False,False,False,False,False,False
842,Noida Shifting | Packers and Movers in Noida | Affordable Relocation Services,https://noidashifting.com,last mile courier companies Noida India,info@noidashifting.com,+918527636201,,,,,,,False,False,False,False,10,Low Priority,Ignore,False,False,False,False,False,False,False,False,False,False
843,Noida Packers and Movers A Premier Relocation Service Provider,http://noidamovers.in,last mile courier companies Noida India,info@noidamovers.in,+919718969872,,,,,,,False,False,False,False,10,Low Priority,Ignore,False,False,False,False,False,False,False,False,False,False
844,Noida Home Packers Movers Banner,http://noidahomepackersmovers.com,last mile courier companies Noida India,info@noidahomepackersmovers.com,+918860445722,,,,,,,False,False,False,False,10,Low Priority,Ignore,False,False,False,False,False,False,False,False,False,False
845,Vikas Packers and Movers,http://www.vikaspackers.com,last mile courier companies Noida India,info@vikaspackers.com,+919818161493,,,,,,,False,False,False,False,10,Low Priority,Ignore,False,False,False,False,False,False,False,False,False,False
846,Creating Value ThroughInnovations!,https://www.firstlog.in,last mile courier companies Noida India,info@firstlog.in,+911204355233,,,,,,,False,False,False,False,10,Low Priority,Ignore,False,False,False,False,False,False,False,False,False,False
847,Bridgepoint,http://www.bpsupplychain.com,last mile courier companies Noida India,sales@bpsupplychain.com,2892724746,,,,,,,False,False,False,False,10,Low Priority,Ignore,False,False,False,False,False,False,False,False,False,False
848,RC Transfer,https://www.helpplz.in/?utm_source=gmb&utm_medium=noida&utm_campaign=organic,last mile courier companies Noida India,info@helpplz.in,+919205278809,,,,,,,False,False,False,False,10,Low Priority,Ignore,False,False,False,False,False,False,False,False,False,False
849,Franchise Oppourtunity,https://www.packman.co.in,last mile courier companies Noida India,support@fmeextensions.com,+919810922446,,,,,,,False,False,False,False,10,Low Priority,Ignore,False,False,False,False,False,False,False,False,False,False
850,"Ship Smarter, Ship Faster | Best Courier Services with Intargos",https://intargos.com,last mile courier companies Noida India,hello@intargos.com,+919910662577,,,,,,,False,False,False,False,10,Low Priority,Ignore,False,False,False,False,False,False,False,False,False,False
851,Shift - Ship Smarter with India's Leading Courier Aggregator,https://shift.in,last mile courier companies Hyderabad India,partnerships@shift.in,+3403400760,,,,,,,False,False,False,False,10,Low Priority,Ignore,False,False,False,False,False,False,False,False,False,False
852,ThunderPlus,https://www.thunderplus.io,last mile courier companies Hyderabad India,,+917093935566,,,,,,,False,False,False,False,0,Low Priority,Ignore,False,False,False,False,False,False,False,False,False,False
853,Plumberx,http://www.rcilogistics.co.in,last mile courier companies Hyderabad India,hyderabad@rcilogistics.co.in,+919339863749,,,,,,,False,False,False,False,10,Low Priority,Ignore,False,False,False,False,False,False,False,False,False,False
854,Shree R K Packers and Movers,http://www.rkpackersandmovers.com,last mile courier companies Hyderabad India,info@rkpackersandmovers.com,+2616769217,,,,,,,False,False,False,False,10,Low Priority,Ignore,False,False,False,False,False,False,False,False,False,False
855,VPM Packers and Movers Hyderabad,https://packersandmovershyderabad.in,last mile courier companies Hyderabad India,info@packersandmovershyderabad.in,2026080709,,,,,,,False,False,False,False,10,Low Priority,Ignore,False,False,False,False,False,False,False,False,False,False
856,Home - Hire Best Packers and Movers in Hyderabad,https://bestpackersandmovershyd.com,last mile courier companies Hyderabad India,info@bestpackersandmovershyd.com,+919966467867,,,,,,,False,False,False,False,10,Low Priority,Ignore,False,False,False,False,False,False,False,False,False,False
857,Packers and Movers in Hyderabad,https://www.ankitpackers.com,last mile courier companies Hyderabad India,info@ankitpackers.com,+919652772022,,,,,,,False,False,False,False,10,Low Priority,Ignore,False,False,False,False,False,False,False,False,False,False
858,storage,https://www.valueexpress.org,last mile courier companies Chennai India,info@valueexpress.org,+918939799199,,,,,,,False,False,False,False,0,Low Priority,Ignore,False,False,False,False,False,False,False,False,False,False
859,Home - Matsu Global Logistics,http://www.matsuglobal.co.in,last mile courier companies Chennai India,info@matsuglobal.co.in,+919841441441,,,,,,,False,False,False,False,10,Low Priority,Ignore,False,False,False,False,False,False,False,False,False,False
860,We Deliver CargoWorld Wide,https://www.excelmaritime.in,last mile courier companies Chennai India,excel@excelmaritime.in,+914449166775,,,,,,,False,False,False,False,10,Low Priority,Ignore,False,False,False,False,False,False,False,False,False,False
861,Why Choose Us?,http://www.bsl.net.in,last mile courier companies Chennai India,giftson@bsl.net.in,+42020918420502,,,,,,,False,False,False,False,10,Low Priority,Ignore,False,False,False,False,False,False,False,False,False,False
862,Home - WWL Group,https://www.go2wwl.in,last mile courier companies Chennai India,info@go2wwl.in,1786096776,,,,,,,False,False,False,False,10,Low Priority,Ignore,False,False,False,False,False,False,False,False,False,False
863,DotEx-courier service,https://www.dotexcourier.in,last mile courier companies Chennai India,dotexexpress@gmail.com,+919962951978,,,,,,,False,False,False,False,10,Low Priority,Ignore,False,False,False,False,False,False,False,False,False,False
864,sea freight forwarder in chennai|international sea freight in tamil nadu | sea freight company in chennai |sea cargo insurance in alandur|cargo insurances|cargo service | air cargo |air cargo services |airlines cargo insurance|air freight forwarder| freight transport by road|trucking transportation |flight cargo | freight forwarder companies | freights| logistics| shipping| kitting| Customs Brokerage| warehousing| export| import| Cargo Insurance in chennai,https://www.sriship.com,last mile courier companies Chennai India,ilango@sriship.com,25030305,,,,,,,False,False,False,False,10,Low Priority,Ignore,False,False,False,False,False,False,False,False,False,False
865,Logistics Company in Chennai Pondicherry India - Mighty Logistics,https://mighty-logistics.com,last mile courier companies Chennai India,logisticskarthik@gmail.com,+917200507127,,,,,,,False,False,False,False,10,Low Priority,Ignore,False,False,False,False,False,False,False,False,False,False
866,Home | Freight Consolidators International Pvt Ltd. | Freight Consol,https://www.freightconsol.com,last mile courier companies Chennai India,info@freightconsol.com,211291384443,,,,,,,False,False,False,False,10,Low Priority,Ignore,False,False,False,False,False,False,False,False,False,False
867,Digitrans,https://www.digitrans.in,last mile courier companies Chennai India,sales@dtlog.in,+3403400760,,,,,,,False,False,False,False,10,Low Priority,Ignore,False,False,False,False,False,False,False,False,False,False
868,"Pet Transport Service in Chennai, Tamilnadu, India 99400 00163",http://petrelocationservices.in,last mile courier companies Chennai India,info@ostrichshippingservices.com,+919940000163,,,,,,,False,False,False,False,10,Low Priority,Ignore,False,False,False,False,False,False,False,False,False,False
869,Top Ranking,http://www.affhan.com,last mile courier companies Chennai India,info@affhan.com,+601156726242,,,,,,,False,False,False,False,10,Low Priority,Ignore,False,False,False,False,False,False,False,False,False,False
870,"Transworld Intl | Relocation, Logistics & Global Mobility Experts",http://www.transworldintl.com,last mile courier companies Chennai India,info@transworldintl.com,+918880778899,,,,,,,False,False,False,False,10,Low Priority,Ignore,False,False,False,False,False,False,False,False,False,False
871,2,https://www.aditipackerschennai.in,last mile courier companies Chennai India,madhavan4224@gmail.com,+919585343931,,,,,,,False,False,False,False,10,Low Priority,Ignore,False,False,False,False,False,False,False,False,False,False
872,Home - Thulasi Global Shipping & Logistics,http://www.thulasiglobal.com,last mile courier companies Chennai India,gopirajan.a@thulasiglobal.com,+914445413071,,,,,,,False,False,False,False,10,Low Priority,Ignore,False,False,False,False,False,False,False,False,False,False
874,Home - UDX Worldwide,https://www.udxworldwide.com,last mile courier companies Pune India,cs@udx.in,+9102041505555,,,,,,,False,False,False,False,10,Low Priority,Ignore,False,False,False,False,False,False,False,False,False,False
875,SBL Express: Best Logistics Services | India & Globally,http://sblexpress.com,last mile courier companies Pune India,info@sblexpress.com,+919130005103,,,,,,,False,False,False,False,0,Low Priority,Ignore,False,False,False,False,False,False,False,False,False,False
876,Best Packers and Movers in Pune | Balaji Cargo Packers,https://balajicargopackers.in,last mile courier companies Pune India,info@balajicargopackers.in,+2616769217,,,,,,,False,False,False,False,10,Low Priority,Ignore,False,False,False,False,False,False,False,False,False,False
877,Star Express Packers and Movers,https://www.starexpress.co.in,last mile courier companies Pune India,starexpress.co.in@gmail.com,+918552905290,,,,,,,False,False,False,False,0,Low Priority,Ignore,False,False,False,False,False,False,False,False,False,False
878,Viami Logistics & Consulting LLP,https://www.viamilogistics.com,last mile courier companies Pune India,sales@viamilogistics.com,+919075096496,,,,,,,False,False,False,False,20,Low Priority,Ignore,False,False,False,False,False,False,False,False,False,False
879,Packers And Movers In Hadapsar Pune - Om Sai Packers And Movers,https://www.packersandmovershadapsarpune.co.in,last mile courier companies Pune India,info@packersandmovershadapsarpune.co.in,+918605616985,,,,,,,False,False,False,False,10,Low Priority,Ignore,False,False,False,False,False,False,False,False,False,False
880,Best Packers and Movers Pune | Call +91-9373229015,https://www.jyoticargopackers.in,last mile courier companies Pune India,info@jyoticargopackers.in,+918237799574,,,,,,,False,False,False,False,10,Low Priority,Ignore,False,False,False,False,False,False,False,False,False,False
881,Varuna Logistics Packers and Movers Pune,http://www.varunalogisticspackers.com,last mile courier companies Pune India,info@demo.com%20,+919552034040,,,,,,,False,False,False,False,0,Low Priority,Ignore,False,False,False,False,False,False,False,False,False,False
882,Gati Express Packers and Movers,https://gatiexpresspackers.in,last mile courier companies Pune India,info@gatiexpresspackers.in,+2645743228,,,,,,,False,False,False,False,0,Low Priority,Ignore,False,False,False,False,False,False,False,False,False,False
883,InterCity Packers and Movers,https://intercitypackermover.com/packers-and-movers-pune,last mile courier companies Pune India,info@intercitypackermover.com,+919172323697,,,,,,,False,False,False,False,10,Low Priority,Ignore,False,False,False,False,False,False,False,False,False,False
884,Satyam Packers And Movers Pune,https://satyampackersmoverspune.com,last mile courier companies Pune India,info@satyampackersmoverspune.com,+9050347321,,,,,,,False,False,False,False,10,Low Priority,Ignore,False,False,False,False,False,False,False,False,False,False
885,Home - Vidyut Parivahan,https://www.vidyutparivahan.com,last mile courier companies Pune India,ceo@vidyutparivahan.com,+919850825121,,,,,,,False,False,False,False,10,Low Priority,Ignore,False,False,False,False,False,False,False,False,False,False
886,Call,https://www.ananyapackers.com,last mile courier companies Pune India,ananyamoversservice15@gmail.com,+917020149614,,,,,,,False,False,False,False,10,Low Priority,Ignore,False,False,False,False,False,False,False,False,False,False
