Website,Status,Message,CreatedDate
https://www.reliableintl.co.in/,Failed,"HTTPSConnectionPool(host='www.reliableintl.co.in', port=443): Max retries exceeded with url: / (Caused by ConnectTimeoutError(<urllib3.connection.HTTPSConnection object at 0x107f4da90>, 'Connection to www.reliableintl.co.in timed out. (connect timeout=15)'))",2026-08-04T05:20:46.017495
https://renukainternationalcourier.in/,Success,Crawl completed,2026-08-04T05:20:49.194350
http://www.courierinternationalservices.com/,Success,Crawl completed,2026-08-04T05:20:56.032439
https://locations-in.express.dhl.com/courier-service-in-ashok-nagar-bengaluru-karnataka/home,Failed,Website does not appear to be a valid business website,2026-08-04T05:21:45.453204
https://vegaexpress.net/,Failed,"HTTPSConnectionPool(host='vegaexpress.net', port=443): Max retries exceeded with url: / (Caused by ConnectTimeoutError(<urllib3.connection.HTTPSConnection object at 0x107adfed0>, 'Connection to vegaexpress.net timed out. (connect timeout=15)'))",2026-08-04T05:22:30.672852
http://shipzy.in/,Failed,"HTTPConnectionPool(host='shipzy.in', port=80): Max retries exceeded with url: / (Caused by ConnectTimeoutError(<urllib3.connection.HTTPConnection object at 0x107fe48a0>, 'Connection to shipzy.in timed out. (connect timeout=15)'))",2026-08-04T05:23:15.934992
https://www.expressairlogistics.in/?utm_source=google&utm_medium=organic&utm_campaign=GMB_Website_logistic+Tracking,Success,Crawl completed,2026-08-04T05:23:25.102415
https://www.atlantglobalindia.in/,Success,Crawl completed,2026-08-04T05:23:30.033197
http://www.ccfexpress.com/,Success,Crawl completed,2026-08-04T05:23:33.122228
https://www.airshipperscouriers.com/,Failed,"HTTPSConnectionPool(host='www.airshipperscouriers.com', port=443): Max retries exceeded with url: / (Caused by SSLError(SSLCertVerificationError(1, ""[SSL: CERTIFICATE_VERIFY_FAILED] certificate verify failed: Hostname mismatch, certificate is not valid for 'www.airshipperscouriers.com'. (_ssl.c:1032)"")))",2026-08-04T05:23:34.024097
https://akrexpress.com/,Failed,Website does not appear to be a valid business website,2026-08-04T05:23:38.796605
https://nearme.shreemaruti.com/locator/bengaluru/kasturi-nagar/shree-maruti-courier-service-in-kasturi-nagar-bengaluru--6Mjyip/home,Success,Crawl completed,2026-08-04T05:23:50.200854
http://www.timeexpress.in/,Success,Crawl completed,2026-08-04T05:24:58.088434
http://mrvcouriers.in/,Failed,"HTTPConnectionPool(host='mrvcouriers.in', port=80): Max retries exceeded with url: / (Caused by NameResolutionError(""<urllib3.connection.HTTPConnection object at 0x107f7c270>: Failed to resolve 'mrvcouriers.in' ([Errno 8] nodename nor servname provided, or not known)""))",2026-08-04T05:24:58.245853
https://flymycart.com/,Failed,cannot access local variable 'title' where it is not associated with a value,2026-08-04T05:24:58.766950
http://www.dtdc.com/,Failed,"HTTPConnectionPool(host='www.dtdc.com', port=80): Max retries exceeded with url: / (Caused by NewConnectionError('<urllib3.connection.HTTPConnection object at 0x107f7d260>: Failed to establish a new connection: [Errno 61] Connection refused'))",2026-08-04T05:24:59.037146
https://www.aics.in/,Failed,"HTTPSConnectionPool(host='www.aics.in', port=443): Max retries exceeded with url: / (Caused by ConnectTimeoutError(<urllib3.connection.HTTPSConnection object at 0x110150050>, 'Connection to www.aics.in timed out. (connect timeout=15)'))",2026-08-04T05:25:44.721139
https://www.delhivery.com/,Failed,Website does not appear to be a valid business website,2026-08-04T05:25:45.115458
http://shreemahavircourier.com/,Failed,"HTTPConnectionPool(host='shreemahavircourier.com', port=80): Max retries exceeded with url: / (Caused by ConnectTimeoutError(<urllib3.connection.HTTPConnection object at 0x107f7ff00>, 'Connection to shreemahavircourier.com timed out. (connect timeout=15)'))",2026-08-04T05:26:30.213070
http://www.fastwayindia.com/,Success,Crawl completed,2026-08-04T05:26:38.275460
http://www.expluslogistics.com/,Success,Crawl completed,2026-08-04T05:26:45.362457
https://nfc.dgtechsoln.com/fedex-courier-hsr/,Failed,Website does not appear to be a valid business website,2026-08-04T05:26:50.882633
http://www.flyexpressinternationalcourierservices.com/,Failed,"HTTPConnectionPool(host='www.flyexpressinternationalcourierservices.com', port=80): Max retries exceeded with url: / (Caused by NameResolutionError(""<urllib3.connection.HTTPConnection object at 0x107ed0490>: Failed to resolve 'www.flyexpressinternationalcourierservices.com' ([Errno 8] nodename nor servname provided, or not known)""))",2026-08-04T05:26:51.169544
http://www.courierpoint.com/,Failed,Website does not appear to be a valid business website,2026-08-04T05:27:06.684908
https://www.dtdc.in/,Success,Crawl completed,2026-08-04T05:27:12.906676
http://garudavega.com/,Failed,403 Client Error: Forbidden for url: http://garudavega.com/,2026-08-04T05:27:14.050787
https://overseascourierservices.in/,Failed,Website does not appear to be a valid business website,2026-08-04T05:27:16.232681
https://prestigeexpress.in/,Failed,"HTTPSConnectionPool(host='prestigeexpress.in', port=443): Max retries exceeded with url: / (Caused by ConnectTimeoutError(<urllib3.connection.HTTPSConnection object at 0x107f4de50>, 'Connection to prestigeexpress.in timed out. (connect timeout=15)'))",2026-08-04T05:28:01.408154
http://www.uniqueairexpress.com/,Failed,Website does not appear to be a valid business website,2026-08-04T05:28:03.056135
http://www.smeexpress.com/,Failed,"HTTPSConnectionPool(host='www.smeexpress.com', port=443): Max retries exceeded with url: / (Caused by SSLError(SSLCertVerificationError(1, ""[SSL: CERTIFICATE_VERIFY_FAILED] certificate verify failed: Hostname mismatch, certificate is not valid for 'www.smeexpress.com'. (_ssl.c:1032)"")))",2026-08-04T05:28:04.249844
http://www.shreetirupaticourier.net/NetworkDetail1.aspx?Center=BANGLORE-R.%20T.%20NAGAR%20%2824%29&Tmp=501662,Success,Crawl completed,2026-08-04T05:28:17.727635
http://www.orbitexpress.in/,Failed,"HTTPConnectionPool(host='www.orbitexpress.in', port=80): Max retries exceeded with url: / (Caused by ConnectTimeoutError(<urllib3.connection.HTTPConnection object at 0x107f7ce20>, 'Connection to www.orbitexpress.in timed out. (connect timeout=15)'))",2026-08-04T05:29:03.692311
https://unifinitelogistics.com/,Success,Crawl completed,2026-08-04T05:29:09.277483
http://xpressdelivery.in/,Failed,Website does not appear to be a valid business website,2026-08-04T05:29:10.506633
https://fedex-jp-nagar.grexa.site/,Success,Crawl completed,2026-08-04T05:29:14.134680
http://brvlogistics.com/,Success,Crawl completed,2026-08-04T05:29:15.809178
http://jvkxpress.com/,Failed,500 Server Error: Bad Gateway for url: http://jvkxpress.com/,2026-08-04T05:29:18.102407
https://www.shoppre.com/shop-from-india-ship-worldwide?utm_source=google_my_business&utm_medium=organic&utm_campaign=gmb_listing,Success,Crawl completed,2026-08-04T05:29:22.280878
http://www.flyking.in/,Success,Crawl completed,2026-08-04T05:29:24.744466
https://www.gmsworldwide.com/,Success,Crawl completed,2026-08-04T05:29:26.572823
https://www.dhl.in/,Failed,"HTTPSConnectionPool(host='www.dhl.in', port=443): Read timed out. (read timeout=15)",2026-08-04T05:30:13.009778
https://stores.dtdc.com/dtdc-express-ltd-chamarajpet-bengaluru-chamrajpet-courier-service-chamarajpet-bengaluru-563747/Home?utm_source=locator&utm_medium=googleplaces,Success,Crawl completed,2026-08-04T05:30:19.249060
https://kkexpress.in/,Success,Crawl completed,2026-08-04T05:37:20.489354
https://airborneinternational.in/,Success,Crawl completed,2026-08-04T05:37:24.868630
http://www.translinkexp.com/,Success,Crawl completed,2026-08-04T05:37:29.190870
https://www.parcelchief.in/,Success,Crawl completed,2026-08-04T05:37:31.233812
https://www.uniquecourier.in/,Success,Crawl completed,2026-08-04T05:37:32.515282
https://sunrisemumbai.com/,Success,Crawl completed,2026-08-04T05:37:38.832084
https://www.airinternationalcourier.com/?utm_source=google_profile&utm_campaign=localo&utm_medium=mainlink,Success,Crawl completed,2026-08-04T05:37:39.947890
http://www.courierservicemumbai.in/,Success,Crawl completed,2026-08-04T05:37:45.136569
https://www.reliableintl.co.in/,Failed,"HTTPSConnectionPool(host='www.reliableintl.co.in', port=443): Max retries exceeded with url: / (Caused by ConnectTimeoutError(<urllib3.connection.HTTPSConnection object at 0x107f4c7d0>, 'Connection to www.reliableintl.co.in timed out. (connect timeout=15)'))",2026-08-04T05:38:30.568677
https://planetcouriermumbai.in/,Failed,Website does not appear to be a valid business website,2026-08-04T05:38:32.925164
https://www.cityinternationalcourier.com/,Success,Crawl completed,2026-08-04T05:38:38.934207
https://skexpresscourier.com/,Failed,"HTTPSConnectionPool(host='skexpresscourier.com', port=443): Read timed out. (read timeout=15)",2026-08-04T05:39:24.959246
https://andhericourier.com/,Failed,"HTTPSConnectionPool(host='andhericourier.com', port=443): Max retries exceeded with url: / (Caused by SSLError(SSLEOFError(8, '[SSL: UNEXPECTED_EOF_WHILE_READING] EOF occurred in violation of protocol (_ssl.c:1032)')))",2026-08-04T05:39:27.673885
http://www.airexpresscargo.in/,Success,Crawl completed,2026-08-04T05:39:32.658803
https://locations-in.express.dhl.com/courier-service-in-kalbadevi-mumbai.-maharashtra/home,Failed,Website does not appear to be a valid business website,2026-08-04T05:39:33.022748
https://raj-courier-cargo.grexa.site/,Success,Crawl completed,2026-08-04T05:39:35.294277
https://stinternationalcourier.com/,Success,Crawl completed,2026-08-04T05:39:38.660732
https://overseasairfreight.com/,Success,Crawl completed,2026-08-04T05:39:48.731837
https://apollointlcouriers.com/,Success,Crawl completed,2026-08-04T05:39:49.831441
https://www.newwesterncarrier.in/,Success,Crawl completed,2026-08-04T05:39:52.462962
http://www.dtdc.in/,Failed,"HTTPConnectionPool(host='www.dtdc.in', port=80): Max retries exceeded with url: / (Caused by NewConnectionError('<urllib3.connection.HTTPConnection object at 0x107ed38a0>: Failed to establish a new connection: [Errno 61] Connection refused'))",2026-08-04T05:39:53.044342
https://ecsinternational.in/,Failed,"HTTPSConnectionPool(host='ecsinternational.in', port=443): Max retries exceeded with url: / (Caused by NameResolutionError(""<urllib3.connection.HTTPSConnection object at 0x107f28a50>: Failed to resolve 'ecsinternational.in' ([Errno 8] nodename nor servname provided, or not known)""))",2026-08-04T05:39:53.206961
http://www.skybluecourier.in/,Failed,Website does not appear to be a valid business website,2026-08-04T05:39:55.317526
http://tradelinkinternational.co.in/,Success,Crawl completed,2026-08-04T05:39:59.365836
https://nilsiexpress.in/,Failed,"HTTPSConnectionPool(host='nilsiexpress.in', port=443): Max retries exceeded with url: / (Caused by ConnectTimeoutError(<urllib3.connection.HTTPSConnection object at 0x107f29310>, 'Connection to nilsiexpress.in timed out. (connect timeout=15)'))",2026-08-04T05:40:44.558891
https://www.yezdangroup.com/,Failed,"HTTPSConnectionPool(host='www.yezdangroup.com', port=443): Max retries exceeded with url: / (Caused by ConnectTimeoutError(<urllib3.connection.HTTPSConnection object at 0x107f2a710>, 'Connection to www.yezdangroup.com timed out. (connect timeout=15)'))",2026-08-04T05:41:29.890659
https://citinetwork.co.in/courier-services/,Failed,"HTTPSConnectionPool(host='citinetwork.co.in', port=443): Max retries exceeded with url: /courier-services/ (Caused by NameResolutionError(""<urllib3.connection.HTTPSConnection object at 0x107f2b390>: Failed to resolve 'citinetwork.co.in' ([Errno 8] nodename nor servname provided, or not known)""))",2026-08-04T05:41:30.020174
http://dtdc.com/,Success,Crawl completed,2026-08-04T05:41:36.580480
https://aics.in/,Failed,"HTTPSConnectionPool(host='aics.in', port=443): Max retries exceeded with url: / (Caused by ConnectTimeoutError(<urllib3.connection.HTTPSConnection object at 0x107f28410>, 'Connection to aics.in timed out. (connect timeout=15)'))",2026-08-04T05:42:21.612394
http://www.samruddhicourier.com/,Success,Crawl completed,2026-08-04T05:42:23.813580
http://awcc.in/,Success,Crawl completed,2026-08-04T05:42:25.286944
http://couriercentral.in/,Failed,Website does not appear to be a valid business website,2026-08-04T05:42:26.001716
http://www.oneexpress.in/,Success,Crawl completed,2026-08-04T05:42:26.848867
https://trackonservices.in/,Failed,unhashable type: 'list',2026-08-04T05:42:30.615643
https://sonaliexpressworldwide.com/,Failed,"HTTPSConnectionPool(host='sonaliexpressworldwide.com', port=443): Max retries exceeded with url: / (Caused by ConnectTimeoutError(<urllib3.connection.HTTPSConnection object at 0x107f2a5d0>, 'Connection to sonaliexpressworldwide.com timed out. (connect timeout=15)'))",2026-08-04T05:43:16.027114
https://www.globalindiaexpress.com/,Success,Crawl completed,2026-08-04T05:52:51.934349
https://anytimeexpress.in/,Failed,Website does not appear to be a valid business website,2026-08-04T05:52:59.953349
https://locations-in.express.dhl.com/courier-service-in-sector-18-noida-uttar-pradesh/home,Failed,Website does not appear to be a valid business website,2026-08-04T05:54:34.226299
https://www.reliableintl.co.in/,Failed,"HTTPSConnectionPool(host='www.reliableintl.co.in', port=443): Max retries exceeded with url: / (Caused by ConnectTimeoutError(<urllib3.connection.HTTPSConnection object at 0x10a4b3890>, 'Connection to www.reliableintl.co.in timed out. (connect timeout=15)'))",2026-08-04T05:55:19.596406
https://www.aaainternationalcourier.in/,Failed,"HTTPSConnectionPool(host='www.aaainternationalcourier.in', port=443): Max retries exceeded with url: / (Caused by ConnectTimeoutError(<urllib3.connection.HTTPSConnection object at 0x10a4b3390>, 'Connection to www.aaainternationalcourier.in timed out. (connect timeout=15)'))",2026-08-04T05:56:04.933754
https://skylinecourier.in/,Success,Crawl completed,2026-08-04T05:56:08.065187
http://ncrcouriers.in/,Success,Crawl completed,2026-08-04T05:56:10.523970
https://sites.google.com/view/vandana-international/home,Success,Crawl completed,2026-08-04T05:56:13.217147
http://technozingexpress.com/,Success,Crawl completed,2026-08-04T05:56:17.225837
https://www.internationalcourierservices.org/,Success,Crawl completed,2026-08-04T05:56:20.201489
http://couriervia.com/,Success,Crawl completed,2026-08-04T05:56:30.137621
https://www.doortodoorlogistic.in/,Success,Crawl completed,2026-08-04T05:56:34.072720
https://www.msdinternationalservices.com/,Success,Crawl completed,2026-08-04T05:56:45.558467
https://www.dtinternational.in/,Success,Crawl completed,2026-08-04T05:56:47.845073
https://rose-courier-services.grexa.site/,Success,Crawl completed,2026-08-04T05:56:50.805331
https://www.kmcargoservices.com/,Success,Crawl completed,2026-08-04T05:56:54.185325
http://fasttrackintl.in/,Failed,Website does not appear to be a valid business website,2026-08-04T05:56:56.330663
http://www.courierservicesnoida.com/,Success,Crawl completed,2026-08-04T05:56:57.423968
https://www.reliablecourierservice.in/,Success,Crawl completed,2026-08-04T05:56:59.307577
https://wa.me/9990644458?text=Your%20Custom%20Message%20Here,Success,Crawl completed,2026-08-04T05:57:04.658362
https://balajicourier.com/,Success,Crawl completed,2026-08-04T05:57:08.664525
https://www.couriers24x7.com/,Success,Crawl completed,2026-08-04T05:57:10.182506
http://couriercharges.in/,Failed,Website does not appear to be a valid business website,2026-08-04T05:57:12.640382
https://raviexpress.in/,Failed,cannot access local variable 'title' where it is not associated with a value,2026-08-04T05:57:13.667098
https://shriramcourier.com/,Failed,cannot access local variable 'title' where it is not associated with a value,2026-08-04T05:57:14.201657
https://www.tajxpress.com/,Success,Crawl completed,2026-08-04T05:57:16.923947
https://www.bluedart.com/blue-dart-dhl-relationship,Success,Crawl completed,2026-08-04T05:57:46.078949
http://royalcouriers.com/,Success,Crawl completed,2026-08-04T05:57:51.423457
https://citycargo.in/,Failed,"HTTPSConnectionPool(host='citycargo.in', port=443): Max retries exceeded with url: / (Caused by SSLError(SSLCertVerificationError(1, '[SSL: CERTIFICATE_VERIFY_FAILED] certificate verify failed: certificate has expired (_ssl.c:1032)')))",2026-08-04T05:57:52.236888
http://www.flightdespatch.co.in/,Success,Crawl completed,2026-08-04T05:58:05.899066
http://www.malikcourierservices.com/,Failed,"HTTPConnectionPool(host='www.malikcourierservices.com', port=80): Max retries exceeded with url: / (Caused by NewConnectionError('<urllib3.connection.HTTPConnection object at 0x10a7d7a50>: Failed to establish a new connection: [Errno 61] Connection refused'))",2026-08-04T05:58:06.394114
https://medscourier.com/,Success,Crawl completed,2026-08-04T05:58:14.695633
https://www.couriermedicines.com/,Failed,Website does not appear to be a valid business website,2026-08-04T05:58:15.526430
https://stcourier.com/,Success,Crawl completed,2026-08-04T05:58:18.355457
https://speedexpresshub.com/,Failed,"HTTPSConnectionPool(host='speedexpresshub.com', port=443): Max retries exceeded with url: / (Caused by ConnectTimeoutError(<urllib3.connection.HTTPSConnection object at 0x10a8b87d0>, 'Connection to speedexpresshub.com timed out. (connect timeout=15)'))",2026-08-04T05:59:03.652964
http://www.expresscargoovers.in/,Failed,"HTTPConnectionPool(host='www.expresscargoovers.in', port=80): Max retries exceeded with url: / (Caused by NameResolutionError(""<urllib3.connection.HTTPConnection object at 0x111edb050>: Failed to resolve 'www.expresscargoovers.in' ([Errno 8] nodename nor servname provided, or not known)""))",2026-08-04T05:59:03.933907
http://www.sagarairexpress.com/,Failed,Website does not appear to be a valid business website,2026-08-04T05:59:06.418678
https://www.wescouriers.co.in/,Success,Crawl completed,2026-08-04T05:59:09.955722
https://dtdc.com/,Success,Crawl completed,2026-08-04T05:59:18.100225
https://www.onlinexpress.co.in/,Failed,"HTTPSConnectionPool(host='www.onlinexpress.co.in', port=443): Max retries exceeded with url: / (Caused by SSLError(SSLCertVerificationError(1, ""[SSL: CERTIFICATE_VERIFY_FAILED] certificate verify failed: Hostname mismatch, certificate is not valid for 'www.onlinexpress.co.in'. (_ssl.c:1032)"")))",2026-08-04T05:59:19.027586
http://rmglobalcourierservice.com/,Failed,cannot access local variable 'title' where it is not associated with a value,2026-08-04T05:59:21.485939
https://ocs-india.co/,Success,Crawl completed,2026-08-04T05:59:24.350845
https://www.shipmiles.com/,Success,Crawl completed,2026-08-04T05:59:29.264654
http://uaec.in/,Success,Crawl completed,2026-08-04T05:59:33.954920
https://delhicargocourierservices.com/,Success,Crawl completed,2026-08-04T05:59:35.983593
http://www.nv-express.com/,Success,Crawl completed,2026-08-04T05:59:39.107898
http://www.jumbocourier.com/,Failed,Website does not appear to be a valid business website,2026-08-04T05:59:39.488804
https://www.cheapinternationalcouriers.in/,Success,Crawl completed,2026-08-04T05:59:40.807803
http://aashirwadlogistics.com/,Success,Crawl completed,2026-08-04T05:59:45.198788
http://budget1.net/,Failed,"HTTPConnectionPool(host='budget1.net', port=80): Max retries exceeded with url: / (Caused by ConnectTimeoutError(<urllib3.connection.HTTPConnection object at 0x10a7d4b50>, 'Connection to budget1.net timed out. (connect timeout=15)'))",2026-08-04T06:00:30.732791
http://aryawartaservices.com/,Success,Crawl completed,2026-08-04T06:00:34.544323
http://www.immediateparcelservice.com/,Failed,cannot access local variable 'title' where it is not associated with a value,2026-08-04T06:00:36.702075
http://www.trackonexpress.com/,Success,Crawl completed,2026-08-04T06:00:37.694586
https://uniqueairexpress.com/,Failed,Website does not appear to be a valid business website,2026-08-04T06:00:39.455264
http://delhiparcel.com/,Failed,"HTTPConnectionPool(host='delhiparcel.com', port=80): Max retries exceeded with url: / (Caused by ConnectTimeoutError(<urllib3.connection.HTTPConnection object at 0x10a7d7450>, 'Connection to delhiparcel.com timed out. (connect timeout=15)'))",2026-08-04T06:01:24.762102
https://worldindiaexpress.com/,Failed,"HTTPSConnectionPool(host='worldindiaexpress.com', port=443): Max retries exceeded with url: / (Caused by ConnectTimeoutError(<urllib3.connection.HTTPSConnection object at 0x10a4b3ed0>, 'Connection to worldindiaexpress.com timed out. (connect timeout=15)'))",2026-08-04T06:11:22.942995
https://www.reliableintl.co.in/,Failed,"HTTPSConnectionPool(host='www.reliableintl.co.in', port=443): Max retries exceeded with url: / (Caused by ConnectTimeoutError(<urllib3.connection.HTTPSConnection object at 0x10a8bb110>, 'Connection to www.reliableintl.co.in timed out. (connect timeout=15)'))",2026-08-04T06:12:08.523192
https://locations-in.express.dhl.com/courier-service-in-sector-25-gurugram-haryana/home,Failed,Website does not appear to be a valid business website,2026-08-04T06:13:43.374071
https://www.globalindialogistics.com/,Success,Crawl completed,2026-08-04T06:13:46.520562
https://krishnatradingco.com/,Success,Crawl completed,2026-08-04T06:14:01.704707
http://www.airworldexpress.co.in/,Success,Crawl completed,2026-08-04T06:14:04.812021
https://wa.me/9643619129,Success,Crawl completed,2026-08-04T06:14:10.055212
https://thepcs.in/,Success,Crawl completed,2026-08-04T06:14:11.748723
https://dtdc-courier-sector.grexa.site/,Success,Crawl completed,2026-08-04T06:14:14.288334
http://www.shreetirupaticourier.net/,Success,Crawl completed,2026-08-04T06:14:20.635251
https://courier-service.grexa.site/,Success,Crawl completed,2026-08-04T06:14:23.218835
http://dtdc.in/,Success,Crawl completed,2026-08-04T06:14:29.793361
https://www.dtdc.com/,Success,Crawl completed,2026-08-04T06:14:34.469018
https://wielogistics.com/,Success,Crawl completed,2026-08-04T06:14:43.922877
https://www.risingsunlogistics.com/contact-us/,Success,Crawl completed,2026-08-04T06:14:45.837264
https://www.shiprocket.in/,Success,Crawl completed,2026-08-04T06:14:48.652016
https://raghavintl.com/,Success,Crawl completed,2026-08-04T06:14:51.062696
https://vsglobal.co.in/,Success,Crawl completed,2026-08-04T06:15:03.806072
https://www.boxcourierservice.com/,Success,Crawl completed,2026-08-04T06:15:07.192431
https://dottimedeliveries.com/,Success,Crawl completed,2026-08-04T06:15:09.047225
https://www.delhivery.com/,Failed,Website does not appear to be a valid business website,2026-08-04T06:15:09.537772
https://lazership.in/,Success,Crawl completed,2026-08-04T06:15:16.633347
https://nearme.shreemaruti.com/locator/gurugram/Sector-18/shree-maruti-courier-service-in-Sector-18-gurugram--5gwCSV/home,Success,Crawl completed,2026-08-04T06:15:26.284952
http://www.vikaslogistics.in/,Failed,Website does not appear to be a valid business website,2026-08-04T06:16:00.386633
https://www.allcargologistics.com/,Success,Crawl completed,2026-08-04T06:16:06.037986
https://jmd-express-trackon.grexa.site/,Success,Crawl completed,2026-08-04T06:16:08.607641
http://dtdccourierdomesticinternational-palamvihar.com/,Failed,"HTTPConnectionPool(host='dtdccourierdomesticinternational-palamvihar.com', port=80): Max retries exceeded with url: / (Caused by NameResolutionError(""<urllib3.connection.HTTPConnection object at 0x10ae33b50>: Failed to resolve 'dtdccourierdomesticinternational-palamvihar.com' ([Errno 8] nodename nor servname provided, or not known)""))",2026-08-04T06:16:08.773371
http://www.speedairlogistics.com/,Failed,Exceeded 30 redirects.,2026-08-04T06:16:27.933699
http://www.kartikinternational.com/,Success,Crawl completed,2026-08-04T06:16:29.353063
http://www.sheetlaexpress.in/,Failed,"HTTPConnectionPool(host='www.sheetlaexpress.in', port=80): Max retries exceeded with url: / (Caused by ConnectTimeoutError(<urllib3.connection.HTTPConnection object at 0x10ae33350>, 'Connection to www.sheetlaexpress.in timed out. (connect timeout=15)'))",2026-08-04T06:17:14.762835
https://dtdc-courier-booking.grexa.site/,Success,Crawl completed,2026-08-04T06:17:17.087443
https://workspace.dtdc.com/,Failed,"HTTPSConnectionPool(host='workspace.dtdc.com', port=443): Max retries exceeded with url: / (Caused by SSLError(SSLCertVerificationError(1, '[SSL: CERTIFICATE_VERIFY_FAILED] certificate verify failed: unable to get local issuer certificate (_ssl.c:1032)')))",2026-08-04T06:17:17.678908
https://skyking.co/,Failed,"HTTPSConnectionPool(host='skyking.co', port=443): Max retries exceeded with url: / (Caused by ConnectTimeoutError(<urllib3.connection.HTTPSConnection object at 0x112836e90>, 'Connection to skyking.co timed out. (connect timeout=15)'))",2026-08-04T06:18:02.938002
https://ecomexpress.in/,Failed,"HTTPSConnectionPool(host='ecomexpress.in', port=443): Max retries exceeded with url: / (Caused by SSLError(SSLCertVerificationError(1, '[SSL: CERTIFICATE_VERIFY_FAILED] certificate verify failed: certificate has expired (_ssl.c:1032)')))",2026-08-04T06:18:03.740964
http://www.decandartexpress.com/,Failed,"HTTPConnectionPool(host='www.decandartexpress.com', port=80): Max retries exceeded with url: / (Caused by ConnectTimeoutError(<urllib3.connection.HTTPConnection object at 0x11113aa50>, 'Connection to www.decandartexpress.com timed out. (connect timeout=15)'))",2026-08-04T06:18:49.273041
https://usmailers.in/,Failed,"HTTPSConnectionPool(host='usmailers.in', port=443): Max retries exceeded with url: / (Caused by NameResolutionError(""<urllib3.connection.HTTPSConnection object at 0x112836490>: Failed to resolve 'usmailers.in' ([Errno 8] nodename nor servname provided, or not known)""))",2026-08-04T06:18:49.388693
https://www.bluedart.com/,Success,Crawl completed,2026-08-04T06:19:07.874062
https://www.sehdevpackers.com/,Success,Crawl completed,2026-08-04T06:19:11.126169
https://indiancargopackersmovers.in/,Success,Crawl completed,2026-08-04T06:19:12.552680
http://www.shreenandancourier.com/,Failed,cannot access local variable 'title' where it is not associated with a value,2026-08-04T06:19:13.300999
https://nimbuspost.com/,Success,Crawl completed,2026-08-04T06:19:37.517037
http://www.indrapuricourier.com/,Success,Crawl completed,2026-08-04T06:19:38.376249
https://vinsumaxpress.com/,Failed,cannot access local variable 'title' where it is not associated with a value,2026-08-04T06:19:38.782557
http://www.shreemahavircourier.com/,Failed,"HTTPConnectionPool(host='www.shreemahavircourier.com', port=80): Max retries exceeded with url: / (Caused by ConnectTimeoutError(<urllib3.connection.HTTPConnection object at 0x10ae30650>, 'Connection to www.shreemahavircourier.com timed out. (connect timeout=15)'))",2026-08-04T06:20:24.153696
http://ups.com/,Failed,"HTTPSConnectionPool(host='www.ups.com', port=443): Read timed out. (read timeout=15)",2026-08-04T06:21:12.192704
https://d2dexpressgo.com/,Success,Crawl completed,2026-08-04T06:21:20.007718
http://www.unitedworldwideexpress.com/,Success,Crawl completed,2026-08-04T06:21:21.118591
https://www.qxpress.net/,Failed,Website does not appear to be a valid business website,2026-08-04T06:21:25.782925
https://epostbook.com/,Failed,Website does not appear to be a valid business website,2026-08-04T06:21:33.992716
https://locations-in.express.dhl.com/courier-service-in-sector-18-noida-uttar-pradesh/home,Failed,Website does not appear to be a valid business website,2026-08-04T06:29:44.836848
https://www.reliableintl.co.in/,Failed,"HTTPSConnectionPool(host='www.reliableintl.co.in', port=443): Max retries exceeded with url: / (Caused by ConnectTimeoutError(<urllib3.connection.HTTPSConnection object at 0x111c4f610>, 'Connection to www.reliableintl.co.in timed out. (connect timeout=15)'))",2026-08-04T06:30:30.015574
https://gatipackermover.in/,Success,Crawl completed,2026-08-04T06:30:32.593787
https://www.google.co.in/intl/en/about/products?tab=lh,Success,Crawl completed,2026-08-04T06:30:37.480260
http://www.internationalcouriersservice.com/,Failed,"HTTPConnectionPool(host='www.internationalcouriersservice.com', port=80): Max retries exceeded with url: / (Caused by ConnectTimeoutError(<urllib3.connection.HTTPConnection object at 0x10ae30550>, 'Connection to www.internationalcouriersservice.com timed out. (connect timeout=15)'))",2026-08-04T06:31:22.929687
https://www.multiplecourierservices.in/,Success,Crawl completed,2026-08-04T06:31:23.809102
https://wa.me/+918595540724,Success,Crawl completed,2026-08-04T06:31:29.239504
http://www.couriersjunction.com/tracking.aspx,Success,Crawl completed,2026-08-04T06:31:30.321882
http://wwe.dtdc.in/,Failed,"HTTPConnectionPool(host='wwe.dtdc.in', port=80): Max retries exceeded with url: / (Caused by NameResolutionError(""<urllib3.connection.HTTPConnection object at 0x10ae32650>: Failed to resolve 'wwe.dtdc.in' ([Errno 8] nodename nor servname provided, or not known)""))",2026-08-04T06:31:30.452626
https://nearme.shreemaruti.com/locator/greater-noida/Chauhanpur/shree-maruti-courier-service-in-Chauhanpur-greater-noida--6keqoi/home,Success,Crawl completed,2026-08-04T06:31:41.705216
http://www.dtdc.com/,Failed,"HTTPConnectionPool(host='www.dtdc.com', port=80): Max retries exceeded with url: / (Caused by NewConnectionError('<urllib3.connection.HTTPConnection object at 0x10a4ab250>: Failed to establish a new connection: [Errno 61] Connection refused'))",2026-08-04T06:31:42.048508
http://kartikinternational.com/,Success,Crawl completed,2026-08-04T06:31:43.018801
https://gaintlogistic.com/,Success,Crawl completed,2026-08-04T06:31:45.086811
http://dtdcexpress.co.in/,Failed,"HTTPConnectionPool(host='dtdcexpress.co.in', port=80): Max retries exceeded with url: / (Caused by NameResolutionError(""<urllib3.connection.HTTPConnection object at 0x111139350>: Failed to resolve 'dtdcexpress.co.in' ([Errno 8] nodename nor servname provided, or not known)""))",2026-08-04T06:31:47.096393
http://www.dtdc.in/,Failed,"HTTPConnectionPool(host='www.dtdc.in', port=80): Max retries exceeded with url: / (Caused by NewConnectionError('<urllib3.connection.HTTPConnection object at 0x11113aa50>: Failed to establish a new connection: [Errno 61] Connection refused'))",2026-08-04T06:31:47.532288
http://www.varmalogistics.com/,Success,Crawl completed,2026-08-04T06:31:55.635522
https://saharaaircourier.com/,Failed,"HTTPSConnectionPool(host='saharaaircourier.com', port=443): Max retries exceeded with url: / (Caused by NameResolutionError(""<urllib3.connection.HTTPSConnection object at 0x1117b7390>: Failed to resolve 'saharaaircourier.com' ([Errno 8] nodename nor servname provided, or not known)""))",2026-08-04T06:31:55.837272
https://shrijaishaniexpresscourier.in/,Success,Crawl completed,2026-08-04T06:32:03.601890
https://trackon-courier-gaur.grexa.site/,Success,Crawl completed,2026-08-04T06:32:06.187486
https://speedexpresshub.com/,Failed,"HTTPSConnectionPool(host='speedexpresshub.com', port=443): Max retries exceeded with url: / (Caused by ConnectTimeoutError(<urllib3.connection.HTTPSConnection object at 0x1117b6990>, 'Connection to speedexpresshub.com timed out. (connect timeout=15)'))",2026-08-04T06:32:51.344641
http://www.globortshippingllp.com/,Failed,"HTTPConnectionPool(host='www.globortshippingllp.com', port=80): Max retries exceeded with url: / (Caused by NameResolutionError(""<urllib3.connection.HTTPConnection object at 0x11113ae50>: Failed to resolve 'www.globortshippingllp.com' ([Errno 8] nodename nor servname provided, or not known)""))",2026-08-04T06:32:51.514917
https://aparnaentp.in/,Success,Crawl completed,2026-08-04T06:32:53.295377
http://www.worthcartindia.com/,Success,Crawl completed,2026-08-04T06:32:55.247832
https://samadhancouriers.com/,Failed,"HTTPSConnectionPool(host='samadhancouriers.com', port=443): Max retries exceeded with url: / (Caused by NameResolutionError(""<urllib3.connection.HTTPSConnection object at 0x11109c690>: Failed to resolve 'samadhancouriers.com' ([Errno 8] nodename nor servname provided, or not known)""))",2026-08-04T06:32:55.404007
https://noidapackermover.online/,Success,Crawl completed,2026-08-04T06:32:59.441862
https://stores.dtdc.com/dtdc-express-ltd-sector-80-noida-greater-noida-courier-service-sector-80-noida-563566/Home?utm_source=locator&utm_medium=googleplaces,Success,Crawl completed,2026-08-04T06:33:05.218511
http://www.trackoncourier.com/,Failed,404 Client Error: Not Found for url: http://www.trackoncourier.com/,2026-08-04T06:33:06.050171
http://princecargomoversandpackers.in/,Failed,"HTTPConnectionPool(host='princecargomoversandpackers.in', port=80): Max retries exceeded with url: / (Caused by NameResolutionError(""<urllib3.connection.HTTPConnection object at 0x110d3f050>: Failed to resolve 'princecargomoversandpackers.in' ([Errno 8] nodename nor servname provided, or not known)""))",2026-08-04T06:33:06.194767
http://www.speeddeskcouriers.in/,Success,Crawl completed,2026-08-04T06:33:08.509762
https://www.flutterxpress.com/,Failed,"HTTPSConnectionPool(host='www.flutterxpress.com', port=443): Max retries exceeded with url: / (Caused by ConnectTimeoutError(<urllib3.connection.HTTPSConnection object at 0x10a4b1590>, 'Connection to www.flutterxpress.com timed out. (connect timeout=15)'))",2026-08-04T06:33:53.805972
https://www.vrlpackersmoverss.in/,Success,Crawl completed,2026-08-04T06:33:55.355901
https://eaglepacker.com/packers-and-movers-in-noida/,Success,Crawl completed,2026-08-04T06:33:57.348044
http://www.dtcargopackers.com/,Success,Crawl completed,2026-08-04T06:34:04.610730
http://www.noidapackersmovers.in/,Success,Crawl completed,2026-08-04T06:34:17.178730
https://locations-in.express.dhl.com/courier-service-in-avenue-4-banjara-hills-hyderabad-telangana/home,Failed,Website does not appear to be a valid business website,2026-08-04T06:42:38.167012
http://www.dtdc.com/,Failed,"HTTPConnectionPool(host='www.dtdc.com', port=80): Max retries exceeded with url: / (Caused by NewConnectionError('<urllib3.connection.HTTPConnection object at 0x110d3fe50>: Failed to establish a new connection: [Errno 61] Connection refused'))",2026-08-04T06:42:38.534022
http://www.worldfirst.in/,Success,Crawl completed,2026-08-04T06:42:44.058210
http://www.justxpress.in/,Success,Crawl completed,2026-08-04T06:43:01.312907
http://www.zoom4couriers.com/,Success,Crawl completed,2026-08-04T06:43:10.147959
http://www.vasantcouriers.in/,Success,Crawl completed,2026-08-04T06:43:13.192751
http://ksrshipping.com/,Success,Crawl completed,2026-08-04T06:43:20.461885
https://www.vamshicouriers.com/,Success,Crawl completed,2026-08-04T06:43:23.926160
https://www.knrinternationalcourier.in/,Failed,Website does not appear to be a valid business website,2026-08-04T06:43:24.730268
http://www.dskglobal.in/,Failed,Website does not appear to be a valid business website,2026-08-04T06:43:26.431060
http://www.starinternationalcourier.com/,Success,Crawl completed,2026-08-04T06:43:33.047551
https://sxcourier.in/,Success,Crawl completed,2026-08-04T06:43:35.190302
https://reliableintl.co.in/,Failed,"HTTPSConnectionPool(host='reliableintl.co.in', port=443): Max retries exceeded with url: / (Caused by ConnectTimeoutError(<urllib3.connection.HTTPSConnection object at 0x1122ef890>, 'Connection to reliableintl.co.in timed out. (connect timeout=15)'))",2026-08-04T06:44:20.537825
http://sscourier.in/,Failed,404 Client Error: Not Found for url: http://sscourier.in/,2026-08-04T06:44:22.898917
http://www.jvkxpress.com/,Failed,500 Server Error: Bad Gateway for url: http://www.jvkxpress.com/,2026-08-04T06:44:25.233162
https://www.iclinternational.in/,Failed,Website does not appear to be a valid business website,2026-08-04T06:44:26.456061
https://firststarcourier.com/,Failed,cannot access local variable 'title' where it is not associated with a value,2026-08-04T06:44:27.756163
https://avaanexcess.com/,Success,Crawl completed,2026-08-04T06:44:31.709731
https://expressblue.in/,Success,Crawl completed,2026-08-04T06:44:37.039963
http://wa.me/+919063251555,Success,Crawl completed,2026-08-04T06:44:42.399733
http://www.omniexpress.in/,Failed,"HTTPConnectionPool(host='www.omniexpress.in', port=80): Max retries exceeded with url: / (Caused by ConnectTimeoutError(<urllib3.connection.HTTPConnection object at 0x10ae33150>, 'Connection to www.omniexpress.in timed out. (connect timeout=15)'))",2026-08-04T06:45:27.683547
http://www.vklogisticshub.com/,Success,Crawl completed,2026-08-04T06:45:29.119476
https://aerofastinternational.com/,Success,Crawl completed,2026-08-04T06:45:30.817216
https://markexpress.co.in/,Failed,"HTTPSConnectionPool(host='markexpress.co.in', port=443): Max retries exceeded with url: / (Caused by ConnectTimeoutError(<urllib3.connection.HTTPSConnection object at 0x1122eda90>, 'Connection to markexpress.co.in timed out. (connect timeout=15)'))",2026-08-04T06:46:16.002579
https://www.mapsexpres.com/,Failed,Website does not appear to be a valid business website,2026-08-04T06:46:21.160811
https://iclexpress.in/,Success,Crawl completed,2026-08-04T06:46:23.138649
https://www.garudavega.com/,Failed,403 Client Error: Forbidden for url: https://www.garudavega.com/,2026-08-04T06:46:24.454873
http://www.parcellineexpress.com/,Success,Crawl completed,2026-08-04T06:46:30.369768
http://www.myexpresscouriers.com/,Failed,"HTTPConnectionPool(host='www.myexpresscouriers.com', port=80): Max retries exceeded with url: / (Caused by NameResolutionError(""<urllib3.connection.HTTPConnection object at 0x11113af50>: Failed to resolve 'www.myexpresscouriers.com' ([Errno 8] nodename nor servname provided, or not known)""))",2026-08-04T06:46:49.301853
http://www.e-cargo.in/,Failed,cannot access local variable 'title' where it is not associated with a value,2026-08-04T06:46:51.271557
https://jkinternationalcouriers.com/,Success,Crawl completed,2026-08-04T06:46:52.774760
https://internationalcourierhyd.com/,Success,Crawl completed,2026-08-04T06:47:09.807590
https://aakaashxpress.in/,Success,Crawl completed,2026-08-04T06:47:18.814423
http://www.dtdc.in/,Failed,"HTTPConnectionPool(host='www.dtdc.in', port=80): Max retries exceeded with url: / (Caused by NewConnectionError('<urllib3.connection.HTTPConnection object at 0x111ed8150>: Failed to establish a new connection: [Errno 61] Connection refused'))",2026-08-04T06:47:22.237604
https://witsxpress.com/,Success,Crawl completed,2026-08-04T06:47:25.621138
http://www.sribalajicourier.com/,Success,Crawl completed,2026-08-04T06:47:28.126973
http://www.ssscourier.in/,Success,Crawl completed,2026-08-04T06:47:37.952984
http://www.icscourierservice.com/,Success,Crawl completed,2026-08-04T06:47:54.232034
https://fastexinternational.com/,Failed,Website does not appear to be a valid business website,2026-08-04T06:47:56.248449
http://www.anjanicourier.in/,Failed,cannot access local variable 'title' where it is not associated with a value,2026-08-04T06:47:56.506235
http://johnsinternational.in/,Failed,"HTTPConnectionPool(host='johnsinternational.in', port=80): Max retries exceeded with url: / (Caused by NameResolutionError(""<urllib3.connection.HTTPConnection object at 0x111edbe50>: Failed to resolve 'johnsinternational.in' ([Errno 8] nodename nor servname provided, or not known)""))",2026-08-04T06:47:56.668409
http://www.delhivery.com/,Failed,Website does not appear to be a valid business website,2026-08-04T06:47:57.194838
https://cloud7exp.co.in/,Success,Crawl completed,2026-08-04T06:48:02.767818
https://sites.google.com/d/11o08DdGn18ENqOOeGm5sECkHZ44fowl0/p/1ZzXq0zsdnKZKJOHnKaHVsXOn1E9ij9_G/edit,Failed,Website does not appear to be a valid business website,2026-08-04T06:48:10.953533
http://slpcouriers.in/,Success,Crawl completed,2026-08-04T06:48:12.708198
http://www.shreemaruticourier.com/,Success,Crawl completed,2026-08-04T06:48:16.994040
http://www.briskglobal.com/,Failed,"HTTPConnectionPool(host='www.briskglobal.com', port=80): Max retries exceeded with url: / (Caused by ConnectTimeoutError(<urllib3.connection.HTTPConnection object at 0x10ae32b50>, 'Connection to www.briskglobal.com timed out. (connect timeout=15)'))",2026-08-04T06:49:02.408591
http://youshop-weship.com/,Failed,Website does not appear to be a valid business website,2026-08-04T06:49:04.733809
http://mnrcouriers.com/,Failed,"HTTPConnectionPool(host='mnrcouriers.com', port=80): Max retries exceeded with url: / (Caused by NameResolutionError(""<urllib3.connection.HTTPConnection object at 0x10ae33d50>: Failed to resolve 'mnrcouriers.com' ([Errno 8] nodename nor servname provided, or not known)""))",2026-08-04T06:49:27.752157
http://www.ltlexpress.in/,Success,Crawl completed,2026-08-04T06:49:29.545419
https://www.srrlogisticenterprises.com/sample-page/,Failed,"HTTPSConnectionPool(host='www.srrlogisticenterprises.com', port=443): Max retries exceeded with url: /sample-page/ (Caused by NameResolutionError(""<urllib3.connection.HTTPSConnection object at 0x10a8b9e50>: Failed to resolve 'www.srrlogisticenterprises.com' ([Errno 8] nodename nor servname provided, or not known)""))",2026-08-04T06:49:29.696427
https://quikzo.com/,Failed,"HTTPSConnectionPool(host='quikzo.com', port=443): Max retries exceeded with url: / (Caused by ConnectTimeoutError(<urllib3.connection.HTTPSConnection object at 0x1122eccd0>, 'Connection to quikzo.com timed out. (connect timeout=15)'))",2026-08-04T06:50:14.933153
http://www.internationalcourierpoint.com/,Success,Crawl completed,2026-08-04T06:50:18.687434
http://www.prrasadinternationalcourier.com/,Success,Crawl completed,2026-08-04T06:50:21.478413
https://capexcourier.com/,Success,Crawl completed,2026-08-04T06:56:47.364359
https://mikivcard.com/08courier#gallery-section,Success,Crawl completed,2026-08-04T06:56:55.655384
http://maxser.in/,Success,Crawl completed,2026-08-04T06:56:57.423554
https://icecourier.in/,Success,Crawl completed,2026-08-04T06:57:00.552697
http://theinternationalcouriers.com/,Success,Crawl completed,2026-08-04T06:57:01.305229
https://locations-in.express.dhl.com/courier-service-in-nungambakkam-chennai-tamilnadu/home,Failed,Website does not appear to be a valid business website,2026-08-04T06:58:34.013074
https://brownpost.in/,Failed,"HTTPSConnectionPool(host='brownpost.in', port=443): Max retries exceeded with url: / (Caused by ConnectTimeoutError(<urllib3.connection.HTTPSConnection object at 0x111dcfed0>, 'Connection to brownpost.in timed out. (connect timeout=15)'))",2026-08-04T06:59:19.216208
http://www.couriercollects.com/,Success,Crawl completed,2026-08-04T06:59:20.354054
http://www.indiancourier.com/,Failed,"HTTPConnectionPool(host='www.indiancourier.com', port=80): Max retries exceeded with url: / (Caused by ConnectTimeoutError(<urllib3.connection.HTTPConnection object at 0x110d3ec50>, 'Connection to www.indiancourier.com timed out. (connect timeout=15)'))",2026-08-04T07:00:05.709820
https://reliableintl.co.in/,Failed,"HTTPSConnectionPool(host='reliableintl.co.in', port=443): Max retries exceeded with url: / (Caused by ConnectTimeoutError(<urllib3.connection.HTTPSConnection object at 0x1122eca50>, 'Connection to reliableintl.co.in timed out. (connect timeout=15)'))",2026-08-04T07:00:51.066193
http://www.aanushexpress.com/,Success,Crawl completed,2026-08-04T07:00:54.470236
https://www.aerovonexpress.com/,Success,Crawl completed,2026-08-04T07:00:55.665523
http://www.growcourierinternational.com/,Failed,Website does not appear to be a valid business website,2026-08-04T07:00:56.512603
http://www.dtdc.in/,Failed,"HTTPConnectionPool(host='www.dtdc.in', port=80): Max retries exceeded with url: / (Caused by NewConnectionError('<urllib3.connection.HTTPConnection object at 0x111139250>: Failed to establish a new connection: [Errno 61] Connection refused'))",2026-08-04T07:00:56.902904
https://atlaslogistech.com/,Success,Crawl completed,2026-08-04T07:00:58.905989
https://www.quikpakr.com/,Failed,Website does not appear to be a valid business website,2026-08-04T07:01:00.787015
https://thecreativelogistics.com/,Success,Crawl completed,2026-08-04T07:01:03.845637
https://forms.gle/9zfiD9gcfTo5vW2W7,Failed,Website does not appear to be a valid business website,2026-08-04T07:01:09.470469
http://www.flyerfreight.com/,Success,Crawl completed,2026-08-04T07:01:13.361747
https://starworldwidecouriers.com/,Success,Crawl completed,2026-08-04T07:01:15.509319
https://shiphit.com/international-courier-chennai,Success,Crawl completed,2026-08-04T07:01:19.084494
http://www.stcourier.com/,Success,Crawl completed,2026-08-04T07:01:23.304103
https://www.abscargoservice.com/,Failed,"HTTPSConnectionPool(host='www.abscargoservice.com', port=443): Max retries exceeded with url: / (Caused by ConnectTimeoutError(<urllib3.connection.HTTPSConnection object at 0x1122ed1d0>, 'Connection to www.abscargoservice.com timed out. (connect timeout=15)'))",2026-08-04T07:02:08.635282
https://www.nativeaircargo.com/,Success,Crawl completed,2026-08-04T07:02:17.132355
https://www.tpcglobe.com/contact.aspx,Success,Crawl completed,2026-08-04T07:02:19.852334
https://bestpackinternationalcourier.com/,Success,Crawl completed,2026-08-04T07:02:48.096609
https://flyliteexpress.com/,Success,Crawl completed,2026-08-04T07:02:54.493946
http://www.janexlogistics.com/,Success,Crawl completed,2026-08-04T07:02:56.148850
http://www.uniexcourierandcargo.com/,Failed,"HTTPConnectionPool(host='www.uniexcourierandcargo.com', port=80): Max retries exceeded with url: / (Caused by ConnectTimeoutError(<urllib3.connection.HTTPConnection object at 0x111b17a50>, 'Connection to www.uniexcourierandcargo.com timed out. (connect timeout=15)'))",2026-08-04T07:03:41.483176
http://www.garudavega.com/,Failed,403 Client Error: Forbidden for url: http://www.garudavega.com/,2026-08-04T07:03:42.453693
http://www.sgnetworkcourier.com/,Success,Crawl completed,2026-08-04T07:03:43.688677
https://horizonlogisticsglobal.com/,Failed,Website does not appear to be a valid business website,2026-08-04T07:03:44.636712
http://www.saharaexpress.com/,Success,Crawl completed,2026-08-04T07:03:45.971174
https://frontlinecourier.com/,Failed,cannot access local variable 'title' where it is not associated with a value,2026-08-04T07:03:46.772791
https://sainexco.com/,Success,Crawl completed,2026-08-04T07:03:51.353423
http://www.dtdc.com/,Failed,"HTTPConnectionPool(host='www.dtdc.com', port=80): Max retries exceeded with url: / (Caused by NewConnectionError('<urllib3.connection.HTTPConnection object at 0x111b16850>: Failed to establish a new connection: [Errno 61] Connection refused'))",2026-08-04T07:03:51.694723
http://www.akrexpress.com/,Failed,Website does not appear to be a valid business website,2026-08-04T07:03:59.128395
http://expresson.co.in/,Success,Crawl completed,2026-08-04T07:04:00.570203
http://metroswift.in/,Success,Crawl completed,2026-08-04T07:04:03.202083
https://deskmateglobal.com/,Failed,Website does not appear to be a valid business website,2026-08-04T07:04:06.248901
http://alliancecargo.ind.in/,Success,Crawl completed,2026-08-04T07:04:08.397629
http://www.getbyindiapost.com/,Failed,"HTTPConnectionPool(host='www.getbyindiapost.com', port=80): Max retries exceeded with url: / (Caused by NameResolutionError(""<urllib3.connection.HTTPConnection object at 0x111b14c50>: Failed to resolve 'www.getbyindiapost.com' ([Errno 8] nodename nor servname provided, or not known)""))",2026-08-04T07:04:08.591021
https://xpresscourier.in/,Failed,"HTTPSConnectionPool(host='xpresscourier.in', port=443): Max retries exceeded with url: / (Caused by NameResolutionError(""<urllib3.connection.HTTPSConnection object at 0x1122ee210>: Failed to resolve 'xpresscourier.in' ([Errno 8] nodename nor servname provided, or not known)""))",2026-08-04T07:04:33.231370
http://www.tccs.in/,Failed,404 Client Error: Not Found for url: http://www.tccs.in/,2026-08-04T07:04:34.121500
https://stores.dtdc.com/dtdc-express-ltd-porur-chennai-porur-courier-service-porur-chennai-563646/Home?utm_source=locator&utm_medium=googleplaces,Success,Crawl completed,2026-08-04T07:04:39.986761
http://www.ups.com/,Failed,"HTTPSConnectionPool(host='www.ups.com', port=443): Read timed out. (read timeout=15)",2026-08-04T07:05:26.252211
http://www.rightlogistics.com/,Success,Crawl completed,2026-08-04T07:05:32.897203
https://libertyexpress.weab.in/,Failed,"HTTPSConnectionPool(host='libertyexpress.weab.in', port=443): Max retries exceeded with url: / (Caused by NameResolutionError(""<urllib3.connection.HTTPSConnection object at 0x1122ed950>: Failed to resolve 'libertyexpress.weab.in' ([Errno 8] nodename nor servname provided, or not known)""))",2026-08-04T07:05:33.298016
https://nearme.shreemaruti.com/shree-maruti/chennai/Alandur/shree-maruti-courier-service-in-Alandur-chennai--5HEnxg/home,Success,Crawl completed,2026-08-04T07:05:38.303486
https://www.kpnparcel.in/branches,Failed,"HTTPSConnectionPool(host='www.kpnparcel.in', port=443): Max retries exceeded with url: /branches (Caused by ConnectTimeoutError(<urllib3.connection.HTTPSConnection object at 0x1122efc50>, 'Connection to www.kpnparcel.in timed out. (connect timeout=15)'))",2026-08-04T07:06:23.560915
http://www.franchexpress.com/,Failed,403 Client Error: Forbidden for url: https://www.franchexpress.com/,2026-08-04T07:06:24.774734
http://www.sarworldwide.in/,Success,Crawl completed,2026-08-04T07:06:26.255428
https://locations-in.express.dhl.com/courier-service-in-erandwane-pune-maharashtra/home,Failed,Website does not appear to be a valid business website,2026-08-04T07:14:32.796843
https://www.reliableintl.co.in/,Failed,"HTTPSConnectionPool(host='www.reliableintl.co.in', port=443): Max retries exceeded with url: / (Caused by ConnectTimeoutError(<urllib3.connection.HTTPSConnection object at 0x111b2a350>, 'Connection to www.reliableintl.co.in timed out. (connect timeout=15)'))",2026-08-04T07:15:18.167116
http://uniqueairexpress.com/,Failed,Website does not appear to be a valid business website,2026-08-04T07:15:19.880848
http://www.prathamairexpress.com/,Success,Crawl completed,2026-08-04T07:15:27.360411
http://www.kathatlogistics.com/,Success,Crawl completed,2026-08-04T07:15:29.245279
https://www.falconcourier.org/,Success,Crawl completed,2026-08-04T07:15:34.660358
http://www.dtdc.com/,Failed,"HTTPConnectionPool(host='www.dtdc.com', port=80): Max retries exceeded with url: / (Caused by NewConnectionError('<urllib3.connection.HTTPConnection object at 0x10ae30550>: Failed to establish a new connection: [Errno 61] Connection refused'))",2026-08-04T07:15:34.938004
https://www.mcsxp.in/,Success,Crawl completed,2026-08-04T07:15:40.136202
http://islcourier.com/,Success,Crawl completed,2026-08-04T07:15:43.668481
http://speedexp.in/,Success,Crawl completed,2026-08-04T07:15:55.857113
http://www.indofine.in/,Failed,cannot access local variable 'title' where it is not associated with a value,2026-08-04T07:15:58.049260
https://a1-courier.grexa.site/,Success,Crawl completed,2026-08-04T07:16:00.125218
https://www.homepickupcourier.online/,Failed,Website does not appear to be a valid business website,2026-08-04T07:16:02.407021
https://www.jexpresscourier.com/,Failed,"HTTPSConnectionPool(host='www.jexpresscourier.com', port=443): Max retries exceeded with url: / (Caused by NameResolutionError(""<urllib3.connection.HTTPSConnection object at 0x10a9fe990>: Failed to resolve 'www.jexpresscourier.com' ([Errno 8] nodename nor servname provided, or not known)""))",2026-08-04T07:16:02.655855
https://wa.me/8303100100,Success,Crawl completed,2026-08-04T07:16:08.059502
https://nearby-courier.tpcindia.com/the-professional-couriers/branch-in-pune/branch-in-sb-road/the-professional-couriers-domestic-international-courier-services-in-sb-road-pune--c080a414-43ae-4fed-b58a-ec7da8154e98/home,Success,Crawl completed,2026-08-04T07:16:16.960036
https://nearme.shreemaruti.com/locator/pune/Shivajinagar/shree-maruti-courier-service-in-Shivajinagar-pune--6xqNdh/home,Success,Crawl completed,2026-08-04T07:16:26.313775
http://www.palandecourier.com/,Failed,"HTTPConnectionPool(host='www.palandecourier.com', port=80): Read timed out. (read timeout=15)",2026-08-04T07:17:11.889888
https://shreemaruti.com/,Success,Crawl completed,2026-08-04T07:17:15.917248
http://www.dtdc.in/,Failed,"HTTPConnectionPool(host='www.dtdc.in', port=80): Max retries exceeded with url: / (Caused by NewConnectionError('<urllib3.connection.HTTPConnection object at 0x11113b750>: Failed to establish a new connection: [Errno 61] Connection refused'))",2026-08-04T07:17:16.282877
http://www.dishaintl.com/,Success,Crawl completed,2026-08-04T07:17:19.364262
http://www.shreemaruticourier.com/,Success,Crawl completed,2026-08-04T07:17:23.051033
https://business.google.com/site/l/17045427135123074846?hl=en-GB,Failed,404 Client Error: Not Found for url: https://business.google.com/site/l/17045427135123074846?hl=en-GB,2026-08-04T07:17:25.667203
http://www.occpllogistics.com/,Failed,"HTTPConnectionPool(host='www.occpllogistics.com', port=80): Max retries exceeded with url: / (Caused by ConnectTimeoutError(<urllib3.connection.HTTPConnection object at 0x110d3ea50>, 'Connection to www.occpllogistics.com timed out. (connect timeout=15)'))",2026-08-04T07:18:10.989484
https://obnexpress.com/,Failed,"HTTPSConnectionPool(host='obnexpress.com', port=443): Max retries exceeded with url: / (Caused by ConnectTimeoutError(<urllib3.connection.HTTPSConnection object at 0x1122edf90>, 'Connection to obnexpress.com timed out. (connect timeout=15)'))",2026-08-04T07:18:56.166254
http://www.onslogistics.net/,Failed,"HTTPSConnectionPool(host='www.onslogistics.net', port=443): Max retries exceeded with url: / (Caused by SSLError(SSLCertVerificationError(1, '[SSL: CERTIFICATE_VERIFY_FAILED] certificate verify failed: certificate has expired (_ssl.c:1032)')))",2026-08-04T07:18:57.047640
http://www.parcel.indianrail.gov.in/,Success,Crawl completed,2026-08-04T07:18:58.205604
http://www.parcelbhejo.com/,Failed,"HTTPConnectionPool(host='www.parcelbhejo.com', port=80): Max retries exceeded with url: / (Caused by ConnectTimeoutError(<urllib3.connection.HTTPConnection object at 0x110d3d750>, 'Connection to www.parcelbhejo.com timed out. (connect timeout=15)'))",2026-08-04T07:19:43.507377
http://www.xpressbees.com/,Failed,Website does not appear to be a valid business website,2026-08-04T07:19:44.351036
http://shreemahavircourier.com/contact-us.aspx,Failed,"HTTPConnectionPool(host='shreemahavircourier.com', port=80): Max retries exceeded with url: /contact-us.aspx (Caused by ConnectTimeoutError(<urllib3.connection.HTTPConnection object at 0x10a7d7350>, 'Connection to shreemahavircourier.com timed out. (connect timeout=15)'))",2026-08-04T07:20:29.446242
https://www.garudavega.com/contact/aundh.php,Failed,403 Client Error: Forbidden for url: https://www.garudavega.com/contact/aundh.php,2026-08-04T07:20:30.567942
http://www.akashganga.info/,Success,Crawl completed,2026-08-04T07:20:37.620771
https://internationalcourierservice.org/,Failed,Website does not appear to be a valid business website,2026-08-04T07:20:50.137083
https://gatipvt.in/branch/pune,Failed,cannot access local variable 'title' where it is not associated with a value,2026-08-04T07:20:50.849548
http://www.shreenandancourier.com/,Failed,cannot access local variable 'title' where it is not associated with a value,2026-08-04T07:20:51.542063
http://www.onusoverseas.in/,Success,Crawl completed,2026-08-04T07:20:53.279420
https://www.atlanticcourier.net/,Success,Crawl completed,2026-08-04T07:20:57.405563
http://www.trackoncourier.com/,Failed,404 Client Error: Not Found for url: http://www.trackoncourier.com/,2026-08-04T07:20:58.126117
https://www.worldcourier.com/locations?utm_source=Uberall&utm_medium=organic&utm_term=&utm_content=Content&utm_campaign=Uberall,Success,Crawl completed,2026-08-04T07:21:03.143475
https://trackon-courier-service.grexa.site/,Success,Crawl completed,2026-08-04T07:21:05.736717
https://www.tejcouriers.com/,Success,Crawl completed,2026-08-04T07:21:07.629449
https://strivediservices.com/,Success,Crawl completed,2026-08-04T07:30:52.796689
http://www.planetcourier.in/,Success,Crawl completed,2026-08-04T07:30:56.108174
https://stardtd.com/,Success,Crawl completed,2026-08-04T07:31:02.149348
http://www.dtdc.com/,Failed,"HTTPConnectionPool(host='www.dtdc.com', port=80): Max retries exceeded with url: / (Caused by NewConnectionError('<urllib3.connection.HTTPConnection object at 0x110d3d350>: Failed to establish a new connection: [Errno 61] Connection refused'))",2026-08-04T07:31:02.744813
https://locations-in.express.dhl.com/courier-service-in-prahlad-nagar-ahmedabad-gujarat/home,Failed,Website does not appear to be a valid business website,2026-08-04T07:32:38.146014
https://www.reliableintl.co.in/,Failed,"HTTPSConnectionPool(host='www.reliableintl.co.in', port=443): Max retries exceeded with url: / (Caused by ConnectTimeoutError(<urllib3.connection.HTTPSConnection object at 0x1122ef9d0>, 'Connection to www.reliableintl.co.in timed out. (connect timeout=15)'))",2026-08-04T07:33:23.690770
http://www.jdic.in/,Failed,cannot access local variable 'title' where it is not associated with a value,2026-08-04T07:33:24.419306
https://samedaylogistics.in/,Failed,"HTTPSConnectionPool(host='samedaylogistics.in', port=443): Max retries exceeded with url: / (Caused by ConnectTimeoutError(<urllib3.connection.HTTPSConnection object at 0x10a4b1450>, 'Connection to samedaylogistics.in timed out. (connect timeout=15)'))",2026-08-04T07:34:09.651078
http://radhecourier.com/,Failed,"HTTPConnectionPool(host='radhecourier.com', port=80): Max retries exceeded with url: / (Caused by ConnectTimeoutError(<urllib3.connection.HTTPConnection object at 0x111ed9150>, 'Connection to radhecourier.com timed out. (connect timeout=15)'))",2026-08-04T07:34:54.955478
https://wa.me/918905879453?text=Hello%2C%20Hope%20you%20are%20doing%20well.%20Kindly%20share%20the%20following%20details%20to%20proceed%20with%20your%20courier%20booking%3A%0A%0A1.%20Shipment%20Delivery%20Pincode%3A%0A2.%20Shipment%20Delivery%20Address%3A%0A3.%20Approximate%20Weight%20of%20Shipment%20%28in%20kg%29%3A%0A4.%20What%20Is%20Inside%20The%20Shipment%3F%0A5.%20Mode%20Of%20Transportation%3A%20Air%20Or%20Road%0A%0AIf%20you%20have%20any%20inquiries%2C%20feel%20free%20to%20call%20us.,Success,Crawl completed,2026-08-04T07:35:02.127705
https://www.speedairglobal.com/,Failed,"HTTPSConnectionPool(host='www.speedairglobal.com', port=443): Max retries exceeded with url: / (Caused by ConnectTimeoutError(<urllib3.connection.HTTPSConnection object at 0x10a4b0f50>, 'Connection to www.speedairglobal.com timed out. (connect timeout=15)'))",2026-08-04T07:35:47.475524
https://mycourierworld.com/,Failed,Website does not appear to be a valid business website,2026-08-04T07:35:48.084489
https://www.asthacourier.com/,Success,Crawl completed,2026-08-04T07:35:51.056494
https://nearme.shreemaruti.com/locator/ahmedabad/Gandhi-Road/shree-maruti-courier-service-in-Gandhi-Road-ahmedabad--5N4Jdp/home,Success,Crawl completed,2026-08-04T07:36:03.308029
http://www.aksharcourier.com/,Success,Crawl completed,2026-08-04T07:36:09.292005
http://www.combinedcourier.com/,Failed,cannot access local variable 'title' where it is not associated with a value,2026-08-04T07:36:10.872621
https://www.patelcourier.in/,Success,Crawl completed,2026-08-04T07:37:01.472847
http://thedeltaexpress.com/,Failed,"HTTPConnectionPool(host='thedeltaexpress.com', port=80): Max retries exceeded with url: / (Caused by ConnectTimeoutError(<urllib3.connection.HTTPConnection object at 0x1109a7350>, 'Connection to thedeltaexpress.com timed out. (connect timeout=15)'))",2026-08-04T07:37:46.816752
https://primecourier.in/,Success,Crawl completed,2026-08-04T07:37:52.171450
http://www.shreejiairways.in/,Failed,Website does not appear to be a valid business website,2026-08-04T07:37:54.806026
http://www.anjanicourier.in/,Failed,cannot access local variable 'title' where it is not associated with a value,2026-08-04T07:37:55.187040
https://www.hindustanyellowpages.in/Ahmedabad/Siddhi-Courier-Services/Bapunagar,Success,Crawl completed,2026-08-04T07:43:12.143899
http://www.universalcourier.co.in/,Failed,"HTTPConnectionPool(host='www.universalcourier.co.in', port=80): Max retries exceeded with url: / (Caused by ConnectTimeoutError(<urllib3.connection.HTTPConnection object at 0x110d3d150>, 'Connection to www.universalcourier.co.in timed out. (connect timeout=15)'))",2026-08-04T07:43:57.689199
http://www.kasumbal.com/,Failed,Website does not appear to be a valid business website,2026-08-04T07:43:59.658880
http://www.yashaircourier.com/,Success,Crawl completed,2026-08-04T07:44:07.228963
https://aics.in/,Failed,"HTTPSConnectionPool(host='aics.in', port=443): Max retries exceeded with url: / (Caused by ConnectTimeoutError(<urllib3.connection.HTTPSConnection object at 0x10a8ba0d0>, 'Connection to aics.in timed out. (connect timeout=15)'))",2026-08-04T07:44:52.639912
http://www.hispeedinternationalcourier.com/,Failed,cannot access local variable 'title' where it is not associated with a value,2026-08-04T07:44:54.392405
http://chipsairexp.com/,Success,Crawl completed,2026-08-04T07:44:56.404600
https://stardoor2door.com/,Success,Crawl completed,2026-08-04T07:44:57.560527
https://patidarcouriers.com/,Success,Crawl completed,2026-08-04T07:45:05.091139
https://vanshinternationlc.wixsite.com/vanshinternational-1,Success,Crawl completed,2026-08-04T07:45:10.106930
http://shreemahavircourier.com/,Failed,"HTTPConnectionPool(host='shreemahavircourier.com', port=80): Max retries exceeded with url: / (Caused by ConnectTimeoutError(<urllib3.connection.HTTPConnection object at 0x10a7d6850>, 'Connection to shreemahavircourier.com timed out. (connect timeout=15)'))",2026-08-04T07:45:55.137779
https://www.appleexpress.in/,Success,Crawl completed,2026-08-04T07:45:58.933679
http://airfield.co.in/,Failed,Website does not appear to be a valid business website,2026-08-04T07:46:06.403353
http://shreenandancourier.com/,Failed,cannot access local variable 'title' where it is not associated with a value,2026-08-04T07:46:07.007536
https://web.mydtdc.in/?hubCode=AF1741,Failed,cannot access local variable 'title' where it is not associated with a value,2026-08-04T07:46:08.697307
http://dtdc.in/,Success,Crawl completed,2026-08-04T07:46:14.876100
http://www.sunlightinternational.in/,Success,Crawl completed,2026-08-04T07:46:17.351893
http://www.maahicourier.com/,Success,Crawl completed,2026-08-04T07:46:21.962668
https://www.vaishnavicourier.com/,Failed,"HTTPSConnectionPool(host='www.vaishnavicourier.com', port=443): Max retries exceeded with url: / (Caused by NameResolutionError(""<urllib3.connection.HTTPSConnection object at 0x10a8ba0d0>: Failed to resolve 'www.vaishnavicourier.com' ([Errno 8] nodename nor servname provided, or not known)""))",2026-08-04T07:46:22.115820
http://www.datexcargo.com/,Failed,cannot access local variable 'title' where it is not associated with a value,2026-08-04T07:46:24.249660
http://www.fastwaytravelworld.in/,Failed,cannot access local variable 'title' where it is not associated with a value,2026-08-04T07:46:26.907264
https://indianexpresscourier.net/,Success,Crawl completed,2026-08-04T07:46:28.060126
https://www.kpenterprises.co.in/,Success,Crawl completed,2026-08-04T07:46:29.164696
http://www.skyking.co/,Failed,"HTTPConnectionPool(host='www.skyking.co', port=80): Max retries exceeded with url: / (Caused by ConnectTimeoutError(<urllib3.connection.HTTPConnection object at 0x110d3e350>, 'Connection to www.skyking.co timed out. (connect timeout=15)'))",2026-08-04T07:47:14.427966
https://www.google.com/maps/contrib/111823263465459724968?hl=en-IN,Failed,Website does not appear to be a valid business website,2026-08-04T07:47:18.743550
http://online.patelcouriers.in/,Failed,cannot access local variable 'title' where it is not associated with a value,2026-08-04T07:47:19.761994
https://gatipvt.in/branch/ahmedabad,Failed,cannot access local variable 'title' where it is not associated with a value,2026-08-04T07:47:20.181916
http://www.edrcourier.com/,Failed,403 Client Error: Forbidden for url: http://www.edrcourier.com/,2026-08-04T07:47:20.840852
https://courier-services-all.grexa.site/,Success,Crawl completed,2026-08-04T07:47:22.690070
http://www.shaktistarintl.in/,Failed,"HTTPSConnectionPool(host='www.shaktistarintl.in', port=443): Max retries exceeded with url: / (Caused by SSLError(SSLCertVerificationError(1, ""[SSL: CERTIFICATE_VERIFY_FAILED] certificate verify failed: Hostname mismatch, certificate is not valid for 'www.shaktistarintl.in'. (_ssl.c:1032)"")))",2026-08-04T07:47:24.054151
https://stores.dtdc.com/dtdc-express-ltd-thaltej-ahmedabad-ahmedabad-west-courier-service-thaltej-ahmedabad-563463/Home?utm_source=locator&utm_medium=googleplaces,Success,Crawl completed,2026-08-04T07:47:31.972754
https://shreetirupaticourierservice.net/,Failed,"HTTPSConnectionPool(host='shreetirupaticourierservice.net', port=443): Max retries exceeded with url: / (Caused by NameResolutionError(""<urllib3.connection.HTTPSConnection object at 0x10a8ba210>: Failed to resolve 'shreetirupaticourierservice.net' ([Errno 8] nodename nor servname provided, or not known)""))",2026-08-04T07:47:32.197109
https://www.tpcindia.com/Default.aspx,Success,Crawl completed,2026-08-04T07:47:33.164610
http://www.dynamiccourier.in/,Success,Crawl completed,2026-08-04T07:47:38.369776
https://mablesworldwideexpress.com/,Success,Crawl completed,2026-08-04T07:54:28.676557
https://indianinternationalexpress.com/,Success,Crawl completed,2026-08-04T07:54:32.473949
https://pickmycourier.com/,Failed,Website does not appear to be a valid business website,2026-08-04T07:54:33.168791
https://www.siuslogistics.in/,Failed,Website does not appear to be a valid business website,2026-08-04T07:54:35.984632
https://locations-in.express.dhl.com/courier-service-in-kuppakonam-pudur-coimbatore-tamilnadu/home,Failed,Website does not appear to be a valid business website,2026-08-04T07:55:28.365216
https://oscarexpress.in/,Success,Crawl completed,2026-08-04T07:55:31.847207
https://vspinternationalcourier.com/,Success,Crawl completed,2026-08-04T07:55:35.823253
https://shipwithvel.com/,Failed,Website does not appear to be a valid business website,2026-08-04T07:55:37.417378
https://elbex.in/,Success,Crawl completed,2026-08-04T07:55:38.492199
http://dtdc.com/,Success,Crawl completed,2026-08-04T07:55:45.175469
https://www.shreemahavircourier.com/,Failed,"HTTPSConnectionPool(host='www.shreemahavircourier.com', port=443): Max retries exceeded with url: / (Caused by ConnectTimeoutError(<urllib3.connection.HTTPSConnection object at 0x10a8ba350>, 'Connection to www.shreemahavircourier.com timed out. (connect timeout=15)'))",2026-08-04T07:56:30.281484
http://www.akrexpress.com/,Failed,Website does not appear to be a valid business website,2026-08-04T07:56:38.576594
https://www.garudavega.com/contactus.php,Failed,403 Client Error: Forbidden for url: https://www.garudavega.com/contactus.php,2026-08-04T07:56:39.786254
http://www.dtdc.in/,Failed,"HTTPConnectionPool(host='www.dtdc.in', port=80): Max retries exceeded with url: / (Caused by NewConnectionError('<urllib3.connection.HTTPConnection object at 0x10ae33550>: Failed to establish a new connection: [Errno 61] Connection refused'))",2026-08-04T07:56:40.225057
http://www.connectom.net/,Success,Crawl completed,2026-08-04T07:56:43.433710
http://flamingorelocation.in/,Success,Crawl completed,2026-08-04T07:56:46.498821
http://www.sslexpress.in/,Success,Crawl completed,2026-08-04T07:56:54.210263
https://www.a1parcel.in/,Success,Crawl completed,2026-08-04T07:56:57.513290
https://stores.dtdc.com/dtdc-express-ltd-papanaickenpalayam-coimbatore-coimbatore-ro-courier-service-papanaickenpalayam-coimbatore-563679/Home?utm_source=locator&utm_medium=googleplaces,Success,Crawl completed,2026-08-04T07:57:03.530593
https://www.sarvamlogistics.com/,Success,Crawl completed,2026-08-04T07:57:05.131163
https://www.mrsspeedparcelservice.com/,Failed,Website does not appear to be a valid business website,2026-08-04T07:57:07.147262
http://www.iclexpress.in/,Success,Crawl completed,2026-08-04T07:57:12.380781
https://shiphit.com/international-courier-coimbatore,Failed,Website does not appear to be a valid business website,2026-08-04T07:57:15.523332
http://www.a1annapackers.in/,Success,Crawl completed,2026-08-04T07:57:29.256336
http://krs.co.in/,Success,Crawl completed,2026-08-04T07:57:32.738038
http://www.mjmexpress.in/,Failed,"HTTPConnectionPool(host='www.mjmexpress.in', port=80): Max retries exceeded with url: / (Caused by ConnectTimeoutError(<urllib3.connection.HTTPConnection object at 0x13f55d250>, 'Connection to www.mjmexpress.in timed out. (connect timeout=15)'))",2026-08-04T07:58:18.045496
http://www.metturtransports.com/,Success,Crawl completed,2026-08-04T07:58:24.105552
http://www.abtlogistics.com/,Failed,Website does not appear to be a valid business website,2026-08-04T07:58:24.498163
http://www.abtparcelservice.com/,Failed,Website does not appear to be a valid business website,2026-08-04T07:58:25.115811
https://aics.in/,Failed,"HTTPSConnectionPool(host='aics.in', port=443): Max retries exceeded with url: / (Caused by ConnectTimeoutError(<urllib3.connection.HTTPSConnection object at 0x1122ece10>, 'Connection to aics.in timed out. (connect timeout=15)'))",2026-08-04T08:06:03.996351
https://www.rachnacourier.net/tracking.php,Success,Crawl completed,2026-08-04T08:06:09.316292
https://www.cityinternational.in/,Success,Crawl completed,2026-08-04T08:06:10.357081
https://locations-in.express.dhl.com/courier-service-in-athwa-surat-gujarat/home,Failed,Website does not appear to be a valid business website,2026-08-04T08:07:43.527497
http://kesaricourier.com/,Failed,403 Client Error: Forbidden for url: http://kesaricourier.com/,2026-08-04T08:07:48.012537
https://chipsinternational.in/,Success,Crawl completed,2026-08-04T08:07:49.004527
https://www.mitint.net/,Success,Crawl completed,2026-08-04T08:08:06.638241
http://www.maahiparcel.com/,Failed,"HTTPConnectionPool(host='www.maahiparcel.com', port=80): Max retries exceeded with url: / (Caused by ConnectTimeoutError(<urllib3.connection.HTTPConnection object at 0x110d3f650>, 'Connection to www.maahiparcel.com timed out. (connect timeout=15)'))",2026-08-04T08:08:52.098321
https://siddhiinternationalcourier.com/,Success,Crawl completed,2026-08-04T08:08:55.477879
https://www.chachaparcel.com/#/,Success,Crawl completed,2026-08-04T08:08:57.175275
http://skyintl.in/,Success,Crawl completed,2026-08-04T08:09:01.616730
https://strivediservices.com/locations/surat,Success,Crawl completed,2026-08-04T08:09:04.475132
http://www.citycouriersurat.in/,Failed,"HTTPConnectionPool(host='www.citycouriersurat.in', port=80): Max retries exceeded with url: / (Caused by ConnectTimeoutError(<urllib3.connection.HTTPConnection object at 0x111138050>, 'Connection to www.citycouriersurat.in timed out. (connect timeout=15)'))",2026-08-04T08:09:50.179051
http://bhagwatiintl.in/,Success,Crawl completed,2026-08-04T08:09:51.499033
http://www.foxygologistics.com/,Failed,cannot access local variable 'title' where it is not associated with a value,2026-08-04T08:09:57.174289
http://www.satyamcouriers.com/,Failed,cannot access local variable 'title' where it is not associated with a value,2026-08-04T08:09:58.061052
http://www.dlightinternational.com/,Success,Crawl completed,2026-08-04T08:09:59.781641
http://shreenandancourier.com/,Failed,cannot access local variable 'title' where it is not associated with a value,2026-08-04T08:10:00.322951
https://www.brightparcel.com/,Success,Crawl completed,2026-08-04T08:10:10.773009
http://www.dtdc.in/,Failed,"HTTPConnectionPool(host='www.dtdc.in', port=80): Max retries exceeded with url: / (Caused by NewConnectionError('<urllib3.connection.HTTPConnection object at 0x10a4a9b50>: Failed to establish a new connection: [Errno 61] Connection refused'))",2026-08-04T08:10:11.203871
http://wa.me/6355207587,Success,Crawl completed,2026-08-04T08:10:16.882053
http://shreetirupaticourier.net/,Success,Crawl completed,2026-08-04T08:10:24.038361
http://www.eparcels.in/,Failed,"HTTPConnectionPool(host='www.eparcels.in', port=80): Max retries exceeded with url: / (Caused by NameResolutionError(""<urllib3.connection.HTTPConnection object at 0x110d3d350>: Failed to resolve 'www.eparcels.in' ([Errno 8] nodename nor servname provided, or not known)""))",2026-08-04T08:10:24.257152
http://www.speedexpost.com/,Success,Crawl completed,2026-08-04T08:10:27.020074
https://skyking.co/about-us,Failed,"HTTPSConnectionPool(host='skyking.co', port=443): Max retries exceeded with url: /about-us (Caused by ConnectTimeoutError(<urllib3.connection.HTTPSConnection object at 0x10a8b9e50>, 'Connection to skyking.co timed out. (connect timeout=15)'))",2026-08-04T08:11:12.217581
http://shreemahavircourier.com/pickup-request.aspx,Failed,"HTTPConnectionPool(host='shreemahavircourier.com', port=80): Max retries exceeded with url: /pickup-request.aspx (Caused by ConnectTimeoutError(<urllib3.connection.HTTPConnection object at 0x110d3fe50>, 'Connection to shreemahavircourier.com timed out. (connect timeout=15)'))",2026-08-04T08:11:57.256459
https://nearme.shreemaruti.com/locator/surat/Katargam-Road/shree-maruti-courier-service-in-Katargam-Road-surat--6iucq7/home,Success,Crawl completed,2026-08-04T08:12:05.834313
http://www.flyinternationcourier.in/,Failed,"HTTPConnectionPool(host='www.flyinternationcourier.in', port=80): Max retries exceeded with url: / (Caused by NameResolutionError(""<urllib3.connection.HTTPConnection object at 0x10a7d4950>: Failed to resolve 'www.flyinternationcourier.in' ([Errno 8] nodename nor servname provided, or not known)""))",2026-08-04T08:12:05.992511
http://www.xpressbees.com/,Failed,Website does not appear to be a valid business website,2026-08-04T08:12:06.562485
http://www.shreeanjani.co.in/,Failed,Website does not appear to be a valid business website,2026-08-04T08:12:10.263981
https://expressintl.in/,Success,Crawl completed,2026-08-04T08:12:12.994026
https://www.dtdc.com/,Success,Crawl completed,2026-08-04T08:12:17.719691
https://www.shreemahavircourier.in/,Failed,"HTTPSConnectionPool(host='www.shreemahavircourier.in', port=443): Max retries exceeded with url: / (Caused by ConnectTimeoutError(<urllib3.connection.HTTPSConnection object at 0x1122edf90>, 'Connection to www.shreemahavircourier.in timed out. (connect timeout=15)'))",2026-08-04T08:13:03.104031
https://www.swiftparcel.in/,Success,Crawl completed,2026-08-04T08:13:04.587655
https://sainx.in/,Failed,cannot access local variable 'title' where it is not associated with a value,2026-08-04T08:13:06.616042
https://www.delhivery.com/,Failed,Website does not appear to be a valid business website,2026-08-04T08:13:07.034178
https://trackon-courier-amroli.grexa.site/,Success,Crawl completed,2026-08-04T08:13:09.429883
http://www.zexpresscourier.com/contact.php,Failed,409 Client Error: Conflict for url: http://www.zexpresscourier.com/contact.php,2026-08-04T08:13:11.547383
https://marutiair.com/,Failed,"('Connection aborted.', ConnectionResetError(54, 'Connection reset by peer'))",2026-08-04T08:13:12.159835
https://bharatparcel.com/,Failed,cannot access local variable 'title' where it is not associated with a value,2026-08-04T08:13:14.655902
https://onpoint.in/,Failed,"HTTPSConnectionPool(host='onpoint.in', port=443): Max retries exceeded with url: / (Caused by SSLError(SSLCertVerificationError(1, '[SSL: CERTIFICATE_VERIFY_FAILED] certificate verify failed: unable to get local issuer certificate (_ssl.c:1032)')))",2026-08-04T08:22:41.639101
https://wa.link/ue08sh,Success,Crawl completed,2026-08-04T08:22:47.105770
https://www.wingscourierjaipur.com/,Failed,Website does not appear to be a valid business website,2026-08-04T08:22:47.877328
http://www.skyexpress.in/,Success,Crawl completed,2026-08-04T08:22:49.634783
https://www.weitprime.com/,Success,Crawl completed,2026-08-04T08:23:01.098791
https://reliableintl.co.in/,Failed,"HTTPSConnectionPool(host='reliableintl.co.in', port=443): Max retries exceeded with url: / (Caused by ConnectTimeoutError(<urllib3.connection.HTTPSConnection object at 0x1122ed6d0>, 'Connection to reliableintl.co.in timed out. (connect timeout=15)'))",2026-08-04T08:23:46.587582
http://neelgiriworldwide.com/,Failed,cannot access local variable 'title' where it is not associated with a value,2026-08-04T08:23:48.758045
https://locations-in.express.dhl.com/courier-service-in-ashok-nagar-jaipur-rajasthan/home,Failed,Website does not appear to be a valid business website,2026-08-04T08:25:22.756826
https://sites.google.com/view/salasarcourier/home,Failed,Website does not appear to be a valid business website,2026-08-04T08:25:24.068371
http://www.gkcourier.com/,Success,Crawl completed,2026-08-04T08:25:29.520937
http://www.dtdc.in/,Failed,"HTTPConnectionPool(host='www.dtdc.in', port=80): Max retries exceeded with url: / (Caused by NewConnectionError('<urllib3.connection.HTTPConnection object at 0x10ae30050>: Failed to establish a new connection: [Errno 61] Connection refused'))",2026-08-04T08:25:30.082576
http://www.dhl.co.in/,Failed,"HTTPSConnectionPool(host='www.dhl.com', port=443): Read timed out. (read timeout=15)",2026-08-04T08:26:16.780999
http://www.renwalcourier.com/,Failed,"HTTPConnectionPool(host='www.renwalcourier.com', port=80): Max retries exceeded with url: / (Caused by NameResolutionError(""<urllib3.connection.HTTPConnection object at 0x111138e50>: Failed to resolve 'www.renwalcourier.com' ([Errno 8] nodename nor servname provided, or not known)""))",2026-08-04T08:26:17.099274
http://www.shipindiasey.com/,Failed,"HTTPConnectionPool(host='www.shipindiasey.com', port=80): Max retries exceeded with url: / (Caused by ConnectTimeoutError(<urllib3.connection.HTTPConnection object at 0x111edb750>, 'Connection to www.shipindiasey.com timed out. (connect timeout=15)'))",2026-08-04T08:27:02.525961
https://www.dtdc.com/track-your-shipment/,Success,Crawl completed,2026-08-04T08:27:06.571832
https://indianexpresscouriers.com/,Success,Crawl completed,2026-08-04T08:27:07.597175
http://westexpresslogistics.com/,Success,Crawl completed,2026-08-04T08:27:08.619501
https://dkcourier.in/,Success,Crawl completed,2026-08-04T08:27:11.651572
http://www.bnlair.in/,Success,Crawl completed,2026-08-04T08:27:13.053060
http://www.internationalexp.com/,Failed,cannot access local variable 'title' where it is not associated with a value,2026-08-04T08:27:14.119525
http://airstarxpress.com/,Failed,cannot access local variable 'title' where it is not associated with a value,2026-08-04T08:27:16.561229
http://svgjpr.com/,Failed,"HTTPConnectionPool(host='svgjpr.com', port=80): Max retries exceeded with url: / (Caused by NameResolutionError(""<urllib3.connection.HTTPConnection object at 0x110d3eb50>: Failed to resolve 'svgjpr.com' ([Errno 8] nodename nor servname provided, or not known)""))",2026-08-04T08:27:16.992694
https://www.delhivery.com/,Failed,Website does not appear to be a valid business website,2026-08-04T08:27:17.462030
http://www.pushpakcourier.net/,Success,Crawl completed,2026-08-04T08:27:18.918486
https://stores.dtdc.com/dtdc-express-ltd-vaishali-nagar-jaipur-jaipur-nw-courier-service-vaishali-nagar-jaipur-563576/Home?utm_source=locator&utm_medium=googleplaces,Success,Crawl completed,2026-08-04T08:27:25.668325
http://www.tpcglobe.com/,Failed,"HTTPConnectionPool(host='www.tpcglobe.com', port=80): Max retries exceeded with url: / (Caused by ConnectTimeoutError(<urllib3.connection.HTTPConnection object at 0x110d3c750>, 'Connection to www.tpcglobe.com timed out. (connect timeout=15)'))",2026-08-04T08:28:10.767640
https://www.alkacourier.com/,Failed,cannot access local variable 'title' where it is not associated with a value,2026-08-04T08:28:13.523890
http://www.shreetirupaticourier.net/,Success,Crawl completed,2026-08-04T08:28:17.275925
https://nearme.shreemaruti.com/locator/jaipur/Jai-Aambe-nagar/shree-maruti-courier-service-in-Jai-Aambe-nagar-jaipur--3LGiyD/enquiry,Success,Crawl completed,2026-08-04T08:28:25.289093
http://shekhawaticourier.com/,Success,Crawl completed,2026-08-04T08:28:30.081079
http://agcgroup.in/,Success,Crawl completed,2026-08-04T08:28:32.012583
https://www.gxpresss.com/,Failed,"HTTPSConnectionPool(host='www.gxpresss.com', port=443): Max retries exceeded with url: / (Caused by ConnectTimeoutError(<urllib3.connection.HTTPSConnection object at 0x1122ec7d0>, 'Connection to www.gxpresss.com timed out. (connect timeout=15)'))",2026-08-04T08:29:17.365634
https://www.ups.com/content/in/en/contact/index.html?WT.svl=eFooter,Failed,"HTTPSConnectionPool(host='www.ups.com', port=443): Read timed out. (read timeout=15)",2026-08-04T08:30:02.959414
http://skyking.co/,Failed,"HTTPConnectionPool(host='skyking.co', port=80): Max retries exceeded with url: / (Caused by ConnectTimeoutError(<urllib3.connection.HTTPConnection object at 0x110d3ca50>, 'Connection to skyking.co timed out. (connect timeout=15)'))",2026-08-04T08:30:48.065781
http://www.madhurcouriers.in/,Failed,Website does not appear to be a valid business website,2026-08-04T08:30:49.689042
https://jsdl.in/DT-30ONJRYC6N5,Failed,Website does not appear to be a valid business website,2026-08-04T08:30:50.744380
http://www.sky.com/,Success,Crawl completed,2026-08-04T08:30:59.074209
http://trackoncourier.com/,Failed,404 Client Error: Not Found for url: http://trackoncourier.com/,2026-08-04T08:30:59.773452
http://courierchargesfor.com/,Success,Crawl completed,2026-08-04T08:31:08.872305
https://ecpm.in/,Failed,Website does not appear to be a valid business website,2026-08-04T08:31:10.537131
https://www.google.com/url?sa=t&source=web&rct=j&opi=89978449&url=https://www.dtdc.in/trace.asp&ved=2ahUKEwiJv77PzMWOAxX01jgGHdedMlsQFnoECAwQAQ&usg=AOvVaw2brodTEAK7Ve7_KcvcAY4G,Failed,Website does not appear to be a valid business website,2026-08-04T08:31:10.780530
http://flyking.in/,Success,Crawl completed,2026-08-04T08:31:12.824997
https://www.inexaergo.com/,Success,Crawl completed,2026-08-04T08:31:15.816675
http://www.syndicateindia.net/,Failed,"HTTPConnectionPool(host='www.syndicateindia.net', port=80): Max retries exceeded with url: / (Caused by NameResolutionError(""<urllib3.connection.HTTPConnection object at 0x10a7d7350>: Failed to resolve 'www.syndicateindia.net' ([Errno 8] nodename nor servname provided, or not known)""))",2026-08-04T08:31:40.441587
http://khubaniairpack.com/,Success,Crawl completed,2026-08-04T08:31:41.779758
https://suryakotiexpress.com/courier-service-in-vijay-nagar-indore-orbit-mall-branch/,Success,Crawl completed,2026-08-04T08:41:06.216841
https://locations-in.express.dhl.com/courier-service-in-snehnagar-indore-madhya-pradesh/home,Failed,Website does not appear to be a valid business website,2026-08-04T08:42:40.329700
http://www.garudavega.com/,Failed,403 Client Error: Forbidden for url: http://www.garudavega.com/,2026-08-04T08:42:40.998195
https://sk-courier-services.grexa.site/,Success,Crawl completed,2026-08-04T08:42:44.036162
http://www.dtdccouirerindore.in/,Failed,"HTTPConnectionPool(host='www.dtdccouirerindore.in', port=80): Max retries exceeded with url: / (Caused by NameResolutionError(""<urllib3.connection.HTTPConnection object at 0x10af3a050>: Failed to resolve 'www.dtdccouirerindore.in' ([Errno 8] nodename nor servname provided, or not known)""))",2026-08-04T08:42:44.296686
http://www.dtdc.in/,Failed,"HTTPConnectionPool(host='www.dtdc.in', port=80): Max retries exceeded with url: / (Caused by NewConnectionError('<urllib3.connection.HTTPConnection object at 0x10af3bd50>: Failed to establish a new connection: [Errno 61] Connection refused'))",2026-08-04T08:42:44.651361
https://wa.me/918602234338?text=Hello%20Courier%20Service,Success,Crawl completed,2026-08-04T08:42:51.596246
http://www.globalairexpress.com/,Success,Crawl completed,2026-08-04T08:42:56.621930
https://www.indiancouriercompany.com/,Failed,"HTTPSConnectionPool(host='www.indiancouriercompany.com', port=443): Max retries exceeded with url: / (Caused by ConnectTimeoutError(<urllib3.connection.HTTPSConnection object at 0x10a8ba0d0>, 'Connection to www.indiancouriercompany.com timed out. (connect timeout=15)'))",2026-08-04T08:43:41.920185
https://www.madhurcouriers.in/,Failed,Website does not appear to be a valid business website,2026-08-04T08:43:43.144607
http://www.trackoncourier.com/,Failed,404 Client Error: Not Found for url: http://www.trackoncourier.com/,2026-08-04T08:43:43.892750
https://delhiveryindore05-prog.github.io/paras-logistics/,Failed,Website does not appear to be a valid business website,2026-08-04T08:43:46.231616
https://www.weeple.in/,Success,Crawl completed,2026-08-04T08:43:51.177459
http://dhl.com/,Failed,"HTTPSConnectionPool(host='www.dhl.com', port=443): Read timed out. (read timeout=15)",2026-08-04T08:44:38.580580
http://www.dtdccorier.com/,Failed,"HTTPConnectionPool(host='www.dtdccorier.com', port=80): Max retries exceeded with url: / (Caused by NameResolutionError(""<urllib3.connection.HTTPConnection object at 0x10af3b250>: Failed to resolve 'www.dtdccorier.com' ([Errno 8] nodename nor servname provided, or not known)""))",2026-08-04T08:44:38.814385
http://www.dtdc.com/,Failed,"HTTPConnectionPool(host='www.dtdc.com', port=80): Max retries exceeded with url: / (Caused by NewConnectionError('<urllib3.connection.HTTPConnection object at 0x10a7d7b50>: Failed to establish a new connection: [Errno 61] Connection refused'))",2026-08-04T08:44:39.165702
https://www.delhivery.com/,Failed,Website does not appear to be a valid business website,2026-08-04T08:44:39.611805
http://shreemahavircourier.com/,Failed,"HTTPConnectionPool(host='shreemahavircourier.com', port=80): Max retries exceeded with url: / (Caused by ConnectTimeoutError(<urllib3.connection.HTTPConnection object at 0x10a7d7b50>, 'Connection to shreemahavircourier.com timed out. (connect timeout=15)'))",2026-08-04T08:45:24.710838
http://www.reliancecourier.in/,Failed,"HTTPConnectionPool(host='www.reliancecourier.in', port=80): Max retries exceeded with url: / (Caused by ConnectTimeoutError(<urllib3.connection.HTTPConnection object at 0x10ae30a50>, 'Connection to www.reliancecourier.in timed out. (connect timeout=15)'))",2026-08-04T08:46:10.096488
https://manjeetpackersindore.com/,Failed,Website does not appear to be a valid business website,2026-08-04T08:46:14.335595
http://www.bhawani-enterprises.in/,Failed,"HTTPConnectionPool(host='www.bhawani-enterprises.in', port=80): Max retries exceeded with url: / (Caused by ConnectTimeoutError(<urllib3.connection.HTTPConnection object at 0x10ae30a50>, 'Connection to www.bhawani-enterprises.in timed out. (connect timeout=15)'))",2026-08-04T08:46:59.696903
https://stores.dtdc.com/dtdc-express-ltd-jaora-compound-indore-jarora-compound-courier-service-jaora-compound-indore-563464/Home?utm_source=locator&utm_medium=googleplaces,Success,Crawl completed,2026-08-04T08:47:09.498826
http://skyking.co/,Failed,"HTTPConnectionPool(host='skyking.co', port=80): Max retries exceeded with url: / (Caused by ConnectTimeoutError(<urllib3.connection.HTTPConnection object at 0x10ae32b50>, 'Connection to skyking.co timed out. (connect timeout=15)'))",2026-08-04T08:47:54.602125
http://www.smexpresslogistics.com/,Failed,"HTTPConnectionPool(host='www.smexpresslogistics.com', port=80): Max retries exceeded with url: / (Caused by ConnectTimeoutError(<urllib3.connection.HTTPConnection object at 0x10af39450>, 'Connection to www.smexpresslogistics.com timed out. (connect timeout=15)'))",2026-08-04T08:48:40.024262
http://unitedtransport.co.in/,Success,Crawl completed,2026-08-04T08:48:43.503064
http://www.thepackersandmover.in/,Success,Crawl completed,2026-08-04T08:48:46.255987
http://www.mmlipl.in/,Failed,"HTTPConnectionPool(host='www.mmlipl.in', port=80): Max retries exceeded with url: / (Caused by ConnectTimeoutError(<urllib3.connection.HTTPConnection object at 0x10ae33550>, 'Connection to www.mmlipl.in timed out. (connect timeout=15)'))",2026-08-04T08:49:31.566459
http://www.shiftezyrelocation.com/,Failed,Website does not appear to be a valid business website,2026-08-04T08:49:33.490340
http://www.shreenandancourier.com/,Failed,cannot access local variable 'title' where it is not associated with a value,2026-08-04T08:49:33.952975
http://www.tashitransportpackersmovers.com/,Success,Crawl completed,2026-08-04T08:49:50.071863
https://www.kalkipackersandmovers.com/packers-and-movers-indore/,Success,Crawl completed,2026-08-04T08:49:57.055807
https://ghartak.in/,Failed,"HTTPSConnectionPool(host='ghartak.in', port=443): Max retries exceeded with url: / (Caused by NameResolutionError(""<urllib3.connection.HTTPSConnection object at 0x1122ec7d0>: Failed to resolve 'ghartak.in' ([Errno 8] nodename nor servname provided, or not known)""))",2026-08-04T08:49:57.274054
https://nearme.shreemaruti.com/shree-maruti/stores-in-indore/stores-in-Siyaganj/shree-maruti-courier-service-in-Siyaganj-indore--1zwIPH/home,Success,Crawl completed,2026-08-04T08:50:07.025949
http://www.rajratanbus.in/,Failed,cannot access local variable 'title' where it is not associated with a value,2026-08-04T08:50:08.021260
https://www.google.co.in/search?q=Ankit+enterprises&ludocid=10624041434424073889&lsig=AB86z5XLZ1upl3v_wbsSZqOtVqd8#wptab=s:H4sIAAAAAAAAAONgVuLVT9c3NCwwNMlNNkspfsRowS3w8sc9YSn9SWtOXmPU5OIKzsgvd80rySypFJLmYoOyBKX4uVB18uxi4vPJT07MCcjPDMjIL8kvXsQqn5iXnVmikJpXklpUUJRZnFqskJmXkl-UqlAAVgEA6gta538AAAA,Failed,cannot access local variable 'title' where it is not associated with a value,2026-08-04T08:50:12.309340
https://newwelcomepackers.in/,Failed,"HTTPSConnectionPool(host='newwelcomepackers.in', port=443): Max retries exceeded with url: / (Caused by NameResolutionError(""<urllib3.connection.HTTPSConnection object at 0x10a4b2990>: Failed to resolve 'newwelcomepackers.in' ([Errno 8] nodename nor servname provided, or not known)""))",2026-08-04T08:50:12.436651
http://pawanputra.in/,Success,Crawl completed,2026-08-04T08:50:23.282173
https://locations-in.express.dhl.com/courier-service-in-hazratganj-lucknow-uttar-pradesh/home,Failed,Website does not appear to be a valid business website,2026-08-04T08:57:48.517052
http://www.dtdc.in/,Failed,"HTTPConnectionPool(host='www.dtdc.in', port=80): Max retries exceeded with url: / (Caused by NewConnectionError('<urllib3.connection.HTTPConnection object at 0x10af39850>: Failed to establish a new connection: [Errno 61] Connection refused'))",2026-08-04T08:57:48.935459
https://nearme.shreemaruti.com/shree-maruti/lucknow/Naka-Hindola/shree-maruti-courier-service-in-Naka-Hindola-lucknow--xwJ87i/home,Success,Crawl completed,2026-08-04T08:57:57.475280
http://www.shreemaruti.com/,Success,Crawl completed,2026-08-04T08:58:03.732349
http://www.dtdc.com/,Failed,"HTTPConnectionPool(host='www.dtdc.com', port=80): Max retries exceeded with url: / (Caused by NewConnectionError('<urllib3.connection.HTTPConnection object at 0x10ae33550>: Failed to establish a new connection: [Errno 61] Connection refused'))",2026-08-04T08:58:04.120970
http://awasthitransport.co.in/,Success,Crawl completed,2026-08-04T08:58:07.670847
http://www.shreetirupaticourierservice.net/,Failed,"HTTPConnectionPool(host='www.shreetirupaticourierservice.net', port=80): Max retries exceeded with url: / (Caused by NameResolutionError(""<urllib3.connection.HTTPConnection object at 0x10af39f50>: Failed to resolve 'www.shreetirupaticourierservice.net' ([Errno 8] nodename nor servname provided, or not known)""))",2026-08-04T08:58:07.823233
https://www.tciexpress.in/,Success,Crawl completed,2026-08-04T08:58:09.948019
https://stores.dtdc.com/dtdc-express-ltd-mahanagar-lucknow-mahanagar-courier-service-mahanagar-lucknow-563529/Home?utm_source=locator&utm_medium=googleplaces,Success,Crawl completed,2026-08-04T08:58:15.089454
http://www.jetlinecouriers.in/,Success,Crawl completed,2026-08-04T08:58:16.795554
https://saitransportservices.in/,Success,Crawl completed,2026-08-04T08:58:21.412463
http://www.trackoncourier.com/,Failed,404 Client Error: Not Found for url: http://www.trackoncourier.com/,2026-08-04T08:58:21.865313
https://www.essess.info/?utm_source=google&utm_medium=wix_google_business_profile&utm_campaign=6263352532304371718,Failed,Website does not appear to be a valid business website,2026-08-04T08:58:28.050901
https://century-cargo.grexa.site/,Success,Crawl completed,2026-08-04T08:58:31.747392
https://www.ekartlogistics.com/,Failed,cannot access local variable 'title' where it is not associated with a value,2026-08-04T08:58:32.321553
http://www.awlindia.com/,Success,Crawl completed,2026-08-04T08:58:35.613816
http://www.akashganga.info/,Success,Crawl completed,2026-08-04T08:58:59.851132
http://www.trackoncouriers.in/,Failed,Website does not appear to be a valid business website,2026-08-04T08:59:00.836725
http://www.bestcourierfranchiseindia.in/,Failed,"HTTPConnectionPool(host='www.bestcourierfranchiseindia.in', port=80): Max retries exceeded with url: / (Caused by NameResolutionError(""<urllib3.connection.HTTPConnection object at 0x10af3a850>: Failed to resolve 'www.bestcourierfranchiseindia.in' ([Errno 8] nodename nor servname provided, or not known)""))",2026-08-04T08:59:00.977144
https://www.delhivery.com/,Failed,Website does not appear to be a valid business website,2026-08-04T08:59:01.285609
https://dmarineshipping.in/,Failed,"HTTPSConnectionPool(host='dmarineshipping.in', port=443): Max retries exceeded with url: / (Caused by NameResolutionError(""<urllib3.connection.HTTPSConnection object at 0x10a8bb4d0>: Failed to resolve 'dmarineshipping.in' ([Errno 8] nodename nor servname provided, or not known)""))",2026-08-04T08:59:01.402610
https://mrinternationalcourier.com/,Success,Crawl completed,2026-08-04T08:59:06.049597
https://www.goxpress.in/,Success,Crawl completed,2026-08-04T09:06:26.940118
https://courierworld.in/,Failed,"HTTPSConnectionPool(host='courierworld.in', port=443): Max retries exceeded with url: / (Caused by ConnectTimeoutError(<urllib3.connection.HTTPSConnection object at 0x10a8b91d0>, 'Connection to courierworld.in timed out. (connect timeout=15)'))",2026-08-04T09:07:12.129219
https://locations-in.express.dhl.com/courier-service-in-ernakulam-kochi-kerala/home,Failed,Website does not appear to be a valid business website,2026-08-04T09:08:45.046803
http://www.expresscok.com/,Failed,401 Client Error: Unauthorized for url: https://expresscok.com/,2026-08-04T09:08:51.974031
http://www.tradeandlogistic.com/,Failed,"HTTPConnectionPool(host='www.tradeandlogistic.com', port=80): Max retries exceeded with url: / (Caused by NameResolutionError(""<urllib3.connection.HTTPConnection object at 0x10ae32d50>: Failed to resolve 'www.tradeandlogistic.com' ([Errno 8] nodename nor servname provided, or not known)""))",2026-08-04T09:08:52.203473
https://www.garudavega.com/contact/service-center-palarivattom.php,Failed,403 Client Error: Forbidden for url: https://www.garudavega.com/contact/service-center-palarivattom.php,2026-08-04T09:08:53.236465
http://www.delhivery.com/,Failed,Website does not appear to be a valid business website,2026-08-04T09:08:53.695100
https://keralabusinesslist.com/intex-courier-cargo,Failed,"HTTPSConnectionPool(host='keralabusinesslist.com', port=443): Max retries exceeded with url: /intex-courier-cargo (Caused by SSLError(SSLCertVerificationError(1, '[SSL: CERTIFICATE_VERIFY_FAILED] certificate verify failed: self-signed certificate (_ssl.c:1032)')))",2026-08-04T09:08:54.326071
http://globalcourierandshipping.in/,Failed,"HTTPConnectionPool(host='globalcourierandshipping.in', port=80): Max retries exceeded with url: / (Caused by NameResolutionError(""<urllib3.connection.HTTPConnection object at 0x10af38750>: Failed to resolve 'globalcourierandshipping.in' ([Errno 8] nodename nor servname provided, or not known)""))",2026-08-04T09:08:54.448648
https://expressworldintl.com/,Success,Crawl completed,2026-08-04T09:08:56.111675
https://aironexp.com/,Success,Crawl completed,2026-08-04T09:08:56.937132
https://airwinch.in/,Failed,"HTTPSConnectionPool(host='airwinch.in', port=443): Max retries exceeded with url: / (Caused by ConnectTimeoutError(<urllib3.connection.HTTPSConnection object at 0x1122ec550>, 'Connection to airwinch.in timed out. (connect timeout=15)'))",2026-08-04T09:09:42.100157
https://vanakkamexpress.com/,Success,Crawl completed,2026-08-04T09:09:46.291477
http://dtdc.com/,Success,Crawl completed,2026-08-04T09:09:51.659304
http://www.nriexpress.in/,Success,Crawl completed,2026-08-04T09:09:55.986815
https://expresscourierservice.in/,Failed,"HTTPSConnectionPool(host='expresscourierservice.in', port=443): Max retries exceeded with url: / (Caused by ConnectTimeoutError(<urllib3.connection.HTTPSConnection object at 0x10a9ccf50>, 'Connection to expresscourierservice.in timed out. (connect timeout=15)'))",2026-08-04T09:10:41.168424
http://dtdc.in/,Failed,500 Server Error: Internal Server Error for url: https://www.dtdc.com,2026-08-04T09:10:42.970571
http://www.ups.com/,Failed,"HTTPSConnectionPool(host='www.ups.com', port=443): Read timed out. (read timeout=15)",2026-08-04T09:11:28.928643
http://tpcindia.com/,Failed,"HTTPConnectionPool(host='tpcindia.com', port=80): Max retries exceeded with url: / (Caused by ConnectTimeoutError(<urllib3.connection.HTTPConnection object at 0x110d3f750>, 'Connection to tpcindia.com timed out. (connect timeout=15)'))",2026-08-04T09:12:14.034498
http://www.atlanticcourier.net/,Success,Crawl completed,2026-08-04T09:12:17.842809
http://www.speedandsafe.com/,Failed,cannot access local variable 'title' where it is not associated with a value,2026-08-04T09:12:19.207448
https://stores.dtdc.com/dtdc-express-ltd-chernallur-cheranellore-cochin-ro-courier-service-chernallur-cheranellore-563663/Home?utm_source=locator&utm_medium=googleplaces,Success,Crawl completed,2026-08-04T09:12:25.373510
http://www.packship.in/,Failed,"HTTPConnectionPool(host='www.packship.in', port=80): Max retries exceeded with url: / (Caused by NameResolutionError(""<urllib3.connection.HTTPConnection object at 0x110d3e650>: Failed to resolve 'www.packship.in' ([Errno 8] nodename nor servname provided, or not known)""))",2026-08-04T09:12:25.521737
http://franchexpress.com/,Failed,403 Client Error: Forbidden for url: https://franchexpress.com/,2026-08-04T09:12:26.019789
http://www.tpcglobe.com/,Failed,"HTTPConnectionPool(host='www.tpcglobe.com', port=80): Max retries exceeded with url: / (Caused by ConnectTimeoutError(<urllib3.connection.HTTPConnection object at 0x10a4a9550>, 'Connection to www.tpcglobe.com timed out. (connect timeout=15)'))",2026-08-04T09:13:11.057836
https://nearme.shreemaruti.com/shree-maruti/stores-in-kochi/stores-in-Vyttila/shree-maruti-courier-service-in-Vyttila-kochi--76huRG/home,Success,Crawl completed,2026-08-04T09:13:21.903714
https://www.urbxworldwide.com/,Success,Crawl completed,2026-08-04T09:13:37.861918
https://www.icourier.in/,Failed,"HTTPSConnectionPool(host='www.icourier.in', port=443): Max retries exceeded with url: / (Caused by NameResolutionError(""<urllib3.connection.HTTPSConnection object at 0x10a9cfc50>: Failed to resolve 'www.icourier.in' ([Errno 8] nodename nor servname provided, or not known)""))",2026-08-04T09:13:37.982192
http://www.trackon.com/,Success,Crawl completed,2026-08-04T09:14:09.765539
http://srdlogistics.com/,Success,Crawl completed,2026-08-04T09:14:18.523298
http://www.elbex.in/,Success,Crawl completed,2026-08-04T09:14:19.935804
https://cslindia.net/,Success,Crawl completed,2026-08-04T09:14:43.374441
https://stcourier.com/,Success,Crawl completed,2026-08-04T09:14:46.094478
http://www.shreemaruticourier.com/,Success,Crawl completed,2026-08-04T09:14:51.160882
http://www.arcparcelservice.com/,Failed,403 Client Error: Forbidden for url: http://www.arcparcelservice.com/,2026-08-04T09:14:51.787112
https://locations-in.express.dhl.com/courier-service-in-dharampeth-nagpur-maharashtra/home,Failed,Website does not appear to be a valid business website,2026-08-04T09:23:14.568906
https://trackglobal.in/,Success,Crawl completed,2026-08-04T09:23:15.233150
http://www.dtdcchhaoni.co.in/,Failed,"HTTPConnectionPool(host='www.dtdcchhaoni.co.in', port=80): Max retries exceeded with url: / (Caused by NameResolutionError(""<urllib3.connection.HTTPConnection object at 0x111138d50>: Failed to resolve 'www.dtdcchhaoni.co.in' ([Errno 8] nodename nor servname provided, or not known)""))",2026-08-04T09:23:15.464693
https://www.dtdc.com/,Success,Crawl completed,2026-08-04T09:23:20.098690
https://dtexpress.co.in/,Success,Crawl completed,2026-08-04T09:23:23.992049
https://stores.dtdc.com/dtdc-express-ltd-dhantoli-nagpur-dhantoli-ccc-courier-service-dhantoli-nagpur-563478/Home?utm_source=locator&utm_medium=googleplaces,Success,Crawl completed,2026-08-04T09:23:29.678231
http://dtdc.in/,Success,Crawl completed,2026-08-04T09:23:35.202281
https://nearme.shreemaruti.com/locator/nagpur/Vivekanand-Nagar/shree-maruti-courier-service-in-Vivekanand-Nagar-nagpur--2dBWo4/home,Success,Crawl completed,2026-08-04T09:23:44.552844
http://www.shreemahavircourier.com/,Failed,"HTTPConnectionPool(host='www.shreemahavircourier.com', port=80): Max retries exceeded with url: / (Caused by ConnectTimeoutError(<urllib3.connection.HTTPConnection object at 0x111edac50>, 'Connection to www.shreemahavircourier.com timed out. (connect timeout=15)'))",2026-08-04T09:24:29.920183
https://daakghar.in/,Failed,Website does not appear to be a valid business website,2026-08-04T09:24:31.981068
http://www.garudavega.com/,Failed,403 Client Error: Forbidden for url: http://www.garudavega.com/,2026-08-04T09:24:32.505331
"http://www.cr.indianrailways.gov.in/view_section.jsp?lang=0&id=0,6,287,384,1766",Failed,"HTTPConnectionPool(host='www.cr.indianrailways.gov.in', port=80): Max retries exceeded with url: /view_section.jsp?lang=0&id=0,6,287,384,1766 (Caused by NewConnectionError('<urllib3.connection.HTTPConnection object at 0x111ed8550>: Failed to establish a new connection: [Errno 61] Connection refused'))",2026-08-04T09:24:32.839800
http://shreeanjani.co.in/,Failed,Website does not appear to be a valid business website,2026-08-04T09:24:34.779173
http://www.skyking.co/,Failed,"HTTPConnectionPool(host='www.skyking.co', port=80): Max retries exceeded with url: / (Caused by ConnectTimeoutError(<urllib3.connection.HTTPConnection object at 0x111139150>, 'Connection to www.skyking.co timed out. (connect timeout=15)'))",2026-08-04T09:25:20.065310
https://marutiair.com/,Failed,"('Connection aborted.', ConnectionResetError(54, 'Connection reset by peer'))",2026-08-04T09:25:20.480399
https://shree-anjani-148285.grexa.site/,Success,Crawl completed,2026-08-04T09:25:23.010450
http://www.shreenandancourier.com/,Failed,cannot access local variable 'title' where it is not associated with a value,2026-08-04T09:25:23.418413
https://www.relocatepackersandmovers.com/,Success,Crawl completed,2026-08-04T09:25:28.978508
https://vrlgroup.in/vrl_logistics_service.aspx,Failed,404 Client Error: Not Found for url: https://vrlgroup.in/vrl_logistics_service.aspx,2026-08-04T09:25:29.471604
https://maxmailcourier.com/,Success,Crawl completed,2026-08-04T09:25:32.709286
https://iclexpress.in/,Success,Crawl completed,2026-08-04T09:25:36.636695
https://www.saharapackersmovers.in/,Success,Crawl completed,2026-08-04T09:25:39.250991
https://www.tejcouriers.com/shipment-tracking.php,Success,Crawl completed,2026-08-04T09:25:40.888295
http://www.fastlogisticscargo.com/,Failed,"HTTPConnectionPool(host='www.fastlogisticscargo.com', port=80): Max retries exceeded with url: / (Caused by ConnectTimeoutError(<urllib3.connection.HTTPConnection object at 0x110d3fe50>, 'Connection to www.fastlogisticscargo.com timed out. (connect timeout=15)'))",2026-08-04T09:26:26.138902
https://www.google.com/maps/contrib/108877984571557081744?hl=en-IN,Failed,Website does not appear to be a valid business website,2026-08-04T09:26:30.401024
http://www.warehousingexpress.com/,Success,Crawl completed,2026-08-04T09:36:49.815284
http://www.eaglelogistics.in/,Failed,"HTTPConnectionPool(host='www.eaglelogistics.in', port=80): Max retries exceeded with url: / (Caused by ConnectTimeoutError(<urllib3.connection.HTTPConnection object at 0x11113b250>, 'Connection to www.eaglelogistics.in timed out. (connect timeout=15)'))",2026-08-04T09:37:35.192777
https://vxpress.in/?utm_source=store_locator&utm_medium=brand_website,Failed,"HTTPSConnectionPool(host='vxpress.in', port=443): Max retries exceeded with url: /?utm_source=store_locator&utm_medium=brand_website (Caused by ConnectTimeoutError(<urllib3.connection.HTTPSConnection object at 0x1122ecf50>, 'Connection to vxpress.in timed out. (connect timeout=15)'))",2026-08-04T09:38:20.334267
http://smexpresslogistics.com/,Failed,"HTTPConnectionPool(host='smexpresslogistics.com', port=80): Max retries exceeded with url: / (Caused by ConnectTimeoutError(<urllib3.connection.HTTPConnection object at 0x111ed9050>, 'Connection to smexpresslogistics.com timed out. (connect timeout=15)'))",2026-08-04T09:39:05.426205
http://www.expluslogistics.com/,Success,Crawl completed,2026-08-04T09:39:15.720537
https://renukainternationalcourier.in/,Success,Crawl completed,2026-08-04T09:39:19.846758
http://www.beyondreachlogistics.in/,Success,Crawl completed,2026-08-04T09:39:25.525461
https://vegaexpress.net/,Failed,"HTTPSConnectionPool(host='vegaexpress.net', port=443): Max retries exceeded with url: / (Caused by ConnectTimeoutError(<urllib3.connection.HTTPSConnection object at 0x1129dce10>, 'Connection to vegaexpress.net timed out. (connect timeout=15)'))",2026-08-04T09:40:10.831105
http://www.cargotokerala.com/,Failed,"HTTPConnectionPool(host='www.cargotokerala.com', port=80): Max retries exceeded with url: / (Caused by NewConnectionError('<urllib3.connection.HTTPConnection object at 0x111ed8f50>: Failed to establish a new connection: [Errno 61] Connection refused'))",2026-08-04T09:40:11.347365
https://srt-logistics.grexa.site/,Success,Crawl completed,2026-08-04T09:40:13.582690
http://www.orbitexpress.in/,Failed,"HTTPConnectionPool(host='www.orbitexpress.in', port=80): Max retries exceeded with url: / (Caused by ConnectTimeoutError(<urllib3.connection.HTTPConnection object at 0x111eda750>, 'Connection to www.orbitexpress.in timed out. (connect timeout=15)'))",2026-08-04T09:40:59.199206
https://www.ssdexpresalogistics.com/,Failed,"HTTPSConnectionPool(host='www.ssdexpresalogistics.com', port=443): Max retries exceeded with url: / (Caused by NameResolutionError(""<urllib3.connection.HTTPSConnection object at 0x10a8b8190>: Failed to resolve 'www.ssdexpresalogistics.com' ([Errno 8] nodename nor servname provided, or not known)""))",2026-08-04T09:40:59.450499
https://ezlogistics.in/,Failed,"HTTPSConnectionPool(host='ezlogistics.in', port=443): Max retries exceeded with url: / (Caused by ConnectTimeoutError(<urllib3.connection.HTTPSConnection object at 0x1129ddbd0>, 'Connection to ezlogistics.in timed out. (connect timeout=15)'))",2026-08-04T09:41:44.625908
http://www.nipponexpress.com/,Success,Crawl completed,2026-08-04T09:41:49.336087
https://leonorapackersmovers.com/,Success,Crawl completed,2026-08-04T09:42:00.948255
http://www.hellmann.com/,Failed,"HTTPSConnectionPool(host='www.hellmann.com', port=443): Max retries exceeded with url: / (Caused by SSLError(SSLCertVerificationError(1, '[SSL: CERTIFICATE_VERIFY_FAILED] certificate verify failed: unable to get local issuer certificate (_ssl.c:1032)')))",2026-08-04T09:42:03.910481
http://www.tciexpress.in/,Success,Crawl completed,2026-08-04T09:42:07.214686
http://www.movizy.in/,Success,Crawl completed,2026-08-04T09:42:12.866522
https://globecourier.in/,Failed,cannot access local variable 'title' where it is not associated with a value,2026-08-04T09:42:13.839514
http://avirise.com/,Success,Crawl completed,2026-08-04T09:42:23.705645
http://www.eswn.in/,Success,Crawl completed,2026-08-04T09:42:26.027003
https://www.professionalpackersbangalore.com/,Success,Crawl completed,2026-08-04T09:42:35.413653
https://www.omexpresspackersandmovers.com/,Failed,"HTTPSConnectionPool(host='www.omexpresspackersandmovers.com', port=443): Max retries exceeded with url: / (Caused by ConnectTimeoutError(<urllib3.connection.HTTPSConnection object at 0x1122efb10>, 'Connection to www.omexpresspackersandmovers.com timed out. (connect timeout=15)'))",2026-08-04T09:43:20.761511
http://www.markexpress.co.in/,Failed,"HTTPConnectionPool(host='www.markexpress.co.in', port=80): Max retries exceeded with url: / (Caused by ConnectTimeoutError(<urllib3.connection.HTTPConnection object at 0x111138d50>, 'Connection to www.markexpress.co.in timed out. (connect timeout=15)'))",2026-08-04T09:44:05.999563
https://moveasylogistics.com/,Success,Crawl completed,2026-08-04T09:44:08.725626
https://safepackersmovers.co.in/about/,Success,Crawl completed,2026-08-04T09:44:13.032325
http://www.mnccourierservices.com/,Success,Crawl completed,2026-08-04T09:44:16.986092
http://gouplogistics.in/,Failed,"HTTPConnectionPool(host='gouplogistics.in', port=80): Max retries exceeded with url: / (Caused by NameResolutionError(""<urllib3.connection.HTTPConnection object at 0x110d3c750>: Failed to resolve 'gouplogistics.in' ([Errno 8] nodename nor servname provided, or not known)""))",2026-08-04T09:44:17.091577
https://www.reliableintl.co.in/,Failed,"HTTPSConnectionPool(host='www.reliableintl.co.in', port=443): Max retries exceeded with url: / (Caused by ConnectTimeoutError(<urllib3.connection.HTTPSConnection object at 0x10a8b96d0>, 'Connection to www.reliableintl.co.in timed out. (connect timeout=15)'))",2026-08-04T09:45:02.519204
http://shivamexpresslogistics.in/,Success,Crawl completed,2026-08-04T09:45:03.202926
http://www.flyexpressinternationalcourierservices.com/,Failed,"HTTPConnectionPool(host='www.flyexpressinternationalcourierservices.com', port=80): Max retries exceeded with url: / (Caused by NameResolutionError(""<urllib3.connection.HTTPConnection object at 0x110d3fe50>: Failed to resolve 'www.flyexpressinternationalcourierservices.com' ([Errno 8] nodename nor servname provided, or not known)""))",2026-08-04T09:45:03.397230
http://www.slvcourier.com/,Success,Crawl completed,2026-08-04T09:45:09.311150
https://locations-in.express.dhl.com/courier-service-in-ashok-nagar-bengaluru-karnataka/home,Failed,Website does not appear to be a valid business website,2026-08-04T09:45:57.507612
https://play.google.com/store/apps/details?id=search.find.lorries.invite.transporter.add.lorries.deliveries.codenicely.search.vahak&hl=en_IN,Success,Crawl completed,2026-08-04T09:46:07.886657
http://www.kabaexpress.com/,Failed,"HTTPConnectionPool(host='www.kabaexpress.com', port=80): Max retries exceeded with url: / (Caused by ConnectTimeoutError(<urllib3.connection.HTTPConnection object at 0x10a4a8a50>, 'Connection to www.kabaexpress.com timed out. (connect timeout=15)'))",2026-08-04T09:46:53.394534
http://www.tridevexpress.com/,Success,Crawl completed,2026-08-04T09:46:56.501284
https://gccexpressinternationalcourier.com/,Success,Crawl completed,2026-08-04T09:47:53.134757
http://shipzy.in/,Failed,"HTTPConnectionPool(host='shipzy.in', port=80): Max retries exceeded with url: / (Caused by ConnectTimeoutError(<urllib3.connection.HTTPConnection object at 0x10a4a9b50>, 'Connection to shipzy.in timed out. (connect timeout=15)'))",2026-08-04T09:48:38.390660
https://akrexpress.com/,Failed,Website does not appear to be a valid business website,2026-08-04T09:48:43.555746
https://www.dhl.in/,Failed,"HTTPSConnectionPool(host='www.dhl.in', port=443): Read timed out. (read timeout=15)",2026-08-04T09:49:29.478239
http://www.capitaltransport.in/,Failed,"HTTPConnectionPool(host='www.capitaltransport.in', port=80): Max retries exceeded with url: / (Caused by ConnectTimeoutError(<urllib3.connection.HTTPConnection object at 0x110d3d150>, 'Connection to www.capitaltransport.in timed out. (connect timeout=15)'))",2026-08-04T09:50:14.818062
https://www.criticalog.com/,Success,Crawl completed,2026-08-04T09:50:21.766282
http://www.gmsworldwide.com/,Success,Crawl completed,2026-08-04T09:50:24.130192
https://www.globemoving.net/,Success,Crawl completed,2026-08-04T09:50:36.859079
https://www.rohlig.com/offices/asia/india/?utm_source=uberall&utm_medium=profile,Success,Crawl completed,2026-08-04T09:50:39.408741
http://shreerakshacourierandcargo.in/,Failed,"HTTPConnectionPool(host='shreerakshacourierandcargo.in', port=80): Max retries exceeded with url: / (Caused by NameResolutionError(""<urllib3.connection.HTTPConnection object at 0x10a4ab150>: Failed to resolve 'shreerakshacourierandcargo.in' ([Errno 8] nodename nor servname provided, or not known)""))",2026-08-04T09:50:39.555261
https://ecomexpress.in/,Failed,"HTTPSConnectionPool(host='ecomexpress.in', port=443): Max retries exceeded with url: / (Caused by SSLError(SSLCertVerificationError(1, '[SSL: CERTIFICATE_VERIFY_FAILED] certificate verify failed: certificate has expired (_ssl.c:1032)')))",2026-08-04T09:50:40.108338
https://dtdcnearme.com/,Failed,"HTTPSConnectionPool(host='dtdcnearme.com', port=443): Max retries exceeded with url: / (Caused by NameResolutionError(""<urllib3.connection.HTTPSConnection object at 0x1129dc2d0>: Failed to resolve 'dtdcnearme.com' ([Errno 8] nodename nor servname provided, or not known)""))",2026-08-04T09:50:43.128653
http://www.courierpoint.com/,Failed,Website does not appear to be a valid business website,2026-08-04T09:50:59.075897
https://homeshiftmovers.com/,Failed,"HTTPSConnectionPool(host='homeshiftmovers.com', port=443): Max retries exceeded with url: / (Caused by SSLError(SSLError(1, '[SSL: TLSV1_ALERT_INTERNAL_ERROR] tlsv1 alert internal error (_ssl.c:1032)')))",2026-08-04T09:50:59.789362
https://www.delhivery.com/direct/app/,Failed,cannot access local variable 'title' where it is not associated with a value,2026-08-04T09:51:00.212875
https://www.franchexpress.com/,Failed,403 Client Error: Forbidden for url: https://www.franchexpress.com/,2026-08-04T09:51:00.558274
http://www.shreemahavircourier.com/,Failed,"HTTPConnectionPool(host='www.shreemahavircourier.com', port=80): Max retries exceeded with url: / (Caused by ConnectTimeoutError(<urllib3.connection.HTTPConnection object at 0x10a4ab250>, 'Connection to www.shreemahavircourier.com timed out. (connect timeout=15)'))",2026-08-04T09:51:45.579936
http://moveabox.in/,Success,Crawl completed,2026-08-04T09:51:49.495089
http://www.dtdc.com/,Failed,"HTTPConnectionPool(host='www.dtdc.com', port=80): Max retries exceeded with url: / (Caused by NewConnectionError('<urllib3.connection.HTTPConnection object at 0x10ae33550>: Failed to establish a new connection: [Errno 61] Connection refused'))",2026-08-04T09:51:49.761048
https://exglogistics.com/,Success,Crawl completed,2026-08-04T10:00:07.077131
https://in.inxpress.com/,Success,Crawl completed,2026-08-04T10:00:10.091309
http://els-india.com/,Success,Crawl completed,2026-08-04T10:00:11.745178
https://www.aeindia.co.in/,Success,Crawl completed,2026-08-04T10:00:16.192974
http://www.expresskargo.in/contact.html,Failed,cannot access local variable 'title' where it is not associated with a value,2026-08-04T10:00:18.538693
https://www.ctsexpress.co.in/,Success,Crawl completed,2026-08-04T10:00:28.509587
http://easternexpress.in/,Failed,cannot access local variable 'title' where it is not associated with a value,2026-08-04T10:00:32.053320
http://indexlogistics.com/,Failed,cannot access local variable 'title' where it is not associated with a value,2026-08-04T10:00:34.474992
http://www.webxpress.in/,Failed,"HTTPConnectionPool(host='www.webxpress.in', port=80): Max retries exceeded with url: / (Caused by NameResolutionError(""<urllib3.connection.HTTPConnection object at 0x10a7d6850>: Failed to resolve 'www.webxpress.in' ([Errno 8] nodename nor servname provided, or not known)""))",2026-08-04T10:00:34.666694
https://paceexp.com/,Success,Crawl completed,2026-08-04T10:00:42.000956
http://centralexp.com/,Failed,cannot access local variable 'title' where it is not associated with a value,2026-08-04T10:00:42.644827
http://megaexpresslogistics.com/,Success,Crawl completed,2026-08-04T10:00:47.239818
https://vxpress.in/?utm_source=store_locator&utm_medium=brand_website,Failed,"HTTPSConnectionPool(host='vxpress.in', port=443): Max retries exceeded with url: /?utm_source=store_locator&utm_medium=brand_website (Caused by ConnectTimeoutError(<urllib3.connection.HTTPSConnection object at 0x1129dd950>, 'Connection to vxpress.in timed out. (connect timeout=15)'))",2026-08-04T10:01:32.352212
http://www.urlsafe.in/,Success,Crawl completed,2026-08-04T10:01:39.448392
http://www.myexpresshub.com/,Success,Crawl completed,2026-08-04T10:01:42.919439
http://www.efsindia.in/,Failed,"HTTPSConnectionPool(host='www.efsindia.in', port=443): Max retries exceeded with url: / (Caused by SSLError(SSLCertVerificationError(1, ""[SSL: CERTIFICATE_VERIFY_FAILED] certificate verify failed: Hostname mismatch, certificate is not valid for 'www.efsindia.in'. (_ssl.c:1032)"")))",2026-08-04T10:02:43.744477
http://www.speedexlogistics.net/,Success,Crawl completed,2026-08-04T10:02:45.230235
http://www.emirateslogistics.net/,Failed,"HTTPConnectionPool(host='www.emirateslogistics.net', port=80): Max retries exceeded with url: / (Caused by ConnectTimeoutError(<urllib3.connection.HTTPConnection object at 0x13fdbb550>, 'Connection to www.emirateslogistics.net timed out. (connect timeout=15)'))",2026-08-04T10:03:30.575196
http://www.teamglobal.in/,Failed,"HTTPSConnectionPool(host='teamglobal.in', port=443): Max retries exceeded with url: / (Caused by SSLError(SSLCertVerificationError(1, '[SSL: CERTIFICATE_VERIFY_FAILED] certificate verify failed: unable to get local issuer certificate (_ssl.c:1032)')))",2026-08-04T10:03:31.446414
http://omturanth.com/,Success,Crawl completed,2026-08-04T10:04:09.659334
http://www.globalexpresslogistic.com/,Success,Crawl completed,2026-08-04T10:04:11.148508
https://divinusexpress.com/,Failed,"HTTPSConnectionPool(host='divinusexpress.com', port=443): Max retries exceeded with url: / (Caused by ConnectTimeoutError(<urllib3.connection.HTTPSConnection object at 0x1129dd310>, 'Connection to divinusexpress.com timed out. (connect timeout=15)'))",2026-08-04T10:04:56.432283
http://cargolink.in/,Success,Crawl completed,2026-08-04T10:04:59.272573
http://www.originexpress.com/,Success,Crawl completed,2026-08-04T10:05:18.795489
https://logistians.in/,Success,Crawl completed,2026-08-04T10:05:19.586955
https://citinetwork.co.in/courier-services/,Failed,"HTTPSConnectionPool(host='citinetwork.co.in', port=443): Max retries exceeded with url: /courier-services/ (Caused by NameResolutionError(""<urllib3.connection.HTTPSConnection object at 0x10a4b2990>: Failed to resolve 'citinetwork.co.in' ([Errno 8] nodename nor servname provided, or not known)""))",2026-08-04T10:05:19.732696
http://www.jaguarship.com/,Success,Crawl completed,2026-08-04T10:05:23.496682
http://www.concordeexpress.com/,Success,Crawl completed,2026-08-04T10:05:24.705267
https://www.starexpressindia.com/,Success,Crawl completed,2026-08-04T10:05:30.808852
https://skexpresscourier.com/,Failed,"HTTPSConnectionPool(host='skexpresscourier.com', port=443): Read timed out. (read timeout=15)",2026-08-04T10:06:16.756697
http://bondslogistics.com/,Success,Crawl completed,2026-08-04T10:06:18.187639
https://www.ssgloballog.in/,Success,Crawl completed,2026-08-04T10:06:19.596990
https://sonaliexpressworldwide.com/,Failed,"HTTPSConnectionPool(host='sonaliexpressworldwide.com', port=443): Max retries exceeded with url: / (Caused by ConnectTimeoutError(<urllib3.connection.HTTPSConnection object at 0x1129dd090>, 'Connection to sonaliexpressworldwide.com timed out. (connect timeout=15)'))",2026-08-04T10:07:04.904859
http://www.smdexpresslogistics.com/,Failed,Website does not appear to be a valid business website,2026-08-04T10:07:05.360917
https://expressworldwidecourier.com/,Failed,"HTTPSConnectionPool(host='expressworldwidecourier.com', port=443): Max retries exceeded with url: / (Caused by ConnectTimeoutError(<urllib3.connection.HTTPSConnection object at 0x10a4b3610>, 'Connection to expressworldwidecourier.com timed out. (connect timeout=15)'))",2026-08-04T10:07:50.692397
https://airborneinternational.in/,Success,Crawl completed,2026-08-04T10:07:55.043285
http://expressair.in/,Failed,Website does not appear to be a valid business website,2026-08-04T10:08:03.693128
https://kimayaexpress.com/,Success,Crawl completed,2026-08-04T10:08:06.958725
http://www.ewfcpl.com/,Failed,Website does not appear to be a valid business website,2026-08-04T10:08:10.061703
https://www.mexpresscargo.com/,Failed,"HTTPSConnectionPool(host='www.mexpresscargo.com', port=443): Max retries exceeded with url: / (Caused by ConnectTimeoutError(<urllib3.connection.HTTPSConnection object at 0x1129dd090>, 'Connection to www.mexpresscargo.com timed out. (connect timeout=15)'))",2026-08-04T10:09:10.975674
http://shipkar.co.in/,Success,Crawl completed,2026-08-04T10:09:12.908857
https://www.cargosafeexpress.com/,Success,Crawl completed,2026-08-04T10:09:16.972749
http://uniqueairfreight.com/,Success,Crawl completed,2026-08-04T10:09:24.325910
https://nilsiexpress.in/,Failed,"HTTPSConnectionPool(host='nilsiexpress.in', port=443): Max retries exceeded with url: / (Caused by ConnectTimeoutError(<urllib3.connection.HTTPSConnection object at 0x10a8ba210>, 'Connection to nilsiexpress.in timed out. (connect timeout=15)'))",2026-08-04T10:10:09.522383
https://iwayexx.in/,Success,Crawl completed,2026-08-04T10:10:13.796833
https://overseasairfreight.com/,Success,Crawl completed,2026-08-04T10:10:18.234321
https://vighnaharta-express.grexa.site/,Success,Crawl completed,2026-08-04T10:10:20.489550
http://indianexpcargo.com/,Success,Crawl completed,2026-08-04T10:10:43.855107
http://www.geetagroup.com/,Success,Crawl completed,2026-08-04T10:11:49.365360
https://mydhl.express.dhl/in/en/home.html#/createNewShipmentTab,Success,Crawl completed,2026-08-04T10:11:52.420760
http://www.pannest.com/,Success,Crawl completed,2026-08-04T10:11:53.936636
https://www.vamaship.com/?utm_source=google&utm_medium=wix_google_business_profile&utm_campaign=7045410507830594541,Success,Crawl completed,2026-08-04T10:12:00.985458
http://www.speedtekexpress.com/,Failed,500 Server Error: Internal Server Error for url: http://www.speedtekexpress.com/,2026-08-04T10:12:04.044992
http://www.rogersworldwideindia.com/,Success,Crawl completed,2026-08-04T10:12:08.453523
https://bk-xpress-cargo.grexa.site/,Success,Crawl completed,2026-08-04T10:12:11.036768
https://jplogisticsservices.com/,Success,Crawl completed,2026-08-04T10:12:15.624555
https://www.toplogistics.in/?utm_source=gmb_listing&utm_medium=organic,Success,Crawl completed,2026-08-04T10:12:20.666847
http://rcsexpresscourier.com/,Failed,"HTTPConnectionPool(host='rcsexpresscourier.com', port=80): Max retries exceeded with url: / (Caused by NameResolutionError(""<urllib3.connection.HTTPConnection object at 0x10a7d7350>: Failed to resolve 'rcsexpresscourier.com' ([Errno 8] nodename nor servname provided, or not known)""))",2026-08-04T10:12:20.908167
http://www.ups.com/,Failed,"HTTPSConnectionPool(host='www.ups.com', port=443): Read timed out. (read timeout=15)",2026-08-04T10:13:06.777248
http://www.airwingsindia.com/,Success,Crawl completed,2026-08-04T10:13:08.506071
http://expressfreight.in/,Success,Crawl completed,2026-08-04T10:13:12.474928
https://starindiatl.in/,Success,Crawl completed,2026-08-04T10:13:14.866198
https://www.timeexpress.in/,Success,Crawl completed,2026-08-04T10:14:15.407493
http://xpressway.in/about-us.html,Failed,"not enough values to unpack (expected 2, got 1)",2026-08-04T10:14:17.028814
http://xpeed.aiom.in/,Failed,cannot access local variable 'title' where it is not associated with a value,2026-08-04T10:23:02.751045
http://www.expresscargoovers.in/,Failed,"HTTPConnectionPool(host='www.expresscargoovers.in', port=80): Max retries exceeded with url: / (Caused by NameResolutionError(""<urllib3.connection.HTTPConnection object at 0x11113a450>: Failed to resolve 'www.expresscargoovers.in' ([Errno 8] nodename nor servname provided, or not known)""))",2026-08-04T10:23:02.926064
http://www.prdlogisticsindia.com/,Success,Crawl completed,2026-08-04T10:23:10.406072
http://reinforcelogistics.com/,Success,Crawl completed,2026-08-04T10:23:12.956809
https://www.emiratesshippings.com/,Failed,"HTTPSConnectionPool(host='www.emiratesshippings.com', port=443): Max retries exceeded with url: / (Caused by ConnectTimeoutError(<urllib3.connection.HTTPSConnection object at 0x10a8b8910>, 'Connection to www.emiratesshippings.com timed out. (connect timeout=15)'))",2026-08-04T10:23:58.274772
http://zipex.co.in/,Success,Crawl completed,2026-08-04T10:24:04.918496
https://vxpress.in/?utm_source=store_locator&utm_medium=brand_website,Failed,"HTTPSConnectionPool(host='vxpress.in', port=443): Max retries exceeded with url: /?utm_source=store_locator&utm_medium=brand_website (Caused by ConnectTimeoutError(<urllib3.connection.HTTPSConnection object at 0x10a8bb4d0>, 'Connection to vxpress.in timed out. (connect timeout=15)'))",2026-08-04T10:24:50.023400
http://www.sansgloballogistics.in/,Success,Crawl completed,2026-08-04T10:24:52.929100
https://cherishlogistics.in/,Failed,"HTTPSConnectionPool(host='cherishlogistics.in', port=443): Max retries exceeded with url: / (Caused by NameResolutionError(""<urllib3.connection.HTTPSConnection object at 0x10a4b3250>: Failed to resolve 'cherishlogistics.in' ([Errno 8] nodename nor servname provided, or not known)""))",2026-08-04T10:24:53.064348
https://www.expresslogistic.in/,Success,Crawl completed,2026-08-04T10:24:57.007423
https://gaintlogistic.com/,Success,Crawl completed,2026-08-04T10:24:59.288829
http://www.joylogis.com/,Failed,"HTTPConnectionPool(host='www.joylogis.com', port=80): Max retries exceeded with url: / (Caused by ConnectTimeoutError(<urllib3.connection.HTTPConnection object at 0x10ae32e50>, 'Connection to www.joylogis.com timed out. (connect timeout=15)'))",2026-08-04T10:25:44.632967
http://www.ntllogistics.com/,Failed,"HTTPConnectionPool(host='www.ntllogistics.com', port=80): Max retries exceeded with url: / (Caused by ConnectTimeoutError(<urllib3.connection.HTTPConnection object at 0x10ae33250>, 'Connection to www.ntllogistics.com timed out. (connect timeout=15)'))",2026-08-04T10:26:30.043094
http://www.impexlogistics.co.in/,Success,Crawl completed,2026-08-04T10:26:32.715302
http://www.efsindia.in/,Failed,"HTTPSConnectionPool(host='www.efsindia.in', port=443): Max retries exceeded with url: / (Caused by SSLError(SSLCertVerificationError(1, ""[SSL: CERTIFICATE_VERIFY_FAILED] certificate verify failed: Hostname mismatch, certificate is not valid for 'www.efsindia.in'. (_ssl.c:1032)"")))",2026-08-04T10:27:33.150454
http://www.sflsolutions.com/,Success,Crawl completed,2026-08-04T10:27:34.276249
http://www.logitrust.in/,Failed,"HTTPSConnectionPool(host='www.logitrust.in', port=443): Max retries exceeded with url: / (Caused by SSLError(SSLCertVerificationError(1, ""[SSL: CERTIFICATE_VERIFY_FAILED] certificate verify failed: Hostname mismatch, certificate is not valid for 'www.logitrust.in'. (_ssl.c:1032)"")))",2026-08-04T10:27:38.727362
https://www.hlpl.co.in/,Success,Crawl completed,2026-08-04T10:27:40.953818
http://www.cglindia.net/,Success,Crawl completed,2026-08-04T10:27:42.961209
https://www.swiftlinefreight.com/,Success,Crawl completed,2026-08-04T10:27:44.650490
https://relocationexpress.in/,Failed,"HTTPSConnectionPool(host='relocationexpress.in', port=443): Max retries exceeded with url: / (Caused by ConnectTimeoutError(<urllib3.connection.HTTPSConnection object at 0x1129df4d0>, 'Connection to relocationexpress.in timed out. (connect timeout=15)'))",2026-08-04T10:28:29.855921
http://abslogistics.in/,Success,Crawl completed,2026-08-04T10:28:37.049396
http://www.dharmrajlogistics.com/,Failed,503 Server Error: Service Unavailable for url: http://www.dharmrajlogistics.com/,2026-08-04T10:28:37.780760
http://prologisfreight.com/,Failed,Website does not appear to be a valid business website,2026-08-04T10:28:39.021431
http://hnclogistics.in/,Failed,"HTTPConnectionPool(host='hnclogistics.in', port=80): Max retries exceeded with url: / (Caused by ConnectTimeoutError(<urllib3.connection.HTTPConnection object at 0x10a7d4950>, 'Connection to hnclogistics.in timed out. (connect timeout=15)'))",2026-08-04T10:29:24.247231
http://www.axpresslogistics.com/,Failed,Website does not appear to be a valid business website,2026-08-04T10:29:28.269375
https://www.delhimodi.in/,Success,Crawl completed,2026-08-04T10:29:32.603118
http://www.gsicargo.com/,Success,Crawl completed,2026-08-04T10:29:41.139575
http://www.amexlogistics.in/,Failed,"HTTPConnectionPool(host='www.amexlogistics.in', port=80): Max retries exceeded with url: / (Caused by ConnectTimeoutError(<urllib3.connection.HTTPConnection object at 0x10ae30a50>, 'Connection to www.amexlogistics.in timed out. (connect timeout=15)'))",2026-08-04T10:30:26.366672
http://www.tigerlogistics.in/,Success,Crawl completed,2026-08-04T10:30:30.376278
http://www.tridevexpress.com/index_9.aspx,Failed,404 Client Error: Not Found for url: https://www.tridevexpress.com/index_9.aspx,2026-08-04T10:30:31.028198
http://www.ojhagroups.com/,Failed,cannot access local variable 'title' where it is not associated with a value,2026-08-04T10:30:36.613086
https://dimerco.com/global-logistics-network/india-freight-forwarder/,Success,Crawl completed,2026-08-04T10:30:50.120252
https://globallogisticsworld.in/,Success,Crawl completed,2026-08-04T10:30:59.329894
https://thedflgroup.com/,Success,Crawl completed,2026-08-04T10:31:02.974113
https://meointernationallogistics.com/,Success,Crawl completed,2026-08-04T10:31:05.326789
http://pacexpress.net/,Failed,"HTTPConnectionPool(host='pacexpress.net', port=80): Max retries exceeded with url: / (Caused by ConnectTimeoutError(<urllib3.connection.HTTPConnection object at 0x110d3fd50>, 'Connection to pacexpress.net timed out. (connect timeout=15)'))",2026-08-04T10:31:50.638459
https://locations-in.express.dhl.com/courier-service-in-okhla-industrial-estate-new-delhi-delhi/home,Failed,Website does not appear to be a valid business website,2026-08-04T10:33:23.482455
http://www.signetexpress.com/,Failed,Website does not appear to be a valid business website,2026-08-04T10:33:28.490794
https://www.mehtatransportcorporations.com/,Failed,"HTTPSConnectionPool(host='www.mehtatransportcorporations.com', port=443): Max retries exceeded with url: / (Caused by ConnectTimeoutError(<urllib3.connection.HTTPSConnection object at 0x1129dd6d0>, 'Connection to www.mehtatransportcorporations.com timed out. (connect timeout=15)'))",2026-08-04T10:34:13.881262
https://anytimeexpress.in/,Failed,Website does not appear to be a valid business website,2026-08-04T10:34:18.327216
http://roadload.in/,Success,Crawl completed,2026-08-04T10:34:20.659906
https://www.sparklogistic.com/,Success,Crawl completed,2026-08-04T10:34:24.839553
https://www.safexpress.com/,Failed,cannot access local variable 'title' where it is not associated with a value,2026-08-04T10:34:25.761993
http://www.dtscargo.com/,Failed,Website does not appear to be a valid business website,2026-08-04T10:34:34.619613
https://www.lotuslogistics.in/,Success,Crawl completed,2026-08-04T10:34:43.772874
http://www.jetsealogistics.com/,Success,Crawl completed,2026-08-04T10:34:45.520711
https://www.bdginternational.in/,Success,Crawl completed,2026-08-04T10:34:56.940301
https://bhadotri.com/,Failed,"HTTPSConnectionPool(host='bhadotri.com', port=443): Max retries exceeded with url: / (Caused by ConnectTimeoutError(<urllib3.connection.HTTPSConnection object at 0x1129dead0>, 'Connection to bhadotri.com timed out. (connect timeout=15)'))",2026-08-04T10:35:42.322175
https://www.aajscm.com/warehouses/delhi,Failed,"HTTPSConnectionPool(host='www.aajscm.com', port=443): Max retries exceeded with url: /warehouses/delhi (Caused by ConnectTimeoutError(<urllib3.connection.HTTPSConnection object at 0x1129dccd0>, 'Connection to www.aajscm.com timed out. (connect timeout=15)'))",2026-08-04T10:36:27.740898
https://afm.net.in/,Success,Crawl completed,2026-08-04T10:36:31.317361
http://www.relayexpress.in/,Success,Crawl completed,2026-08-04T10:36:34.542695
http://expresscouriers.in/,Success,Crawl completed,2026-08-04T10:36:35.653335
https://www.shipitexpress.in/,Success,Crawl completed,2026-08-04T10:36:44.528384
http://www.expressroadways.in/,Success,Crawl completed,2026-08-04T10:37:28.411172
https://www.freightlogistics.co.in/,Failed,Website does not appear to be a valid business website,2026-08-04T10:37:33.251923
https://wa.me/9649919930,Success,Crawl completed,2026-08-04T10:37:38.311674
http://amexpackers.com/packers-movers-delhi.html,Failed,"HTTPConnectionPool(host='amexpackers.com', port=80): Max retries exceeded with url: /packers-movers-delhi.html (Caused by ConnectTimeoutError(<urllib3.connection.HTTPConnection object at 0x10a4aa550>, 'Connection to amexpackers.com timed out. (connect timeout=15)'))",2026-08-04T10:38:23.609930
https://indiaexpressmovers.in/,Failed,"HTTPSConnectionPool(host='indiaexpressmovers.in', port=443): Max retries exceeded with url: / (Caused by NameResolutionError(""<urllib3.connection.HTTPSConnection object at 0x1129dc190>: Failed to resolve 'indiaexpressmovers.in' ([Errno 8] nodename nor servname provided, or not known)""))",2026-08-04T10:38:23.740440
http://kerlinxpress.wordpress.com/,Success,Crawl completed,2026-08-04T10:38:26.928303
http://www.axpresslogistics.com/,Failed,Website does not appear to be a valid business website,2026-08-04T10:45:05.869817
https://worldindiaexpress.com/,Failed,"HTTPSConnectionPool(host='worldindiaexpress.com', port=443): Max retries exceeded with url: / (Caused by ConnectTimeoutError(<urllib3.connection.HTTPSConnection object at 0x1129de710>, 'Connection to worldindiaexpress.com timed out. (connect timeout=15)'))",2026-08-04T10:45:51.391330
http://www.synergy-express.com/,Success,Crawl completed,2026-08-04T10:45:58.394497
http://www.sallogistics.com/,Success,Crawl completed,2026-08-04T10:46:42.299658
https://suntekaxpress.in/,Failed,"HTTPSConnectionPool(host='suntekaxpress.in', port=443): Max retries exceeded with url: / (Caused by ConnectTimeoutError(<urllib3.connection.HTTPSConnection object at 0x1129dc910>, 'Connection to suntekaxpress.in timed out. (connect timeout=15)'))",2026-08-04T10:47:27.479213
https://www.qxpress.net/,Failed,Website does not appear to be a valid business website,2026-08-04T10:47:31.778821
https://anantlogistics.com/,Success,Crawl completed,2026-08-04T10:47:44.871294
http://www.vikaslogistics.in/,Failed,Website does not appear to be a valid business website,2026-08-04T10:47:49.180965
http://xclpl.com/,Success,Crawl completed,2026-08-04T10:48:47.147592
https://www.google.co.in/intl/en/about/products?tab=lh,Success,Crawl completed,2026-08-04T10:48:52.704170
http://www.speedairlogistics.com/,Failed,Exceeded 30 redirects.,2026-08-04T10:49:11.323660
http://www.nagwan.net/,Success,Crawl completed,2026-08-04T10:49:16.900498
https://vxpress.in/?utm_source=store_locator&utm_medium=brand_website,Failed,"HTTPSConnectionPool(host='vxpress.in', port=443): Max retries exceeded with url: /?utm_source=store_locator&utm_medium=brand_website (Caused by ConnectTimeoutError(<urllib3.connection.HTTPSConnection object at 0x111ca3c50>, 'Connection to vxpress.in timed out. (connect timeout=15)'))",2026-08-04T10:50:02.092356
https://roadexpressfreight.com/,Failed,Website does not appear to be a valid business website,2026-08-04T10:50:02.550138
http://www.nplworldwideexpress.com/,Success,Crawl completed,2026-08-04T10:50:04.835339
https://mmlogisticindia.com/,Failed,403 Client Error: Forbidden for url: https://mmlogisticindia.com/,2026-08-04T10:50:05.517960
http://jsdi.al/pkqt8,Failed,"HTTPSConnectionPool(host='vpsexpresslogisticsgurgaonkherkidaula.justdial.com', port=443): Max retries exceeded with url: /?mode=preview&token=OWUwY2EyNDYtYzE2Yy0xMWU5LTgwNTUtZTA5Nzk2MGJjMzljKl4q (Caused by NameResolutionError(""<urllib3.connection.HTTPSConnection object at 0x1129defd0>: Failed to resolve 'vpsexpresslogisticsgurgaonkherkidaula.justdial.com' ([Errno 8] nodename nor servname provided, or not known)""))",2026-08-04T10:50:06.323197
https://smodernlogistics.blogspot.com/,Success,Crawl completed,2026-08-04T10:50:09.857519
https://www.tciexpress.in/,Success,Crawl completed,2026-08-04T10:50:12.198598
http://www.globallogisticmovers.com/,Failed,"HTTPConnectionPool(host='www.globallogisticmovers.com', port=80): Max retries exceeded with url: / (Caused by NameResolutionError(""<urllib3.connection.HTTPConnection object at 0x111138d50>: Failed to resolve 'www.globallogisticmovers.com' ([Errno 8] nodename nor servname provided, or not known)""))",2026-08-04T10:50:12.413047
http://www.asrglobal.com/,Success,Crawl completed,2026-08-04T10:50:20.954392
https://locations-in.express.dhl.com/courier-service-in-sector-20-gurugram-haryana/home,Failed,Website does not appear to be a valid business website,2026-08-04T10:51:53.704856
https://www.safexpress.com/,Failed,cannot access local variable 'title' where it is not associated with a value,2026-08-04T10:51:54.859941
https://etranslogistics.in/gurgaon-transport-haryana,Failed,"HTTPSConnectionPool(host='etranslogistics.in', port=443): Max retries exceeded with url: /gurgaon-transport-haryana (Caused by ConnectTimeoutError(<urllib3.connection.HTTPSConnection object at 0x140027d90>, 'Connection to etranslogistics.in timed out. (connect timeout=15)'))",2026-08-04T10:52:40.060955
https://expresspackersmovers.co.in/,Success,Crawl completed,2026-08-04T10:52:44.755763
http://www.greenexc.com/,Failed,Website does not appear to be a valid business website,2026-08-04T10:52:47.987362
http://www.expeditors.com/,Success,Crawl completed,2026-08-04T10:52:56.825836
http://reliableintl.co.in/,Failed,"HTTPConnectionPool(host='reliableintl.co.in', port=80): Max retries exceeded with url: / (Caused by ConnectTimeoutError(<urllib3.connection.HTTPConnection object at 0x110d3c050>, 'Connection to reliableintl.co.in timed out. (connect timeout=15)'))",2026-08-04T10:53:42.204533
https://universalelogistics.com/,Failed,"HTTPSConnectionPool(host='universalelogistics.com', port=443): Max retries exceeded with url: / (Caused by SSLError(SSLCertVerificationError(1, '[SSL: CERTIFICATE_VERIFY_FAILED] certificate verify failed: certificate has expired (_ssl.c:1032)')))",2026-08-04T10:53:42.805738
https://ecomexpress.in/,Failed,"HTTPSConnectionPool(host='ecomexpress.in', port=443): Max retries exceeded with url: / (Caused by SSLError(SSLCertVerificationError(1, '[SSL: CERTIFICATE_VERIFY_FAILED] certificate verify failed: certificate has expired (_ssl.c:1032)')))",2026-08-04T10:53:43.297081
http://www.hellmann.com/,Failed,"HTTPSConnectionPool(host='www.hellmann.com', port=443): Max retries exceeded with url: / (Caused by SSLError(SSLCertVerificationError(1, '[SSL: CERTIFICATE_VERIFY_FAILED] certificate verify failed: unable to get local issuer certificate (_ssl.c:1032)')))",2026-08-04T10:53:45.982074
https://www.ilslogistics.in/,Success,Crawl completed,2026-08-04T10:53:51.753301
https://www.accuratelogistics.co/,Success,Crawl completed,2026-08-04T10:53:52.480652
https://sklpackersmovers.com/,Success,Crawl completed,2026-08-04T10:53:56.827538
http://www.cargoyaan.com/,Success,Crawl completed,2026-08-04T10:54:05.480191
https://gaticargopackerandmovers.in/,Success,Crawl completed,2026-08-04T10:54:09.047982
https://www.kerryindevexpress.com/track.aspx,Failed,Website does not appear to be a valid business website,2026-08-04T10:54:10.181378
http://www.sagarairexpress.com/,Failed,Website does not appear to be a valid business website,2026-08-04T10:54:12.930130
http://www.amexlogistics.in/,Failed,"HTTPConnectionPool(host='www.amexlogistics.in', port=80): Max retries exceeded with url: / (Caused by ConnectTimeoutError(<urllib3.connection.HTTPConnection object at 0x110d3d150>, 'Connection to www.amexlogistics.in timed out. (connect timeout=15)'))",2026-08-04T10:54:58.159045
https://ethicsexpress.com/,Success,Crawl completed,2026-08-04T10:54:59.965065
http://www.skylarkexpressdelhi.com/,Success,Crawl completed,2026-08-04T10:55:01.895421
https://vrlgroup.in/vrl_logistics_service.aspx,Failed,404 Client Error: Not Found for url: https://vrlgroup.in/vrl_logistics_service.aspx,2026-08-04T10:55:02.441265
https://www.trukky.com/delhi-transport-services?utm_source=Google&utm_medium=google-listing&utm_campaign=delhi-transporter&utm_term=truck,Success,Crawl completed,2026-08-04T10:55:07.532515
http://ompackersandlogistics.in/,Failed,"HTTPConnectionPool(host='ompackersandlogistics.in', port=80): Max retries exceeded with url: / (Caused by ConnectTimeoutError(<urllib3.connection.HTTPConnection object at 0x110d3ea50>, 'Connection to ompackersandlogistics.in timed out. (connect timeout=15)'))",2026-08-04T10:55:52.746513
http://www.expresspackerswithmover.in/,Failed,"HTTPConnectionPool(host='www.expresspackerswithmover.in', port=80): Max retries exceeded with url: / (Caused by NameResolutionError(""<urllib3.connection.HTTPConnection object at 0x11113b250>: Failed to resolve 'www.expresspackerswithmover.in' ([Errno 8] nodename nor servname provided, or not known)""))",2026-08-04T10:55:52.916588
https://www.pickrr.com/,Success,Crawl completed,2026-08-04T10:55:55.214426
http://www.unitedworldwideexpress.com/,Success,Crawl completed,2026-08-04T10:55:56.247044
http://translinkindia.com/,Success,Crawl completed,2026-08-04T10:56:00.692848
http://www.bharatcartransport.com/,Success,Crawl completed,2026-08-04T10:56:06.512572
https://www.delhivery.com/solutions/personal-courier,Failed,Website does not appear to be a valid business website,2026-08-04T10:56:06.831648
http://www.decandartexpress.com/,Failed,"HTTPConnectionPool(host='www.decandartexpress.com', port=80): Max retries exceeded with url: / (Caused by ConnectTimeoutError(<urllib3.connection.HTTPConnection object at 0x111eda950>, 'Connection to www.decandartexpress.com timed out. (connect timeout=15)'))",2026-08-04T10:56:52.232874
http://movin.in/,Success,Crawl completed,2026-08-04T10:57:39.586779
http://amexpackers.com/packers-movers-delhi.html,Failed,"HTTPConnectionPool(host='amexpackers.com', port=80): Max retries exceeded with url: /packers-movers-delhi.html (Caused by ConnectTimeoutError(<urllib3.connection.HTTPConnection object at 0x10a4ab250>, 'Connection to amexpackers.com timed out. (connect timeout=15)'))",2026-08-04T10:58:24.739161
http://www.omlogistics.co.in/,Failed,"HTTPConnectionPool(host='www.omlogistics.co.in', port=80): Max retries exceeded with url: / (Caused by ConnectTimeoutError(<urllib3.connection.HTTPConnection object at 0x10a7d7b50>, 'Connection to www.omlogistics.co.in timed out. (connect timeout=15)'))",2026-08-04T10:59:10.107200
https://pathwayslogistics.com/,Failed,cannot access local variable 'title' where it is not associated with a value,2026-08-04T10:59:11.716674
https://vxpress.in/?utm_source=store_locator&utm_medium=brand_website,Failed,"HTTPSConnectionPool(host='vxpress.in', port=443): Max retries exceeded with url: /?utm_source=store_locator&utm_medium=brand_website (Caused by ConnectTimeoutError(<urllib3.connection.HTTPSConnection object at 0x1122ecf50>, 'Connection to vxpress.in timed out. (connect timeout=15)'))",2026-08-04T11:03:50.148679
https://www.vewexpress.com/,Failed,"HTTPSConnectionPool(host='www.vewexpress.com', port=443): Max retries exceeded with url: / (Caused by ConnectTimeoutError(<urllib3.connection.HTTPSConnection object at 0x1122efed0>, 'Connection to www.vewexpress.com timed out. (connect timeout=15)'))",2026-08-04T11:04:35.589370
https://www.warehousingexpress.com/warehousing-logistics-storage-services-noida,Success,Crawl completed,2026-08-04T11:06:22.211630
https://www.speditionindia.com/,Failed,"HTTPSConnectionPool(host='www.speditionindia.com', port=443): Max retries exceeded with url: / (Caused by ConnectTimeoutError(<urllib3.connection.HTTPSConnection object at 0x1122ed810>, 'Connection to www.speditionindia.com timed out. (connect timeout=15)'))",2026-08-04T11:07:07.828203
https://speedexpresshub.com/,Failed,"HTTPSConnectionPool(host='speedexpresshub.com', port=443): Max retries exceeded with url: / (Caused by ConnectTimeoutError(<urllib3.connection.HTTPSConnection object at 0x1122ed950>, 'Connection to speedexpresshub.com timed out. (connect timeout=15)'))",2026-08-04T11:07:53.145931
https://indiaexpressmovers.in/,Failed,"HTTPSConnectionPool(host='indiaexpressmovers.in', port=443): Max retries exceeded with url: / (Caused by NameResolutionError(""<urllib3.connection.HTTPSConnection object at 0x1122ed590>: Failed to resolve 'indiaexpressmovers.in' ([Errno 8] nodename nor servname provided, or not known)""))",2026-08-04T11:07:53.297476
https://jdmultiexpress.godaddysites.com/,Failed,Website does not appear to be a valid business website,2026-08-04T11:07:55.663584
http://www.noidapackerservice.in/,Success,Crawl completed,2026-08-04T11:07:58.597083
http://www.expedite-world.com/,Success,Crawl completed,2026-08-04T11:08:03.913367
https://locations-in.express.dhl.com/courier-service-in-sector-62-noida-uttar-pradesh/home,Failed,Website does not appear to be a valid business website,2026-08-04T11:09:37.042837
https://www.maxlogisticpackers.com/,Success,Crawl completed,2026-08-04T11:09:41.297810
http://trimurtifreight.com/,Success,Crawl completed,2026-08-04T11:09:45.124938
https://www.expresscargopackersmovers.in/,Failed,"HTTPSConnectionPool(host='www.expresscargopackersmovers.in', port=443): Max retries exceeded with url: / (Caused by NameResolutionError(""<urllib3.connection.HTTPSConnection object at 0x140024410>: Failed to resolve 'www.expresscargopackersmovers.in' ([Errno 8] nodename nor servname provided, or not known)""))",2026-08-04T11:10:05.027439
http://www.safexpress.com/,Failed,cannot access local variable 'title' where it is not associated with a value,2026-08-04T11:10:06.206765
https://vrlgroup.in/vrl_logistics_service.aspx,Failed,503 Server Error: Service Unavailable for url: https://vrlgroup.in/vrl_logistics_service.aspx,2026-08-04T11:10:07.185888
https://flindialogistics.com/,Success,Crawl completed,2026-08-04T11:10:09.973636
http://www.couriersjunction.com/tracking.aspx,Success,Crawl completed,2026-08-04T11:10:11.333283
https://vtransgroup.com/,Failed,"HTTPSConnectionPool(host='vtransgroup.com', port=443): Max retries exceeded with url: / (Caused by ConnectTimeoutError(<urllib3.connection.HTTPSConnection object at 0x140024410>, 'Connection to vtransgroup.com timed out. (connect timeout=15)'))",2026-08-04T11:10:56.587522
http://www.expresslogisticspackers.com/,Success,Crawl completed,2026-08-04T11:12:25.685902
http://www.smexpresslogistics.com/,Failed,"HTTPConnectionPool(host='www.smexpresslogistics.com', port=80): Max retries exceeded with url: / (Caused by ConnectTimeoutError(<urllib3.connection.HTTPConnection object at 0x10ae32d50>, 'Connection to www.smexpresslogistics.com timed out. (connect timeout=15)'))",2026-08-04T11:13:11.151618
https://srivenkatexpress.com/,Failed,"HTTPSConnectionPool(host='srivenkatexpress.com', port=443): Max retries exceeded with url: / (Caused by ConnectTimeoutError(<urllib3.connection.HTTPSConnection object at 0x1122eec10>, 'Connection to srivenkatexpress.com timed out. (connect timeout=15)'))",2026-08-04T11:13:56.419359
http://www.transwellexpress.com/,Failed,cannot access local variable 'title' where it is not associated with a value,2026-08-04T11:13:56.952663
http://reefer-ex.in/,Failed,"HTTPConnectionPool(host='reefer-ex.in', port=80): Max retries exceeded with url: / (Caused by ConnectTimeoutError(<urllib3.connection.HTTPConnection object at 0x10ae30750>, 'Connection to reefer-ex.in timed out. (connect timeout=15)'))",2026-08-04T11:14:42.158964
http://www.expedex.in/,Failed,404 Client Error: Not Found for url: https://www.expedex.in/,2026-08-04T11:14:44.393650
http://zenxl.in/,Success,Crawl completed,2026-08-04T11:14:51.535665
