Website,Status,Message,CreatedDate
https://www.reliableintl.co.in/,Failed,"HTTPSConnectionPool(host='www.reliableintl.co.in', port=443): Max retries exceeded with url: / (Caused by ConnectTimeoutError(<urllib3.connection.HTTPSConnection object at 0x107f4da90>, 'Connection to www.reliableintl.co.in timed out. (connect timeout=15)'))",2026-08-04T05:20:46.017495
https://locations-in.express.dhl.com/courier-service-in-ashok-nagar-bengaluru-karnataka/home,Failed,Website does not appear to be a valid business website,2026-08-04T05:21:45.453204
https://vegaexpress.net/,Failed,"HTTPSConnectionPool(host='vegaexpress.net', port=443): Max retries exceeded with url: / (Caused by ConnectTimeoutError(<urllib3.connection.HTTPSConnection object at 0x107adfed0>, 'Connection to vegaexpress.net timed out. (connect timeout=15)'))",2026-08-04T05:22:30.672852
http://shipzy.in/,Failed,"HTTPConnectionPool(host='shipzy.in', port=80): Max retries exceeded with url: / (Caused by ConnectTimeoutError(<urllib3.connection.HTTPConnection object at 0x107fe48a0>, 'Connection to shipzy.in timed out. (connect timeout=15)'))",2026-08-04T05:23:15.934992
https://www.airshipperscouriers.com/,Failed,"HTTPSConnectionPool(host='www.airshipperscouriers.com', port=443): Max retries exceeded with url: / (Caused by SSLError(SSLCertVerificationError(1, ""[SSL: CERTIFICATE_VERIFY_FAILED] certificate verify failed: Hostname mismatch, certificate is not valid for 'www.airshipperscouriers.com'. (_ssl.c:1032)"")))",2026-08-04T05:23:34.024097
https://akrexpress.com/,Failed,Website does not appear to be a valid business website,2026-08-04T05:23:38.796605
http://mrvcouriers.in/,Failed,"HTTPConnectionPool(host='mrvcouriers.in', port=80): Max retries exceeded with url: / (Caused by NameResolutionError(""<urllib3.connection.HTTPConnection object at 0x107f7c270>: Failed to resolve 'mrvcouriers.in' ([Errno 8] nodename nor servname provided, or not known)""))",2026-08-04T05:24:58.245853
https://flymycart.com/,Failed,cannot access local variable 'title' where it is not associated with a value,2026-08-04T05:24:58.766950
http://www.dtdc.com/,Failed,"HTTPConnectionPool(host='www.dtdc.com', port=80): Max retries exceeded with url: / (Caused by NewConnectionError('<urllib3.connection.HTTPConnection object at 0x107f7d260>: Failed to establish a new connection: [Errno 61] Connection refused'))",2026-08-04T05:24:59.037146
https://www.aics.in/,Failed,"HTTPSConnectionPool(host='www.aics.in', port=443): Max retries exceeded with url: / (Caused by ConnectTimeoutError(<urllib3.connection.HTTPSConnection object at 0x110150050>, 'Connection to www.aics.in timed out. (connect timeout=15)'))",2026-08-04T05:25:44.721139
https://www.delhivery.com/,Failed,Website does not appear to be a valid business website,2026-08-04T05:25:45.115458
http://shreemahavircourier.com/,Failed,"HTTPConnectionPool(host='shreemahavircourier.com', port=80): Max retries exceeded with url: / (Caused by ConnectTimeoutError(<urllib3.connection.HTTPConnection object at 0x107f7ff00>, 'Connection to shreemahavircourier.com timed out. (connect timeout=15)'))",2026-08-04T05:26:30.213070
https://nfc.dgtechsoln.com/fedex-courier-hsr/,Failed,Website does not appear to be a valid business website,2026-08-04T05:26:50.882633
http://www.flyexpressinternationalcourierservices.com/,Failed,"HTTPConnectionPool(host='www.flyexpressinternationalcourierservices.com', port=80): Max retries exceeded with url: / (Caused by NameResolutionError(""<urllib3.connection.HTTPConnection object at 0x107ed0490>: Failed to resolve 'www.flyexpressinternationalcourierservices.com' ([Errno 8] nodename nor servname provided, or not known)""))",2026-08-04T05:26:51.169544
http://www.courierpoint.com/,Failed,Website does not appear to be a valid business website,2026-08-04T05:27:06.684908
http://garudavega.com/,Failed,403 Client Error: Forbidden for url: http://garudavega.com/,2026-08-04T05:27:14.050787
https://overseascourierservices.in/,Failed,Website does not appear to be a valid business website,2026-08-04T05:27:16.232681
https://prestigeexpress.in/,Failed,"HTTPSConnectionPool(host='prestigeexpress.in', port=443): Max retries exceeded with url: / (Caused by ConnectTimeoutError(<urllib3.connection.HTTPSConnection object at 0x107f4de50>, 'Connection to prestigeexpress.in timed out. (connect timeout=15)'))",2026-08-04T05:28:01.408154
http://www.uniqueairexpress.com/,Failed,Website does not appear to be a valid business website,2026-08-04T05:28:03.056135
http://www.smeexpress.com/,Failed,"HTTPSConnectionPool(host='www.smeexpress.com', port=443): Max retries exceeded with url: / (Caused by SSLError(SSLCertVerificationError(1, ""[SSL: CERTIFICATE_VERIFY_FAILED] certificate verify failed: Hostname mismatch, certificate is not valid for 'www.smeexpress.com'. (_ssl.c:1032)"")))",2026-08-04T05:28:04.249844
http://www.orbitexpress.in/,Failed,"HTTPConnectionPool(host='www.orbitexpress.in', port=80): Max retries exceeded with url: / (Caused by ConnectTimeoutError(<urllib3.connection.HTTPConnection object at 0x107f7ce20>, 'Connection to www.orbitexpress.in timed out. (connect timeout=15)'))",2026-08-04T05:29:03.692311
http://xpressdelivery.in/,Failed,Website does not appear to be a valid business website,2026-08-04T05:29:10.506633
http://jvkxpress.com/,Failed,500 Server Error: Bad Gateway for url: http://jvkxpress.com/,2026-08-04T05:29:18.102407
https://www.dhl.in/,Failed,"HTTPSConnectionPool(host='www.dhl.in', port=443): Read timed out. (read timeout=15)",2026-08-04T05:30:13.009778
https://www.reliableintl.co.in/,Failed,"HTTPSConnectionPool(host='www.reliableintl.co.in', port=443): Max retries exceeded with url: / (Caused by ConnectTimeoutError(<urllib3.connection.HTTPSConnection object at 0x107f4c7d0>, 'Connection to www.reliableintl.co.in timed out. (connect timeout=15)'))",2026-08-04T05:38:30.568677
https://planetcouriermumbai.in/,Failed,Website does not appear to be a valid business website,2026-08-04T05:38:32.925164
https://skexpresscourier.com/,Failed,"HTTPSConnectionPool(host='skexpresscourier.com', port=443): Read timed out. (read timeout=15)",2026-08-04T05:39:24.959246
https://andhericourier.com/,Failed,"HTTPSConnectionPool(host='andhericourier.com', port=443): Max retries exceeded with url: / (Caused by SSLError(SSLEOFError(8, '[SSL: UNEXPECTED_EOF_WHILE_READING] EOF occurred in violation of protocol (_ssl.c:1032)')))",2026-08-04T05:39:27.673885
https://locations-in.express.dhl.com/courier-service-in-kalbadevi-mumbai.-maharashtra/home,Failed,Website does not appear to be a valid business website,2026-08-04T05:39:33.022748
http://www.dtdc.in/,Failed,"HTTPConnectionPool(host='www.dtdc.in', port=80): Max retries exceeded with url: / (Caused by NewConnectionError('<urllib3.connection.HTTPConnection object at 0x107ed38a0>: Failed to establish a new connection: [Errno 61] Connection refused'))",2026-08-04T05:39:53.044342
https://ecsinternational.in/,Failed,"HTTPSConnectionPool(host='ecsinternational.in', port=443): Max retries exceeded with url: / (Caused by NameResolutionError(""<urllib3.connection.HTTPSConnection object at 0x107f28a50>: Failed to resolve 'ecsinternational.in' ([Errno 8] nodename nor servname provided, or not known)""))",2026-08-04T05:39:53.206961
http://www.skybluecourier.in/,Failed,Website does not appear to be a valid business website,2026-08-04T05:39:55.317526
https://nilsiexpress.in/,Failed,"HTTPSConnectionPool(host='nilsiexpress.in', port=443): Max retries exceeded with url: / (Caused by ConnectTimeoutError(<urllib3.connection.HTTPSConnection object at 0x107f29310>, 'Connection to nilsiexpress.in timed out. (connect timeout=15)'))",2026-08-04T05:40:44.558891
https://www.yezdangroup.com/,Failed,"HTTPSConnectionPool(host='www.yezdangroup.com', port=443): Max retries exceeded with url: / (Caused by ConnectTimeoutError(<urllib3.connection.HTTPSConnection object at 0x107f2a710>, 'Connection to www.yezdangroup.com timed out. (connect timeout=15)'))",2026-08-04T05:41:29.890659
https://citinetwork.co.in/courier-services/,Failed,"HTTPSConnectionPool(host='citinetwork.co.in', port=443): Max retries exceeded with url: /courier-services/ (Caused by NameResolutionError(""<urllib3.connection.HTTPSConnection object at 0x107f2b390>: Failed to resolve 'citinetwork.co.in' ([Errno 8] nodename nor servname provided, or not known)""))",2026-08-04T05:41:30.020174
https://aics.in/,Failed,"HTTPSConnectionPool(host='aics.in', port=443): Max retries exceeded with url: / (Caused by ConnectTimeoutError(<urllib3.connection.HTTPSConnection object at 0x107f28410>, 'Connection to aics.in timed out. (connect timeout=15)'))",2026-08-04T05:42:21.612394
http://couriercentral.in/,Failed,Website does not appear to be a valid business website,2026-08-04T05:42:26.001716
https://trackonservices.in/,Failed,unhashable type: 'list',2026-08-04T05:42:30.615643
https://sonaliexpressworldwide.com/,Failed,"HTTPSConnectionPool(host='sonaliexpressworldwide.com', port=443): Max retries exceeded with url: / (Caused by ConnectTimeoutError(<urllib3.connection.HTTPSConnection object at 0x107f2a5d0>, 'Connection to sonaliexpressworldwide.com timed out. (connect timeout=15)'))",2026-08-04T05:43:16.027114
https://anytimeexpress.in/,Failed,Website does not appear to be a valid business website,2026-08-04T05:52:59.953349
https://locations-in.express.dhl.com/courier-service-in-sector-18-noida-uttar-pradesh/home,Failed,Website does not appear to be a valid business website,2026-08-04T05:54:34.226299
https://www.reliableintl.co.in/,Failed,"HTTPSConnectionPool(host='www.reliableintl.co.in', port=443): Max retries exceeded with url: / (Caused by ConnectTimeoutError(<urllib3.connection.HTTPSConnection object at 0x10a4b3890>, 'Connection to www.reliableintl.co.in timed out. (connect timeout=15)'))",2026-08-04T05:55:19.596406
https://www.aaainternationalcourier.in/,Failed,"HTTPSConnectionPool(host='www.aaainternationalcourier.in', port=443): Max retries exceeded with url: / (Caused by ConnectTimeoutError(<urllib3.connection.HTTPSConnection object at 0x10a4b3390>, 'Connection to www.aaainternationalcourier.in timed out. (connect timeout=15)'))",2026-08-04T05:56:04.933754
http://fasttrackintl.in/,Failed,Website does not appear to be a valid business website,2026-08-04T05:56:56.330663
http://couriercharges.in/,Failed,Website does not appear to be a valid business website,2026-08-04T05:57:12.640382
https://raviexpress.in/,Failed,cannot access local variable 'title' where it is not associated with a value,2026-08-04T05:57:13.667098
https://shriramcourier.com/,Failed,cannot access local variable 'title' where it is not associated with a value,2026-08-04T05:57:14.201657
https://citycargo.in/,Failed,"HTTPSConnectionPool(host='citycargo.in', port=443): Max retries exceeded with url: / (Caused by SSLError(SSLCertVerificationError(1, '[SSL: CERTIFICATE_VERIFY_FAILED] certificate verify failed: certificate has expired (_ssl.c:1032)')))",2026-08-04T05:57:52.236888
http://www.malikcourierservices.com/,Failed,"HTTPConnectionPool(host='www.malikcourierservices.com', port=80): Max retries exceeded with url: / (Caused by NewConnectionError('<urllib3.connection.HTTPConnection object at 0x10a7d7a50>: Failed to establish a new connection: [Errno 61] Connection refused'))",2026-08-04T05:58:06.394114
https://www.couriermedicines.com/,Failed,Website does not appear to be a valid business website,2026-08-04T05:58:15.526430
https://speedexpresshub.com/,Failed,"HTTPSConnectionPool(host='speedexpresshub.com', port=443): Max retries exceeded with url: / (Caused by ConnectTimeoutError(<urllib3.connection.HTTPSConnection object at 0x10a8b87d0>, 'Connection to speedexpresshub.com timed out. (connect timeout=15)'))",2026-08-04T05:59:03.652964
http://www.expresscargoovers.in/,Failed,"HTTPConnectionPool(host='www.expresscargoovers.in', port=80): Max retries exceeded with url: / (Caused by NameResolutionError(""<urllib3.connection.HTTPConnection object at 0x111edb050>: Failed to resolve 'www.expresscargoovers.in' ([Errno 8] nodename nor servname provided, or not known)""))",2026-08-04T05:59:03.933907
http://www.sagarairexpress.com/,Failed,Website does not appear to be a valid business website,2026-08-04T05:59:06.418678
https://www.onlinexpress.co.in/,Failed,"HTTPSConnectionPool(host='www.onlinexpress.co.in', port=443): Max retries exceeded with url: / (Caused by SSLError(SSLCertVerificationError(1, ""[SSL: CERTIFICATE_VERIFY_FAILED] certificate verify failed: Hostname mismatch, certificate is not valid for 'www.onlinexpress.co.in'. (_ssl.c:1032)"")))",2026-08-04T05:59:19.027586
http://rmglobalcourierservice.com/,Failed,cannot access local variable 'title' where it is not associated with a value,2026-08-04T05:59:21.485939
http://www.jumbocourier.com/,Failed,Website does not appear to be a valid business website,2026-08-04T05:59:39.488804
http://budget1.net/,Failed,"HTTPConnectionPool(host='budget1.net', port=80): Max retries exceeded with url: / (Caused by ConnectTimeoutError(<urllib3.connection.HTTPConnection object at 0x10a7d4b50>, 'Connection to budget1.net timed out. (connect timeout=15)'))",2026-08-04T06:00:30.732791
http://www.immediateparcelservice.com/,Failed,cannot access local variable 'title' where it is not associated with a value,2026-08-04T06:00:36.702075
https://uniqueairexpress.com/,Failed,Website does not appear to be a valid business website,2026-08-04T06:00:39.455264
http://delhiparcel.com/,Failed,"HTTPConnectionPool(host='delhiparcel.com', port=80): Max retries exceeded with url: / (Caused by ConnectTimeoutError(<urllib3.connection.HTTPConnection object at 0x10a7d7450>, 'Connection to delhiparcel.com timed out. (connect timeout=15)'))",2026-08-04T06:01:24.762102
https://worldindiaexpress.com/,Failed,"HTTPSConnectionPool(host='worldindiaexpress.com', port=443): Max retries exceeded with url: / (Caused by ConnectTimeoutError(<urllib3.connection.HTTPSConnection object at 0x10a4b3ed0>, 'Connection to worldindiaexpress.com timed out. (connect timeout=15)'))",2026-08-04T06:11:22.942995
https://www.reliableintl.co.in/,Failed,"HTTPSConnectionPool(host='www.reliableintl.co.in', port=443): Max retries exceeded with url: / (Caused by ConnectTimeoutError(<urllib3.connection.HTTPSConnection object at 0x10a8bb110>, 'Connection to www.reliableintl.co.in timed out. (connect timeout=15)'))",2026-08-04T06:12:08.523192
https://locations-in.express.dhl.com/courier-service-in-sector-25-gurugram-haryana/home,Failed,Website does not appear to be a valid business website,2026-08-04T06:13:43.374071
https://www.delhivery.com/,Failed,Website does not appear to be a valid business website,2026-08-04T06:15:09.537772
http://www.vikaslogistics.in/,Failed,Website does not appear to be a valid business website,2026-08-04T06:16:00.386633
http://dtdccourierdomesticinternational-palamvihar.com/,Failed,"HTTPConnectionPool(host='dtdccourierdomesticinternational-palamvihar.com', port=80): Max retries exceeded with url: / (Caused by NameResolutionError(""<urllib3.connection.HTTPConnection object at 0x10ae33b50>: Failed to resolve 'dtdccourierdomesticinternational-palamvihar.com' ([Errno 8] nodename nor servname provided, or not known)""))",2026-08-04T06:16:08.773371
http://www.speedairlogistics.com/,Failed,Exceeded 30 redirects.,2026-08-04T06:16:27.933699
http://www.sheetlaexpress.in/,Failed,"HTTPConnectionPool(host='www.sheetlaexpress.in', port=80): Max retries exceeded with url: / (Caused by ConnectTimeoutError(<urllib3.connection.HTTPConnection object at 0x10ae33350>, 'Connection to www.sheetlaexpress.in timed out. (connect timeout=15)'))",2026-08-04T06:17:14.762835
https://workspace.dtdc.com/,Failed,"HTTPSConnectionPool(host='workspace.dtdc.com', port=443): Max retries exceeded with url: / (Caused by SSLError(SSLCertVerificationError(1, '[SSL: CERTIFICATE_VERIFY_FAILED] certificate verify failed: unable to get local issuer certificate (_ssl.c:1032)')))",2026-08-04T06:17:17.678908
https://skyking.co/,Failed,"HTTPSConnectionPool(host='skyking.co', port=443): Max retries exceeded with url: / (Caused by ConnectTimeoutError(<urllib3.connection.HTTPSConnection object at 0x112836e90>, 'Connection to skyking.co timed out. (connect timeout=15)'))",2026-08-04T06:18:02.938002
https://ecomexpress.in/,Failed,"HTTPSConnectionPool(host='ecomexpress.in', port=443): Max retries exceeded with url: / (Caused by SSLError(SSLCertVerificationError(1, '[SSL: CERTIFICATE_VERIFY_FAILED] certificate verify failed: certificate has expired (_ssl.c:1032)')))",2026-08-04T06:18:03.740964
http://www.decandartexpress.com/,Failed,"HTTPConnectionPool(host='www.decandartexpress.com', port=80): Max retries exceeded with url: / (Caused by ConnectTimeoutError(<urllib3.connection.HTTPConnection object at 0x11113aa50>, 'Connection to www.decandartexpress.com timed out. (connect timeout=15)'))",2026-08-04T06:18:49.273041
https://usmailers.in/,Failed,"HTTPSConnectionPool(host='usmailers.in', port=443): Max retries exceeded with url: / (Caused by NameResolutionError(""<urllib3.connection.HTTPSConnection object at 0x112836490>: Failed to resolve 'usmailers.in' ([Errno 8] nodename nor servname provided, or not known)""))",2026-08-04T06:18:49.388693
http://www.shreenandancourier.com/,Failed,cannot access local variable 'title' where it is not associated with a value,2026-08-04T06:19:13.300999
https://vinsumaxpress.com/,Failed,cannot access local variable 'title' where it is not associated with a value,2026-08-04T06:19:38.782557
http://www.shreemahavircourier.com/,Failed,"HTTPConnectionPool(host='www.shreemahavircourier.com', port=80): Max retries exceeded with url: / (Caused by ConnectTimeoutError(<urllib3.connection.HTTPConnection object at 0x10ae30650>, 'Connection to www.shreemahavircourier.com timed out. (connect timeout=15)'))",2026-08-04T06:20:24.153696
http://ups.com/,Failed,"HTTPSConnectionPool(host='www.ups.com', port=443): Read timed out. (read timeout=15)",2026-08-04T06:21:12.192704
https://www.qxpress.net/,Failed,Website does not appear to be a valid business website,2026-08-04T06:21:25.782925
https://epostbook.com/,Failed,Website does not appear to be a valid business website,2026-08-04T06:21:33.992716
https://locations-in.express.dhl.com/courier-service-in-sector-18-noida-uttar-pradesh/home,Failed,Website does not appear to be a valid business website,2026-08-04T06:29:44.836848
https://www.reliableintl.co.in/,Failed,"HTTPSConnectionPool(host='www.reliableintl.co.in', port=443): Max retries exceeded with url: / (Caused by ConnectTimeoutError(<urllib3.connection.HTTPSConnection object at 0x111c4f610>, 'Connection to www.reliableintl.co.in timed out. (connect timeout=15)'))",2026-08-04T06:30:30.015574
http://www.internationalcouriersservice.com/,Failed,"HTTPConnectionPool(host='www.internationalcouriersservice.com', port=80): Max retries exceeded with url: / (Caused by ConnectTimeoutError(<urllib3.connection.HTTPConnection object at 0x10ae30550>, 'Connection to www.internationalcouriersservice.com timed out. (connect timeout=15)'))",2026-08-04T06:31:22.929687
http://wwe.dtdc.in/,Failed,"HTTPConnectionPool(host='wwe.dtdc.in', port=80): Max retries exceeded with url: / (Caused by NameResolutionError(""<urllib3.connection.HTTPConnection object at 0x10ae32650>: Failed to resolve 'wwe.dtdc.in' ([Errno 8] nodename nor servname provided, or not known)""))",2026-08-04T06:31:30.452626
http://www.dtdc.com/,Failed,"HTTPConnectionPool(host='www.dtdc.com', port=80): Max retries exceeded with url: / (Caused by NewConnectionError('<urllib3.connection.HTTPConnection object at 0x10a4ab250>: Failed to establish a new connection: [Errno 61] Connection refused'))",2026-08-04T06:31:42.048508
http://dtdcexpress.co.in/,Failed,"HTTPConnectionPool(host='dtdcexpress.co.in', port=80): Max retries exceeded with url: / (Caused by NameResolutionError(""<urllib3.connection.HTTPConnection object at 0x111139350>: Failed to resolve 'dtdcexpress.co.in' ([Errno 8] nodename nor servname provided, or not known)""))",2026-08-04T06:31:47.096393
http://www.dtdc.in/,Failed,"HTTPConnectionPool(host='www.dtdc.in', port=80): Max retries exceeded with url: / (Caused by NewConnectionError('<urllib3.connection.HTTPConnection object at 0x11113aa50>: Failed to establish a new connection: [Errno 61] Connection refused'))",2026-08-04T06:31:47.532288
https://saharaaircourier.com/,Failed,"HTTPSConnectionPool(host='saharaaircourier.com', port=443): Max retries exceeded with url: / (Caused by NameResolutionError(""<urllib3.connection.HTTPSConnection object at 0x1117b7390>: Failed to resolve 'saharaaircourier.com' ([Errno 8] nodename nor servname provided, or not known)""))",2026-08-04T06:31:55.837272
https://speedexpresshub.com/,Failed,"HTTPSConnectionPool(host='speedexpresshub.com', port=443): Max retries exceeded with url: / (Caused by ConnectTimeoutError(<urllib3.connection.HTTPSConnection object at 0x1117b6990>, 'Connection to speedexpresshub.com timed out. (connect timeout=15)'))",2026-08-04T06:32:51.344641
http://www.globortshippingllp.com/,Failed,"HTTPConnectionPool(host='www.globortshippingllp.com', port=80): Max retries exceeded with url: / (Caused by NameResolutionError(""<urllib3.connection.HTTPConnection object at 0x11113ae50>: Failed to resolve 'www.globortshippingllp.com' ([Errno 8] nodename nor servname provided, or not known)""))",2026-08-04T06:32:51.514917
https://samadhancouriers.com/,Failed,"HTTPSConnectionPool(host='samadhancouriers.com', port=443): Max retries exceeded with url: / (Caused by NameResolutionError(""<urllib3.connection.HTTPSConnection object at 0x11109c690>: Failed to resolve 'samadhancouriers.com' ([Errno 8] nodename nor servname provided, or not known)""))",2026-08-04T06:32:55.404007
http://www.trackoncourier.com/,Failed,404 Client Error: Not Found for url: http://www.trackoncourier.com/,2026-08-04T06:33:06.050171
http://princecargomoversandpackers.in/,Failed,"HTTPConnectionPool(host='princecargomoversandpackers.in', port=80): Max retries exceeded with url: / (Caused by NameResolutionError(""<urllib3.connection.HTTPConnection object at 0x110d3f050>: Failed to resolve 'princecargomoversandpackers.in' ([Errno 8] nodename nor servname provided, or not known)""))",2026-08-04T06:33:06.194767
https://www.flutterxpress.com/,Failed,"HTTPSConnectionPool(host='www.flutterxpress.com', port=443): Max retries exceeded with url: / (Caused by ConnectTimeoutError(<urllib3.connection.HTTPSConnection object at 0x10a4b1590>, 'Connection to www.flutterxpress.com timed out. (connect timeout=15)'))",2026-08-04T06:33:53.805972
https://locations-in.express.dhl.com/courier-service-in-avenue-4-banjara-hills-hyderabad-telangana/home,Failed,Website does not appear to be a valid business website,2026-08-04T06:42:38.167012
http://www.dtdc.com/,Failed,"HTTPConnectionPool(host='www.dtdc.com', port=80): Max retries exceeded with url: / (Caused by NewConnectionError('<urllib3.connection.HTTPConnection object at 0x110d3fe50>: Failed to establish a new connection: [Errno 61] Connection refused'))",2026-08-04T06:42:38.534022
https://www.knrinternationalcourier.in/,Failed,Website does not appear to be a valid business website,2026-08-04T06:43:24.730268
http://www.dskglobal.in/,Failed,Website does not appear to be a valid business website,2026-08-04T06:43:26.431060
https://reliableintl.co.in/,Failed,"HTTPSConnectionPool(host='reliableintl.co.in', port=443): Max retries exceeded with url: / (Caused by ConnectTimeoutError(<urllib3.connection.HTTPSConnection object at 0x1122ef890>, 'Connection to reliableintl.co.in timed out. (connect timeout=15)'))",2026-08-04T06:44:20.537825
http://sscourier.in/,Failed,404 Client Error: Not Found for url: http://sscourier.in/,2026-08-04T06:44:22.898917
http://www.jvkxpress.com/,Failed,500 Server Error: Bad Gateway for url: http://www.jvkxpress.com/,2026-08-04T06:44:25.233162
https://www.iclinternational.in/,Failed,Website does not appear to be a valid business website,2026-08-04T06:44:26.456061
https://firststarcourier.com/,Failed,cannot access local variable 'title' where it is not associated with a value,2026-08-04T06:44:27.756163
http://www.omniexpress.in/,Failed,"HTTPConnectionPool(host='www.omniexpress.in', port=80): Max retries exceeded with url: / (Caused by ConnectTimeoutError(<urllib3.connection.HTTPConnection object at 0x10ae33150>, 'Connection to www.omniexpress.in timed out. (connect timeout=15)'))",2026-08-04T06:45:27.683547
https://markexpress.co.in/,Failed,"HTTPSConnectionPool(host='markexpress.co.in', port=443): Max retries exceeded with url: / (Caused by ConnectTimeoutError(<urllib3.connection.HTTPSConnection object at 0x1122eda90>, 'Connection to markexpress.co.in timed out. (connect timeout=15)'))",2026-08-04T06:46:16.002579
https://www.mapsexpres.com/,Failed,Website does not appear to be a valid business website,2026-08-04T06:46:21.160811
https://www.garudavega.com/,Failed,403 Client Error: Forbidden for url: https://www.garudavega.com/,2026-08-04T06:46:24.454873
http://www.myexpresscouriers.com/,Failed,"HTTPConnectionPool(host='www.myexpresscouriers.com', port=80): Max retries exceeded with url: / (Caused by NameResolutionError(""<urllib3.connection.HTTPConnection object at 0x11113af50>: Failed to resolve 'www.myexpresscouriers.com' ([Errno 8] nodename nor servname provided, or not known)""))",2026-08-04T06:46:49.301853
http://www.e-cargo.in/,Failed,cannot access local variable 'title' where it is not associated with a value,2026-08-04T06:46:51.271557
http://www.dtdc.in/,Failed,"HTTPConnectionPool(host='www.dtdc.in', port=80): Max retries exceeded with url: / (Caused by NewConnectionError('<urllib3.connection.HTTPConnection object at 0x111ed8150>: Failed to establish a new connection: [Errno 61] Connection refused'))",2026-08-04T06:47:22.237604
https://fastexinternational.com/,Failed,Website does not appear to be a valid business website,2026-08-04T06:47:56.248449
http://www.anjanicourier.in/,Failed,cannot access local variable 'title' where it is not associated with a value,2026-08-04T06:47:56.506235
http://johnsinternational.in/,Failed,"HTTPConnectionPool(host='johnsinternational.in', port=80): Max retries exceeded with url: / (Caused by NameResolutionError(""<urllib3.connection.HTTPConnection object at 0x111edbe50>: Failed to resolve 'johnsinternational.in' ([Errno 8] nodename nor servname provided, or not known)""))",2026-08-04T06:47:56.668409
http://www.delhivery.com/,Failed,Website does not appear to be a valid business website,2026-08-04T06:47:57.194838
https://sites.google.com/d/11o08DdGn18ENqOOeGm5sECkHZ44fowl0/p/1ZzXq0zsdnKZKJOHnKaHVsXOn1E9ij9_G/edit,Failed,Website does not appear to be a valid business website,2026-08-04T06:48:10.953533
http://www.briskglobal.com/,Failed,"HTTPConnectionPool(host='www.briskglobal.com', port=80): Max retries exceeded with url: / (Caused by ConnectTimeoutError(<urllib3.connection.HTTPConnection object at 0x10ae32b50>, 'Connection to www.briskglobal.com timed out. (connect timeout=15)'))",2026-08-04T06:49:02.408591
http://youshop-weship.com/,Failed,Website does not appear to be a valid business website,2026-08-04T06:49:04.733809
http://mnrcouriers.com/,Failed,"HTTPConnectionPool(host='mnrcouriers.com', port=80): Max retries exceeded with url: / (Caused by NameResolutionError(""<urllib3.connection.HTTPConnection object at 0x10ae33d50>: Failed to resolve 'mnrcouriers.com' ([Errno 8] nodename nor servname provided, or not known)""))",2026-08-04T06:49:27.752157
https://www.srrlogisticenterprises.com/sample-page/,Failed,"HTTPSConnectionPool(host='www.srrlogisticenterprises.com', port=443): Max retries exceeded with url: /sample-page/ (Caused by NameResolutionError(""<urllib3.connection.HTTPSConnection object at 0x10a8b9e50>: Failed to resolve 'www.srrlogisticenterprises.com' ([Errno 8] nodename nor servname provided, or not known)""))",2026-08-04T06:49:29.696427
https://quikzo.com/,Failed,"HTTPSConnectionPool(host='quikzo.com', port=443): Max retries exceeded with url: / (Caused by ConnectTimeoutError(<urllib3.connection.HTTPSConnection object at 0x1122eccd0>, 'Connection to quikzo.com timed out. (connect timeout=15)'))",2026-08-04T06:50:14.933153
https://locations-in.express.dhl.com/courier-service-in-nungambakkam-chennai-tamilnadu/home,Failed,Website does not appear to be a valid business website,2026-08-04T06:58:34.013074
https://brownpost.in/,Failed,"HTTPSConnectionPool(host='brownpost.in', port=443): Max retries exceeded with url: / (Caused by ConnectTimeoutError(<urllib3.connection.HTTPSConnection object at 0x111dcfed0>, 'Connection to brownpost.in timed out. (connect timeout=15)'))",2026-08-04T06:59:19.216208
http://www.indiancourier.com/,Failed,"HTTPConnectionPool(host='www.indiancourier.com', port=80): Max retries exceeded with url: / (Caused by ConnectTimeoutError(<urllib3.connection.HTTPConnection object at 0x110d3ec50>, 'Connection to www.indiancourier.com timed out. (connect timeout=15)'))",2026-08-04T07:00:05.709820
https://reliableintl.co.in/,Failed,"HTTPSConnectionPool(host='reliableintl.co.in', port=443): Max retries exceeded with url: / (Caused by ConnectTimeoutError(<urllib3.connection.HTTPSConnection object at 0x1122eca50>, 'Connection to reliableintl.co.in timed out. (connect timeout=15)'))",2026-08-04T07:00:51.066193
http://www.growcourierinternational.com/,Failed,Website does not appear to be a valid business website,2026-08-04T07:00:56.512603
http://www.dtdc.in/,Failed,"HTTPConnectionPool(host='www.dtdc.in', port=80): Max retries exceeded with url: / (Caused by NewConnectionError('<urllib3.connection.HTTPConnection object at 0x111139250>: Failed to establish a new connection: [Errno 61] Connection refused'))",2026-08-04T07:00:56.902904
https://www.quikpakr.com/,Failed,Website does not appear to be a valid business website,2026-08-04T07:01:00.787015
https://forms.gle/9zfiD9gcfTo5vW2W7,Failed,Website does not appear to be a valid business website,2026-08-04T07:01:09.470469
https://www.abscargoservice.com/,Failed,"HTTPSConnectionPool(host='www.abscargoservice.com', port=443): Max retries exceeded with url: / (Caused by ConnectTimeoutError(<urllib3.connection.HTTPSConnection object at 0x1122ed1d0>, 'Connection to www.abscargoservice.com timed out. (connect timeout=15)'))",2026-08-04T07:02:08.635282
http://www.uniexcourierandcargo.com/,Failed,"HTTPConnectionPool(host='www.uniexcourierandcargo.com', port=80): Max retries exceeded with url: / (Caused by ConnectTimeoutError(<urllib3.connection.HTTPConnection object at 0x111b17a50>, 'Connection to www.uniexcourierandcargo.com timed out. (connect timeout=15)'))",2026-08-04T07:03:41.483176
http://www.garudavega.com/,Failed,403 Client Error: Forbidden for url: http://www.garudavega.com/,2026-08-04T07:03:42.453693
https://horizonlogisticsglobal.com/,Failed,Website does not appear to be a valid business website,2026-08-04T07:03:44.636712
https://frontlinecourier.com/,Failed,cannot access local variable 'title' where it is not associated with a value,2026-08-04T07:03:46.772791
http://www.dtdc.com/,Failed,"HTTPConnectionPool(host='www.dtdc.com', port=80): Max retries exceeded with url: / (Caused by NewConnectionError('<urllib3.connection.HTTPConnection object at 0x111b16850>: Failed to establish a new connection: [Errno 61] Connection refused'))",2026-08-04T07:03:51.694723
http://www.akrexpress.com/,Failed,Website does not appear to be a valid business website,2026-08-04T07:03:59.128395
https://deskmateglobal.com/,Failed,Website does not appear to be a valid business website,2026-08-04T07:04:06.248901
http://www.getbyindiapost.com/,Failed,"HTTPConnectionPool(host='www.getbyindiapost.com', port=80): Max retries exceeded with url: / (Caused by NameResolutionError(""<urllib3.connection.HTTPConnection object at 0x111b14c50>: Failed to resolve 'www.getbyindiapost.com' ([Errno 8] nodename nor servname provided, or not known)""))",2026-08-04T07:04:08.591021
https://xpresscourier.in/,Failed,"HTTPSConnectionPool(host='xpresscourier.in', port=443): Max retries exceeded with url: / (Caused by NameResolutionError(""<urllib3.connection.HTTPSConnection object at 0x1122ee210>: Failed to resolve 'xpresscourier.in' ([Errno 8] nodename nor servname provided, or not known)""))",2026-08-04T07:04:33.231370
http://www.tccs.in/,Failed,404 Client Error: Not Found for url: http://www.tccs.in/,2026-08-04T07:04:34.121500
http://www.ups.com/,Failed,"HTTPSConnectionPool(host='www.ups.com', port=443): Read timed out. (read timeout=15)",2026-08-04T07:05:26.252211
https://libertyexpress.weab.in/,Failed,"HTTPSConnectionPool(host='libertyexpress.weab.in', port=443): Max retries exceeded with url: / (Caused by NameResolutionError(""<urllib3.connection.HTTPSConnection object at 0x1122ed950>: Failed to resolve 'libertyexpress.weab.in' ([Errno 8] nodename nor servname provided, or not known)""))",2026-08-04T07:05:33.298016
https://www.kpnparcel.in/branches,Failed,"HTTPSConnectionPool(host='www.kpnparcel.in', port=443): Max retries exceeded with url: /branches (Caused by ConnectTimeoutError(<urllib3.connection.HTTPSConnection object at 0x1122efc50>, 'Connection to www.kpnparcel.in timed out. (connect timeout=15)'))",2026-08-04T07:06:23.560915
http://www.franchexpress.com/,Failed,403 Client Error: Forbidden for url: https://www.franchexpress.com/,2026-08-04T07:06:24.774734
https://locations-in.express.dhl.com/courier-service-in-erandwane-pune-maharashtra/home,Failed,Website does not appear to be a valid business website,2026-08-04T07:14:32.796843
https://www.reliableintl.co.in/,Failed,"HTTPSConnectionPool(host='www.reliableintl.co.in', port=443): Max retries exceeded with url: / (Caused by ConnectTimeoutError(<urllib3.connection.HTTPSConnection object at 0x111b2a350>, 'Connection to www.reliableintl.co.in timed out. (connect timeout=15)'))",2026-08-04T07:15:18.167116
http://uniqueairexpress.com/,Failed,Website does not appear to be a valid business website,2026-08-04T07:15:19.880848
http://www.dtdc.com/,Failed,"HTTPConnectionPool(host='www.dtdc.com', port=80): Max retries exceeded with url: / (Caused by NewConnectionError('<urllib3.connection.HTTPConnection object at 0x10ae30550>: Failed to establish a new connection: [Errno 61] Connection refused'))",2026-08-04T07:15:34.938004
http://www.indofine.in/,Failed,cannot access local variable 'title' where it is not associated with a value,2026-08-04T07:15:58.049260
https://www.homepickupcourier.online/,Failed,Website does not appear to be a valid business website,2026-08-04T07:16:02.407021
https://www.jexpresscourier.com/,Failed,"HTTPSConnectionPool(host='www.jexpresscourier.com', port=443): Max retries exceeded with url: / (Caused by NameResolutionError(""<urllib3.connection.HTTPSConnection object at 0x10a9fe990>: Failed to resolve 'www.jexpresscourier.com' ([Errno 8] nodename nor servname provided, or not known)""))",2026-08-04T07:16:02.655855
http://www.palandecourier.com/,Failed,"HTTPConnectionPool(host='www.palandecourier.com', port=80): Read timed out. (read timeout=15)",2026-08-04T07:17:11.889888
http://www.dtdc.in/,Failed,"HTTPConnectionPool(host='www.dtdc.in', port=80): Max retries exceeded with url: / (Caused by NewConnectionError('<urllib3.connection.HTTPConnection object at 0x11113b750>: Failed to establish a new connection: [Errno 61] Connection refused'))",2026-08-04T07:17:16.282877
https://business.google.com/site/l/17045427135123074846?hl=en-GB,Failed,404 Client Error: Not Found for url: https://business.google.com/site/l/17045427135123074846?hl=en-GB,2026-08-04T07:17:25.667203
http://www.occpllogistics.com/,Failed,"HTTPConnectionPool(host='www.occpllogistics.com', port=80): Max retries exceeded with url: / (Caused by ConnectTimeoutError(<urllib3.connection.HTTPConnection object at 0x110d3ea50>, 'Connection to www.occpllogistics.com timed out. (connect timeout=15)'))",2026-08-04T07:18:10.989484
https://obnexpress.com/,Failed,"HTTPSConnectionPool(host='obnexpress.com', port=443): Max retries exceeded with url: / (Caused by ConnectTimeoutError(<urllib3.connection.HTTPSConnection object at 0x1122edf90>, 'Connection to obnexpress.com timed out. (connect timeout=15)'))",2026-08-04T07:18:56.166254
http://www.onslogistics.net/,Failed,"HTTPSConnectionPool(host='www.onslogistics.net', port=443): Max retries exceeded with url: / (Caused by SSLError(SSLCertVerificationError(1, '[SSL: CERTIFICATE_VERIFY_FAILED] certificate verify failed: certificate has expired (_ssl.c:1032)')))",2026-08-04T07:18:57.047640
http://www.parcelbhejo.com/,Failed,"HTTPConnectionPool(host='www.parcelbhejo.com', port=80): Max retries exceeded with url: / (Caused by ConnectTimeoutError(<urllib3.connection.HTTPConnection object at 0x110d3d750>, 'Connection to www.parcelbhejo.com timed out. (connect timeout=15)'))",2026-08-04T07:19:43.507377
http://www.xpressbees.com/,Failed,Website does not appear to be a valid business website,2026-08-04T07:19:44.351036
http://shreemahavircourier.com/contact-us.aspx,Failed,"HTTPConnectionPool(host='shreemahavircourier.com', port=80): Max retries exceeded with url: /contact-us.aspx (Caused by ConnectTimeoutError(<urllib3.connection.HTTPConnection object at 0x10a7d7350>, 'Connection to shreemahavircourier.com timed out. (connect timeout=15)'))",2026-08-04T07:20:29.446242
https://www.garudavega.com/contact/aundh.php,Failed,403 Client Error: Forbidden for url: https://www.garudavega.com/contact/aundh.php,2026-08-04T07:20:30.567942
https://internationalcourierservice.org/,Failed,Website does not appear to be a valid business website,2026-08-04T07:20:50.137083
https://gatipvt.in/branch/pune,Failed,cannot access local variable 'title' where it is not associated with a value,2026-08-04T07:20:50.849548
http://www.shreenandancourier.com/,Failed,cannot access local variable 'title' where it is not associated with a value,2026-08-04T07:20:51.542063
http://www.trackoncourier.com/,Failed,404 Client Error: Not Found for url: http://www.trackoncourier.com/,2026-08-04T07:20:58.126117
http://www.dtdc.com/,Failed,"HTTPConnectionPool(host='www.dtdc.com', port=80): Max retries exceeded with url: / (Caused by NewConnectionError('<urllib3.connection.HTTPConnection object at 0x110d3d350>: Failed to establish a new connection: [Errno 61] Connection refused'))",2026-08-04T07:31:02.744813
https://locations-in.express.dhl.com/courier-service-in-prahlad-nagar-ahmedabad-gujarat/home,Failed,Website does not appear to be a valid business website,2026-08-04T07:32:38.146014
https://www.reliableintl.co.in/,Failed,"HTTPSConnectionPool(host='www.reliableintl.co.in', port=443): Max retries exceeded with url: / (Caused by ConnectTimeoutError(<urllib3.connection.HTTPSConnection object at 0x1122ef9d0>, 'Connection to www.reliableintl.co.in timed out. (connect timeout=15)'))",2026-08-04T07:33:23.690770
http://www.jdic.in/,Failed,cannot access local variable 'title' where it is not associated with a value,2026-08-04T07:33:24.419306
https://samedaylogistics.in/,Failed,"HTTPSConnectionPool(host='samedaylogistics.in', port=443): Max retries exceeded with url: / (Caused by ConnectTimeoutError(<urllib3.connection.HTTPSConnection object at 0x10a4b1450>, 'Connection to samedaylogistics.in timed out. (connect timeout=15)'))",2026-08-04T07:34:09.651078
http://radhecourier.com/,Failed,"HTTPConnectionPool(host='radhecourier.com', port=80): Max retries exceeded with url: / (Caused by ConnectTimeoutError(<urllib3.connection.HTTPConnection object at 0x111ed9150>, 'Connection to radhecourier.com timed out. (connect timeout=15)'))",2026-08-04T07:34:54.955478
https://www.speedairglobal.com/,Failed,"HTTPSConnectionPool(host='www.speedairglobal.com', port=443): Max retries exceeded with url: / (Caused by ConnectTimeoutError(<urllib3.connection.HTTPSConnection object at 0x10a4b0f50>, 'Connection to www.speedairglobal.com timed out. (connect timeout=15)'))",2026-08-04T07:35:47.475524
https://mycourierworld.com/,Failed,Website does not appear to be a valid business website,2026-08-04T07:35:48.084489
http://www.combinedcourier.com/,Failed,cannot access local variable 'title' where it is not associated with a value,2026-08-04T07:36:10.872621
http://thedeltaexpress.com/,Failed,"HTTPConnectionPool(host='thedeltaexpress.com', port=80): Max retries exceeded with url: / (Caused by ConnectTimeoutError(<urllib3.connection.HTTPConnection object at 0x1109a7350>, 'Connection to thedeltaexpress.com timed out. (connect timeout=15)'))",2026-08-04T07:37:46.816752
http://www.shreejiairways.in/,Failed,Website does not appear to be a valid business website,2026-08-04T07:37:54.806026
http://www.anjanicourier.in/,Failed,cannot access local variable 'title' where it is not associated with a value,2026-08-04T07:37:55.187040
http://www.universalcourier.co.in/,Failed,"HTTPConnectionPool(host='www.universalcourier.co.in', port=80): Max retries exceeded with url: / (Caused by ConnectTimeoutError(<urllib3.connection.HTTPConnection object at 0x110d3d150>, 'Connection to www.universalcourier.co.in timed out. (connect timeout=15)'))",2026-08-04T07:43:57.689199
http://www.kasumbal.com/,Failed,Website does not appear to be a valid business website,2026-08-04T07:43:59.658880
https://aics.in/,Failed,"HTTPSConnectionPool(host='aics.in', port=443): Max retries exceeded with url: / (Caused by ConnectTimeoutError(<urllib3.connection.HTTPSConnection object at 0x10a8ba0d0>, 'Connection to aics.in timed out. (connect timeout=15)'))",2026-08-04T07:44:52.639912
http://www.hispeedinternationalcourier.com/,Failed,cannot access local variable 'title' where it is not associated with a value,2026-08-04T07:44:54.392405
http://shreemahavircourier.com/,Failed,"HTTPConnectionPool(host='shreemahavircourier.com', port=80): Max retries exceeded with url: / (Caused by ConnectTimeoutError(<urllib3.connection.HTTPConnection object at 0x10a7d6850>, 'Connection to shreemahavircourier.com timed out. (connect timeout=15)'))",2026-08-04T07:45:55.137779
http://airfield.co.in/,Failed,Website does not appear to be a valid business website,2026-08-04T07:46:06.403353
http://shreenandancourier.com/,Failed,cannot access local variable 'title' where it is not associated with a value,2026-08-04T07:46:07.007536
https://web.mydtdc.in/?hubCode=AF1741,Failed,cannot access local variable 'title' where it is not associated with a value,2026-08-04T07:46:08.697307
https://www.vaishnavicourier.com/,Failed,"HTTPSConnectionPool(host='www.vaishnavicourier.com', port=443): Max retries exceeded with url: / (Caused by NameResolutionError(""<urllib3.connection.HTTPSConnection object at 0x10a8ba0d0>: Failed to resolve 'www.vaishnavicourier.com' ([Errno 8] nodename nor servname provided, or not known)""))",2026-08-04T07:46:22.115820
http://www.datexcargo.com/,Failed,cannot access local variable 'title' where it is not associated with a value,2026-08-04T07:46:24.249660
http://www.fastwaytravelworld.in/,Failed,cannot access local variable 'title' where it is not associated with a value,2026-08-04T07:46:26.907264
http://www.skyking.co/,Failed,"HTTPConnectionPool(host='www.skyking.co', port=80): Max retries exceeded with url: / (Caused by ConnectTimeoutError(<urllib3.connection.HTTPConnection object at 0x110d3e350>, 'Connection to www.skyking.co timed out. (connect timeout=15)'))",2026-08-04T07:47:14.427966
https://www.google.com/maps/contrib/111823263465459724968?hl=en-IN,Failed,Website does not appear to be a valid business website,2026-08-04T07:47:18.743550
http://online.patelcouriers.in/,Failed,cannot access local variable 'title' where it is not associated with a value,2026-08-04T07:47:19.761994
https://gatipvt.in/branch/ahmedabad,Failed,cannot access local variable 'title' where it is not associated with a value,2026-08-04T07:47:20.181916
http://www.edrcourier.com/,Failed,403 Client Error: Forbidden for url: http://www.edrcourier.com/,2026-08-04T07:47:20.840852
http://www.shaktistarintl.in/,Failed,"HTTPSConnectionPool(host='www.shaktistarintl.in', port=443): Max retries exceeded with url: / (Caused by SSLError(SSLCertVerificationError(1, ""[SSL: CERTIFICATE_VERIFY_FAILED] certificate verify failed: Hostname mismatch, certificate is not valid for 'www.shaktistarintl.in'. (_ssl.c:1032)"")))",2026-08-04T07:47:24.054151
https://shreetirupaticourierservice.net/,Failed,"HTTPSConnectionPool(host='shreetirupaticourierservice.net', port=443): Max retries exceeded with url: / (Caused by NameResolutionError(""<urllib3.connection.HTTPSConnection object at 0x10a8ba210>: Failed to resolve 'shreetirupaticourierservice.net' ([Errno 8] nodename nor servname provided, or not known)""))",2026-08-04T07:47:32.197109
https://pickmycourier.com/,Failed,Website does not appear to be a valid business website,2026-08-04T07:54:33.168791
https://www.siuslogistics.in/,Failed,Website does not appear to be a valid business website,2026-08-04T07:54:35.984632
https://locations-in.express.dhl.com/courier-service-in-kuppakonam-pudur-coimbatore-tamilnadu/home,Failed,Website does not appear to be a valid business website,2026-08-04T07:55:28.365216
https://shipwithvel.com/,Failed,Website does not appear to be a valid business website,2026-08-04T07:55:37.417378
https://www.shreemahavircourier.com/,Failed,"HTTPSConnectionPool(host='www.shreemahavircourier.com', port=443): Max retries exceeded with url: / (Caused by ConnectTimeoutError(<urllib3.connection.HTTPSConnection object at 0x10a8ba350>, 'Connection to www.shreemahavircourier.com timed out. (connect timeout=15)'))",2026-08-04T07:56:30.281484
http://www.akrexpress.com/,Failed,Website does not appear to be a valid business website,2026-08-04T07:56:38.576594
https://www.garudavega.com/contactus.php,Failed,403 Client Error: Forbidden for url: https://www.garudavega.com/contactus.php,2026-08-04T07:56:39.786254
http://www.dtdc.in/,Failed,"HTTPConnectionPool(host='www.dtdc.in', port=80): Max retries exceeded with url: / (Caused by NewConnectionError('<urllib3.connection.HTTPConnection object at 0x10ae33550>: Failed to establish a new connection: [Errno 61] Connection refused'))",2026-08-04T07:56:40.225057
https://www.mrsspeedparcelservice.com/,Failed,Website does not appear to be a valid business website,2026-08-04T07:57:07.147262
https://shiphit.com/international-courier-coimbatore,Failed,Website does not appear to be a valid business website,2026-08-04T07:57:15.523332
http://www.mjmexpress.in/,Failed,"HTTPConnectionPool(host='www.mjmexpress.in', port=80): Max retries exceeded with url: / (Caused by ConnectTimeoutError(<urllib3.connection.HTTPConnection object at 0x13f55d250>, 'Connection to www.mjmexpress.in timed out. (connect timeout=15)'))",2026-08-04T07:58:18.045496
http://www.abtlogistics.com/,Failed,Website does not appear to be a valid business website,2026-08-04T07:58:24.498163
http://www.abtparcelservice.com/,Failed,Website does not appear to be a valid business website,2026-08-04T07:58:25.115811
https://aics.in/,Failed,"HTTPSConnectionPool(host='aics.in', port=443): Max retries exceeded with url: / (Caused by ConnectTimeoutError(<urllib3.connection.HTTPSConnection object at 0x1122ece10>, 'Connection to aics.in timed out. (connect timeout=15)'))",2026-08-04T08:06:03.996351
https://locations-in.express.dhl.com/courier-service-in-athwa-surat-gujarat/home,Failed,Website does not appear to be a valid business website,2026-08-04T08:07:43.527497
http://kesaricourier.com/,Failed,403 Client Error: Forbidden for url: http://kesaricourier.com/,2026-08-04T08:07:48.012537
http://www.maahiparcel.com/,Failed,"HTTPConnectionPool(host='www.maahiparcel.com', port=80): Max retries exceeded with url: / (Caused by ConnectTimeoutError(<urllib3.connection.HTTPConnection object at 0x110d3f650>, 'Connection to www.maahiparcel.com timed out. (connect timeout=15)'))",2026-08-04T08:08:52.098321
http://www.citycouriersurat.in/,Failed,"HTTPConnectionPool(host='www.citycouriersurat.in', port=80): Max retries exceeded with url: / (Caused by ConnectTimeoutError(<urllib3.connection.HTTPConnection object at 0x111138050>, 'Connection to www.citycouriersurat.in timed out. (connect timeout=15)'))",2026-08-04T08:09:50.179051
http://www.foxygologistics.com/,Failed,cannot access local variable 'title' where it is not associated with a value,2026-08-04T08:09:57.174289
http://www.satyamcouriers.com/,Failed,cannot access local variable 'title' where it is not associated with a value,2026-08-04T08:09:58.061052
http://shreenandancourier.com/,Failed,cannot access local variable 'title' where it is not associated with a value,2026-08-04T08:10:00.322951
http://www.dtdc.in/,Failed,"HTTPConnectionPool(host='www.dtdc.in', port=80): Max retries exceeded with url: / (Caused by NewConnectionError('<urllib3.connection.HTTPConnection object at 0x10a4a9b50>: Failed to establish a new connection: [Errno 61] Connection refused'))",2026-08-04T08:10:11.203871
http://www.eparcels.in/,Failed,"HTTPConnectionPool(host='www.eparcels.in', port=80): Max retries exceeded with url: / (Caused by NameResolutionError(""<urllib3.connection.HTTPConnection object at 0x110d3d350>: Failed to resolve 'www.eparcels.in' ([Errno 8] nodename nor servname provided, or not known)""))",2026-08-04T08:10:24.257152
https://skyking.co/about-us,Failed,"HTTPSConnectionPool(host='skyking.co', port=443): Max retries exceeded with url: /about-us (Caused by ConnectTimeoutError(<urllib3.connection.HTTPSConnection object at 0x10a8b9e50>, 'Connection to skyking.co timed out. (connect timeout=15)'))",2026-08-04T08:11:12.217581
http://shreemahavircourier.com/pickup-request.aspx,Failed,"HTTPConnectionPool(host='shreemahavircourier.com', port=80): Max retries exceeded with url: /pickup-request.aspx (Caused by ConnectTimeoutError(<urllib3.connection.HTTPConnection object at 0x110d3fe50>, 'Connection to shreemahavircourier.com timed out. (connect timeout=15)'))",2026-08-04T08:11:57.256459
http://www.flyinternationcourier.in/,Failed,"HTTPConnectionPool(host='www.flyinternationcourier.in', port=80): Max retries exceeded with url: / (Caused by NameResolutionError(""<urllib3.connection.HTTPConnection object at 0x10a7d4950>: Failed to resolve 'www.flyinternationcourier.in' ([Errno 8] nodename nor servname provided, or not known)""))",2026-08-04T08:12:05.992511
http://www.xpressbees.com/,Failed,Website does not appear to be a valid business website,2026-08-04T08:12:06.562485
http://www.shreeanjani.co.in/,Failed,Website does not appear to be a valid business website,2026-08-04T08:12:10.263981
https://www.shreemahavircourier.in/,Failed,"HTTPSConnectionPool(host='www.shreemahavircourier.in', port=443): Max retries exceeded with url: / (Caused by ConnectTimeoutError(<urllib3.connection.HTTPSConnection object at 0x1122edf90>, 'Connection to www.shreemahavircourier.in timed out. (connect timeout=15)'))",2026-08-04T08:13:03.104031
https://sainx.in/,Failed,cannot access local variable 'title' where it is not associated with a value,2026-08-04T08:13:06.616042
https://www.delhivery.com/,Failed,Website does not appear to be a valid business website,2026-08-04T08:13:07.034178
http://www.zexpresscourier.com/contact.php,Failed,409 Client Error: Conflict for url: http://www.zexpresscourier.com/contact.php,2026-08-04T08:13:11.547383
https://marutiair.com/,Failed,"('Connection aborted.', ConnectionResetError(54, 'Connection reset by peer'))",2026-08-04T08:13:12.159835
https://bharatparcel.com/,Failed,cannot access local variable 'title' where it is not associated with a value,2026-08-04T08:13:14.655902
https://onpoint.in/,Failed,"HTTPSConnectionPool(host='onpoint.in', port=443): Max retries exceeded with url: / (Caused by SSLError(SSLCertVerificationError(1, '[SSL: CERTIFICATE_VERIFY_FAILED] certificate verify failed: unable to get local issuer certificate (_ssl.c:1032)')))",2026-08-04T08:22:41.639101
https://www.wingscourierjaipur.com/,Failed,Website does not appear to be a valid business website,2026-08-04T08:22:47.877328
https://reliableintl.co.in/,Failed,"HTTPSConnectionPool(host='reliableintl.co.in', port=443): Max retries exceeded with url: / (Caused by ConnectTimeoutError(<urllib3.connection.HTTPSConnection object at 0x1122ed6d0>, 'Connection to reliableintl.co.in timed out. (connect timeout=15)'))",2026-08-04T08:23:46.587582
http://neelgiriworldwide.com/,Failed,cannot access local variable 'title' where it is not associated with a value,2026-08-04T08:23:48.758045
https://locations-in.express.dhl.com/courier-service-in-ashok-nagar-jaipur-rajasthan/home,Failed,Website does not appear to be a valid business website,2026-08-04T08:25:22.756826
https://sites.google.com/view/salasarcourier/home,Failed,Website does not appear to be a valid business website,2026-08-04T08:25:24.068371
http://www.dtdc.in/,Failed,"HTTPConnectionPool(host='www.dtdc.in', port=80): Max retries exceeded with url: / (Caused by NewConnectionError('<urllib3.connection.HTTPConnection object at 0x10ae30050>: Failed to establish a new connection: [Errno 61] Connection refused'))",2026-08-04T08:25:30.082576
http://www.dhl.co.in/,Failed,"HTTPSConnectionPool(host='www.dhl.com', port=443): Read timed out. (read timeout=15)",2026-08-04T08:26:16.780999
http://www.renwalcourier.com/,Failed,"HTTPConnectionPool(host='www.renwalcourier.com', port=80): Max retries exceeded with url: / (Caused by NameResolutionError(""<urllib3.connection.HTTPConnection object at 0x111138e50>: Failed to resolve 'www.renwalcourier.com' ([Errno 8] nodename nor servname provided, or not known)""))",2026-08-04T08:26:17.099274
http://www.shipindiasey.com/,Failed,"HTTPConnectionPool(host='www.shipindiasey.com', port=80): Max retries exceeded with url: / (Caused by ConnectTimeoutError(<urllib3.connection.HTTPConnection object at 0x111edb750>, 'Connection to www.shipindiasey.com timed out. (connect timeout=15)'))",2026-08-04T08:27:02.525961
http://www.internationalexp.com/,Failed,cannot access local variable 'title' where it is not associated with a value,2026-08-04T08:27:14.119525
http://airstarxpress.com/,Failed,cannot access local variable 'title' where it is not associated with a value,2026-08-04T08:27:16.561229
http://svgjpr.com/,Failed,"HTTPConnectionPool(host='svgjpr.com', port=80): Max retries exceeded with url: / (Caused by NameResolutionError(""<urllib3.connection.HTTPConnection object at 0x110d3eb50>: Failed to resolve 'svgjpr.com' ([Errno 8] nodename nor servname provided, or not known)""))",2026-08-04T08:27:16.992694
https://www.delhivery.com/,Failed,Website does not appear to be a valid business website,2026-08-04T08:27:17.462030
http://www.tpcglobe.com/,Failed,"HTTPConnectionPool(host='www.tpcglobe.com', port=80): Max retries exceeded with url: / (Caused by ConnectTimeoutError(<urllib3.connection.HTTPConnection object at 0x110d3c750>, 'Connection to www.tpcglobe.com timed out. (connect timeout=15)'))",2026-08-04T08:28:10.767640
https://www.alkacourier.com/,Failed,cannot access local variable 'title' where it is not associated with a value,2026-08-04T08:28:13.523890
https://www.gxpresss.com/,Failed,"HTTPSConnectionPool(host='www.gxpresss.com', port=443): Max retries exceeded with url: / (Caused by ConnectTimeoutError(<urllib3.connection.HTTPSConnection object at 0x1122ec7d0>, 'Connection to www.gxpresss.com timed out. (connect timeout=15)'))",2026-08-04T08:29:17.365634
https://www.ups.com/content/in/en/contact/index.html?WT.svl=eFooter,Failed,"HTTPSConnectionPool(host='www.ups.com', port=443): Read timed out. (read timeout=15)",2026-08-04T08:30:02.959414
http://skyking.co/,Failed,"HTTPConnectionPool(host='skyking.co', port=80): Max retries exceeded with url: / (Caused by ConnectTimeoutError(<urllib3.connection.HTTPConnection object at 0x110d3ca50>, 'Connection to skyking.co timed out. (connect timeout=15)'))",2026-08-04T08:30:48.065781
http://www.madhurcouriers.in/,Failed,Website does not appear to be a valid business website,2026-08-04T08:30:49.689042
https://jsdl.in/DT-30ONJRYC6N5,Failed,Website does not appear to be a valid business website,2026-08-04T08:30:50.744380
http://trackoncourier.com/,Failed,404 Client Error: Not Found for url: http://trackoncourier.com/,2026-08-04T08:30:59.773452
https://ecpm.in/,Failed,Website does not appear to be a valid business website,2026-08-04T08:31:10.537131
https://www.google.com/url?sa=t&source=web&rct=j&opi=89978449&url=https://www.dtdc.in/trace.asp&ved=2ahUKEwiJv77PzMWOAxX01jgGHdedMlsQFnoECAwQAQ&usg=AOvVaw2brodTEAK7Ve7_KcvcAY4G,Failed,Website does not appear to be a valid business website,2026-08-04T08:31:10.780530
http://www.syndicateindia.net/,Failed,"HTTPConnectionPool(host='www.syndicateindia.net', port=80): Max retries exceeded with url: / (Caused by NameResolutionError(""<urllib3.connection.HTTPConnection object at 0x10a7d7350>: Failed to resolve 'www.syndicateindia.net' ([Errno 8] nodename nor servname provided, or not known)""))",2026-08-04T08:31:40.441587
https://locations-in.express.dhl.com/courier-service-in-snehnagar-indore-madhya-pradesh/home,Failed,Website does not appear to be a valid business website,2026-08-04T08:42:40.329700
http://www.garudavega.com/,Failed,403 Client Error: Forbidden for url: http://www.garudavega.com/,2026-08-04T08:42:40.998195
http://www.dtdccouirerindore.in/,Failed,"HTTPConnectionPool(host='www.dtdccouirerindore.in', port=80): Max retries exceeded with url: / (Caused by NameResolutionError(""<urllib3.connection.HTTPConnection object at 0x10af3a050>: Failed to resolve 'www.dtdccouirerindore.in' ([Errno 8] nodename nor servname provided, or not known)""))",2026-08-04T08:42:44.296686
http://www.dtdc.in/,Failed,"HTTPConnectionPool(host='www.dtdc.in', port=80): Max retries exceeded with url: / (Caused by NewConnectionError('<urllib3.connection.HTTPConnection object at 0x10af3bd50>: Failed to establish a new connection: [Errno 61] Connection refused'))",2026-08-04T08:42:44.651361
https://www.indiancouriercompany.com/,Failed,"HTTPSConnectionPool(host='www.indiancouriercompany.com', port=443): Max retries exceeded with url: / (Caused by ConnectTimeoutError(<urllib3.connection.HTTPSConnection object at 0x10a8ba0d0>, 'Connection to www.indiancouriercompany.com timed out. (connect timeout=15)'))",2026-08-04T08:43:41.920185
https://www.madhurcouriers.in/,Failed,Website does not appear to be a valid business website,2026-08-04T08:43:43.144607
http://www.trackoncourier.com/,Failed,404 Client Error: Not Found for url: http://www.trackoncourier.com/,2026-08-04T08:43:43.892750
https://delhiveryindore05-prog.github.io/paras-logistics/,Failed,Website does not appear to be a valid business website,2026-08-04T08:43:46.231616
http://dhl.com/,Failed,"HTTPSConnectionPool(host='www.dhl.com', port=443): Read timed out. (read timeout=15)",2026-08-04T08:44:38.580580
http://www.dtdccorier.com/,Failed,"HTTPConnectionPool(host='www.dtdccorier.com', port=80): Max retries exceeded with url: / (Caused by NameResolutionError(""<urllib3.connection.HTTPConnection object at 0x10af3b250>: Failed to resolve 'www.dtdccorier.com' ([Errno 8] nodename nor servname provided, or not known)""))",2026-08-04T08:44:38.814385
http://www.dtdc.com/,Failed,"HTTPConnectionPool(host='www.dtdc.com', port=80): Max retries exceeded with url: / (Caused by NewConnectionError('<urllib3.connection.HTTPConnection object at 0x10a7d7b50>: Failed to establish a new connection: [Errno 61] Connection refused'))",2026-08-04T08:44:39.165702
https://www.delhivery.com/,Failed,Website does not appear to be a valid business website,2026-08-04T08:44:39.611805
http://shreemahavircourier.com/,Failed,"HTTPConnectionPool(host='shreemahavircourier.com', port=80): Max retries exceeded with url: / (Caused by ConnectTimeoutError(<urllib3.connection.HTTPConnection object at 0x10a7d7b50>, 'Connection to shreemahavircourier.com timed out. (connect timeout=15)'))",2026-08-04T08:45:24.710838
http://www.reliancecourier.in/,Failed,"HTTPConnectionPool(host='www.reliancecourier.in', port=80): Max retries exceeded with url: / (Caused by ConnectTimeoutError(<urllib3.connection.HTTPConnection object at 0x10ae30a50>, 'Connection to www.reliancecourier.in timed out. (connect timeout=15)'))",2026-08-04T08:46:10.096488
https://manjeetpackersindore.com/,Failed,Website does not appear to be a valid business website,2026-08-04T08:46:14.335595
http://www.bhawani-enterprises.in/,Failed,"HTTPConnectionPool(host='www.bhawani-enterprises.in', port=80): Max retries exceeded with url: / (Caused by ConnectTimeoutError(<urllib3.connection.HTTPConnection object at 0x10ae30a50>, 'Connection to www.bhawani-enterprises.in timed out. (connect timeout=15)'))",2026-08-04T08:46:59.696903
http://skyking.co/,Failed,"HTTPConnectionPool(host='skyking.co', port=80): Max retries exceeded with url: / (Caused by ConnectTimeoutError(<urllib3.connection.HTTPConnection object at 0x10ae32b50>, 'Connection to skyking.co timed out. (connect timeout=15)'))",2026-08-04T08:47:54.602125
http://www.smexpresslogistics.com/,Failed,"HTTPConnectionPool(host='www.smexpresslogistics.com', port=80): Max retries exceeded with url: / (Caused by ConnectTimeoutError(<urllib3.connection.HTTPConnection object at 0x10af39450>, 'Connection to www.smexpresslogistics.com timed out. (connect timeout=15)'))",2026-08-04T08:48:40.024262
http://www.mmlipl.in/,Failed,"HTTPConnectionPool(host='www.mmlipl.in', port=80): Max retries exceeded with url: / (Caused by ConnectTimeoutError(<urllib3.connection.HTTPConnection object at 0x10ae33550>, 'Connection to www.mmlipl.in timed out. (connect timeout=15)'))",2026-08-04T08:49:31.566459
http://www.shiftezyrelocation.com/,Failed,Website does not appear to be a valid business website,2026-08-04T08:49:33.490340
http://www.shreenandancourier.com/,Failed,cannot access local variable 'title' where it is not associated with a value,2026-08-04T08:49:33.952975
https://ghartak.in/,Failed,"HTTPSConnectionPool(host='ghartak.in', port=443): Max retries exceeded with url: / (Caused by NameResolutionError(""<urllib3.connection.HTTPSConnection object at 0x1122ec7d0>: Failed to resolve 'ghartak.in' ([Errno 8] nodename nor servname provided, or not known)""))",2026-08-04T08:49:57.274054
http://www.rajratanbus.in/,Failed,cannot access local variable 'title' where it is not associated with a value,2026-08-04T08:50:08.021260
https://www.google.co.in/search?q=Ankit+enterprises&ludocid=10624041434424073889&lsig=AB86z5XLZ1upl3v_wbsSZqOtVqd8#wptab=s:H4sIAAAAAAAAAONgVuLVT9c3NCwwNMlNNkspfsRowS3w8sc9YSn9SWtOXmPU5OIKzsgvd80rySypFJLmYoOyBKX4uVB18uxi4vPJT07MCcjPDMjIL8kvXsQqn5iXnVmikJpXklpUUJRZnFqskJmXkl-UqlAAVgEA6gta538AAAA,Failed,cannot access local variable 'title' where it is not associated with a value,2026-08-04T08:50:12.309340
https://newwelcomepackers.in/,Failed,"HTTPSConnectionPool(host='newwelcomepackers.in', port=443): Max retries exceeded with url: / (Caused by NameResolutionError(""<urllib3.connection.HTTPSConnection object at 0x10a4b2990>: Failed to resolve 'newwelcomepackers.in' ([Errno 8] nodename nor servname provided, or not known)""))",2026-08-04T08:50:12.436651
https://locations-in.express.dhl.com/courier-service-in-hazratganj-lucknow-uttar-pradesh/home,Failed,Website does not appear to be a valid business website,2026-08-04T08:57:48.517052
http://www.dtdc.in/,Failed,"HTTPConnectionPool(host='www.dtdc.in', port=80): Max retries exceeded with url: / (Caused by NewConnectionError('<urllib3.connection.HTTPConnection object at 0x10af39850>: Failed to establish a new connection: [Errno 61] Connection refused'))",2026-08-04T08:57:48.935459
http://www.dtdc.com/,Failed,"HTTPConnectionPool(host='www.dtdc.com', port=80): Max retries exceeded with url: / (Caused by NewConnectionError('<urllib3.connection.HTTPConnection object at 0x10ae33550>: Failed to establish a new connection: [Errno 61] Connection refused'))",2026-08-04T08:58:04.120970
http://www.shreetirupaticourierservice.net/,Failed,"HTTPConnectionPool(host='www.shreetirupaticourierservice.net', port=80): Max retries exceeded with url: / (Caused by NameResolutionError(""<urllib3.connection.HTTPConnection object at 0x10af39f50>: Failed to resolve 'www.shreetirupaticourierservice.net' ([Errno 8] nodename nor servname provided, or not known)""))",2026-08-04T08:58:07.823233
http://www.trackoncourier.com/,Failed,404 Client Error: Not Found for url: http://www.trackoncourier.com/,2026-08-04T08:58:21.865313
https://www.essess.info/?utm_source=google&utm_medium=wix_google_business_profile&utm_campaign=6263352532304371718,Failed,Website does not appear to be a valid business website,2026-08-04T08:58:28.050901
https://www.ekartlogistics.com/,Failed,cannot access local variable 'title' where it is not associated with a value,2026-08-04T08:58:32.321553
http://www.trackoncouriers.in/,Failed,Website does not appear to be a valid business website,2026-08-04T08:59:00.836725
http://www.bestcourierfranchiseindia.in/,Failed,"HTTPConnectionPool(host='www.bestcourierfranchiseindia.in', port=80): Max retries exceeded with url: / (Caused by NameResolutionError(""<urllib3.connection.HTTPConnection object at 0x10af3a850>: Failed to resolve 'www.bestcourierfranchiseindia.in' ([Errno 8] nodename nor servname provided, or not known)""))",2026-08-04T08:59:00.977144
https://www.delhivery.com/,Failed,Website does not appear to be a valid business website,2026-08-04T08:59:01.285609
https://dmarineshipping.in/,Failed,"HTTPSConnectionPool(host='dmarineshipping.in', port=443): Max retries exceeded with url: / (Caused by NameResolutionError(""<urllib3.connection.HTTPSConnection object at 0x10a8bb4d0>: Failed to resolve 'dmarineshipping.in' ([Errno 8] nodename nor servname provided, or not known)""))",2026-08-04T08:59:01.402610
https://courierworld.in/,Failed,"HTTPSConnectionPool(host='courierworld.in', port=443): Max retries exceeded with url: / (Caused by ConnectTimeoutError(<urllib3.connection.HTTPSConnection object at 0x10a8b91d0>, 'Connection to courierworld.in timed out. (connect timeout=15)'))",2026-08-04T09:07:12.129219
https://locations-in.express.dhl.com/courier-service-in-ernakulam-kochi-kerala/home,Failed,Website does not appear to be a valid business website,2026-08-04T09:08:45.046803
http://www.expresscok.com/,Failed,401 Client Error: Unauthorized for url: https://expresscok.com/,2026-08-04T09:08:51.974031
http://www.tradeandlogistic.com/,Failed,"HTTPConnectionPool(host='www.tradeandlogistic.com', port=80): Max retries exceeded with url: / (Caused by NameResolutionError(""<urllib3.connection.HTTPConnection object at 0x10ae32d50>: Failed to resolve 'www.tradeandlogistic.com' ([Errno 8] nodename nor servname provided, or not known)""))",2026-08-04T09:08:52.203473
https://www.garudavega.com/contact/service-center-palarivattom.php,Failed,403 Client Error: Forbidden for url: https://www.garudavega.com/contact/service-center-palarivattom.php,2026-08-04T09:08:53.236465
http://www.delhivery.com/,Failed,Website does not appear to be a valid business website,2026-08-04T09:08:53.695100
https://keralabusinesslist.com/intex-courier-cargo,Failed,"HTTPSConnectionPool(host='keralabusinesslist.com', port=443): Max retries exceeded with url: /intex-courier-cargo (Caused by SSLError(SSLCertVerificationError(1, '[SSL: CERTIFICATE_VERIFY_FAILED] certificate verify failed: self-signed certificate (_ssl.c:1032)')))",2026-08-04T09:08:54.326071
http://globalcourierandshipping.in/,Failed,"HTTPConnectionPool(host='globalcourierandshipping.in', port=80): Max retries exceeded with url: / (Caused by NameResolutionError(""<urllib3.connection.HTTPConnection object at 0x10af38750>: Failed to resolve 'globalcourierandshipping.in' ([Errno 8] nodename nor servname provided, or not known)""))",2026-08-04T09:08:54.448648
https://airwinch.in/,Failed,"HTTPSConnectionPool(host='airwinch.in', port=443): Max retries exceeded with url: / (Caused by ConnectTimeoutError(<urllib3.connection.HTTPSConnection object at 0x1122ec550>, 'Connection to airwinch.in timed out. (connect timeout=15)'))",2026-08-04T09:09:42.100157
https://expresscourierservice.in/,Failed,"HTTPSConnectionPool(host='expresscourierservice.in', port=443): Max retries exceeded with url: / (Caused by ConnectTimeoutError(<urllib3.connection.HTTPSConnection object at 0x10a9ccf50>, 'Connection to expresscourierservice.in timed out. (connect timeout=15)'))",2026-08-04T09:10:41.168424
http://dtdc.in/,Failed,500 Server Error: Internal Server Error for url: https://www.dtdc.com,2026-08-04T09:10:42.970571
http://www.ups.com/,Failed,"HTTPSConnectionPool(host='www.ups.com', port=443): Read timed out. (read timeout=15)",2026-08-04T09:11:28.928643
http://tpcindia.com/,Failed,"HTTPConnectionPool(host='tpcindia.com', port=80): Max retries exceeded with url: / (Caused by ConnectTimeoutError(<urllib3.connection.HTTPConnection object at 0x110d3f750>, 'Connection to tpcindia.com timed out. (connect timeout=15)'))",2026-08-04T09:12:14.034498
http://www.speedandsafe.com/,Failed,cannot access local variable 'title' where it is not associated with a value,2026-08-04T09:12:19.207448
http://www.packship.in/,Failed,"HTTPConnectionPool(host='www.packship.in', port=80): Max retries exceeded with url: / (Caused by NameResolutionError(""<urllib3.connection.HTTPConnection object at 0x110d3e650>: Failed to resolve 'www.packship.in' ([Errno 8] nodename nor servname provided, or not known)""))",2026-08-04T09:12:25.521737
http://franchexpress.com/,Failed,403 Client Error: Forbidden for url: https://franchexpress.com/,2026-08-04T09:12:26.019789
http://www.tpcglobe.com/,Failed,"HTTPConnectionPool(host='www.tpcglobe.com', port=80): Max retries exceeded with url: / (Caused by ConnectTimeoutError(<urllib3.connection.HTTPConnection object at 0x10a4a9550>, 'Connection to www.tpcglobe.com timed out. (connect timeout=15)'))",2026-08-04T09:13:11.057836
https://www.icourier.in/,Failed,"HTTPSConnectionPool(host='www.icourier.in', port=443): Max retries exceeded with url: / (Caused by NameResolutionError(""<urllib3.connection.HTTPSConnection object at 0x10a9cfc50>: Failed to resolve 'www.icourier.in' ([Errno 8] nodename nor servname provided, or not known)""))",2026-08-04T09:13:37.982192
http://www.arcparcelservice.com/,Failed,403 Client Error: Forbidden for url: http://www.arcparcelservice.com/,2026-08-04T09:14:51.787112
https://locations-in.express.dhl.com/courier-service-in-dharampeth-nagpur-maharashtra/home,Failed,Website does not appear to be a valid business website,2026-08-04T09:23:14.568906
http://www.dtdcchhaoni.co.in/,Failed,"HTTPConnectionPool(host='www.dtdcchhaoni.co.in', port=80): Max retries exceeded with url: / (Caused by NameResolutionError(""<urllib3.connection.HTTPConnection object at 0x111138d50>: Failed to resolve 'www.dtdcchhaoni.co.in' ([Errno 8] nodename nor servname provided, or not known)""))",2026-08-04T09:23:15.464693
http://www.shreemahavircourier.com/,Failed,"HTTPConnectionPool(host='www.shreemahavircourier.com', port=80): Max retries exceeded with url: / (Caused by ConnectTimeoutError(<urllib3.connection.HTTPConnection object at 0x111edac50>, 'Connection to www.shreemahavircourier.com timed out. (connect timeout=15)'))",2026-08-04T09:24:29.920183
https://daakghar.in/,Failed,Website does not appear to be a valid business website,2026-08-04T09:24:31.981068
http://www.garudavega.com/,Failed,403 Client Error: Forbidden for url: http://www.garudavega.com/,2026-08-04T09:24:32.505331
"http://www.cr.indianrailways.gov.in/view_section.jsp?lang=0&id=0,6,287,384,1766",Failed,"HTTPConnectionPool(host='www.cr.indianrailways.gov.in', port=80): Max retries exceeded with url: /view_section.jsp?lang=0&id=0,6,287,384,1766 (Caused by NewConnectionError('<urllib3.connection.HTTPConnection object at 0x111ed8550>: Failed to establish a new connection: [Errno 61] Connection refused'))",2026-08-04T09:24:32.839800
http://shreeanjani.co.in/,Failed,Website does not appear to be a valid business website,2026-08-04T09:24:34.779173
http://www.skyking.co/,Failed,"HTTPConnectionPool(host='www.skyking.co', port=80): Max retries exceeded with url: / (Caused by ConnectTimeoutError(<urllib3.connection.HTTPConnection object at 0x111139150>, 'Connection to www.skyking.co timed out. (connect timeout=15)'))",2026-08-04T09:25:20.065310
https://marutiair.com/,Failed,"('Connection aborted.', ConnectionResetError(54, 'Connection reset by peer'))",2026-08-04T09:25:20.480399
http://www.shreenandancourier.com/,Failed,cannot access local variable 'title' where it is not associated with a value,2026-08-04T09:25:23.418413
https://vrlgroup.in/vrl_logistics_service.aspx,Failed,404 Client Error: Not Found for url: https://vrlgroup.in/vrl_logistics_service.aspx,2026-08-04T09:25:29.471604
http://www.fastlogisticscargo.com/,Failed,"HTTPConnectionPool(host='www.fastlogisticscargo.com', port=80): Max retries exceeded with url: / (Caused by ConnectTimeoutError(<urllib3.connection.HTTPConnection object at 0x110d3fe50>, 'Connection to www.fastlogisticscargo.com timed out. (connect timeout=15)'))",2026-08-04T09:26:26.138902
https://www.google.com/maps/contrib/108877984571557081744?hl=en-IN,Failed,Website does not appear to be a valid business website,2026-08-04T09:26:30.401024
http://www.eaglelogistics.in/,Failed,"HTTPConnectionPool(host='www.eaglelogistics.in', port=80): Max retries exceeded with url: / (Caused by ConnectTimeoutError(<urllib3.connection.HTTPConnection object at 0x11113b250>, 'Connection to www.eaglelogistics.in timed out. (connect timeout=15)'))",2026-08-04T09:37:35.192777
https://vxpress.in/?utm_source=store_locator&utm_medium=brand_website,Failed,"HTTPSConnectionPool(host='vxpress.in', port=443): Max retries exceeded with url: /?utm_source=store_locator&utm_medium=brand_website (Caused by ConnectTimeoutError(<urllib3.connection.HTTPSConnection object at 0x1122ecf50>, 'Connection to vxpress.in timed out. (connect timeout=15)'))",2026-08-04T09:38:20.334267
http://smexpresslogistics.com/,Failed,"HTTPConnectionPool(host='smexpresslogistics.com', port=80): Max retries exceeded with url: / (Caused by ConnectTimeoutError(<urllib3.connection.HTTPConnection object at 0x111ed9050>, 'Connection to smexpresslogistics.com timed out. (connect timeout=15)'))",2026-08-04T09:39:05.426205
https://vegaexpress.net/,Failed,"HTTPSConnectionPool(host='vegaexpress.net', port=443): Max retries exceeded with url: / (Caused by ConnectTimeoutError(<urllib3.connection.HTTPSConnection object at 0x1129dce10>, 'Connection to vegaexpress.net timed out. (connect timeout=15)'))",2026-08-04T09:40:10.831105
http://www.cargotokerala.com/,Failed,"HTTPConnectionPool(host='www.cargotokerala.com', port=80): Max retries exceeded with url: / (Caused by NewConnectionError('<urllib3.connection.HTTPConnection object at 0x111ed8f50>: Failed to establish a new connection: [Errno 61] Connection refused'))",2026-08-04T09:40:11.347365
http://www.orbitexpress.in/,Failed,"HTTPConnectionPool(host='www.orbitexpress.in', port=80): Max retries exceeded with url: / (Caused by ConnectTimeoutError(<urllib3.connection.HTTPConnection object at 0x111eda750>, 'Connection to www.orbitexpress.in timed out. (connect timeout=15)'))",2026-08-04T09:40:59.199206
https://www.ssdexpresalogistics.com/,Failed,"HTTPSConnectionPool(host='www.ssdexpresalogistics.com', port=443): Max retries exceeded with url: / (Caused by NameResolutionError(""<urllib3.connection.HTTPSConnection object at 0x10a8b8190>: Failed to resolve 'www.ssdexpresalogistics.com' ([Errno 8] nodename nor servname provided, or not known)""))",2026-08-04T09:40:59.450499
https://ezlogistics.in/,Failed,"HTTPSConnectionPool(host='ezlogistics.in', port=443): Max retries exceeded with url: / (Caused by ConnectTimeoutError(<urllib3.connection.HTTPSConnection object at 0x1129ddbd0>, 'Connection to ezlogistics.in timed out. (connect timeout=15)'))",2026-08-04T09:41:44.625908
http://www.hellmann.com/,Failed,"HTTPSConnectionPool(host='www.hellmann.com', port=443): Max retries exceeded with url: / (Caused by SSLError(SSLCertVerificationError(1, '[SSL: CERTIFICATE_VERIFY_FAILED] certificate verify failed: unable to get local issuer certificate (_ssl.c:1032)')))",2026-08-04T09:42:03.910481
https://globecourier.in/,Failed,cannot access local variable 'title' where it is not associated with a value,2026-08-04T09:42:13.839514
https://www.omexpresspackersandmovers.com/,Failed,"HTTPSConnectionPool(host='www.omexpresspackersandmovers.com', port=443): Max retries exceeded with url: / (Caused by ConnectTimeoutError(<urllib3.connection.HTTPSConnection object at 0x1122efb10>, 'Connection to www.omexpresspackersandmovers.com timed out. (connect timeout=15)'))",2026-08-04T09:43:20.761511
http://www.markexpress.co.in/,Failed,"HTTPConnectionPool(host='www.markexpress.co.in', port=80): Max retries exceeded with url: / (Caused by ConnectTimeoutError(<urllib3.connection.HTTPConnection object at 0x111138d50>, 'Connection to www.markexpress.co.in timed out. (connect timeout=15)'))",2026-08-04T09:44:05.999563
http://gouplogistics.in/,Failed,"HTTPConnectionPool(host='gouplogistics.in', port=80): Max retries exceeded with url: / (Caused by NameResolutionError(""<urllib3.connection.HTTPConnection object at 0x110d3c750>: Failed to resolve 'gouplogistics.in' ([Errno 8] nodename nor servname provided, or not known)""))",2026-08-04T09:44:17.091577
https://www.reliableintl.co.in/,Failed,"HTTPSConnectionPool(host='www.reliableintl.co.in', port=443): Max retries exceeded with url: / (Caused by ConnectTimeoutError(<urllib3.connection.HTTPSConnection object at 0x10a8b96d0>, 'Connection to www.reliableintl.co.in timed out. (connect timeout=15)'))",2026-08-04T09:45:02.519204
http://www.flyexpressinternationalcourierservices.com/,Failed,"HTTPConnectionPool(host='www.flyexpressinternationalcourierservices.com', port=80): Max retries exceeded with url: / (Caused by NameResolutionError(""<urllib3.connection.HTTPConnection object at 0x110d3fe50>: Failed to resolve 'www.flyexpressinternationalcourierservices.com' ([Errno 8] nodename nor servname provided, or not known)""))",2026-08-04T09:45:03.397230
https://locations-in.express.dhl.com/courier-service-in-ashok-nagar-bengaluru-karnataka/home,Failed,Website does not appear to be a valid business website,2026-08-04T09:45:57.507612
http://www.kabaexpress.com/,Failed,"HTTPConnectionPool(host='www.kabaexpress.com', port=80): Max retries exceeded with url: / (Caused by ConnectTimeoutError(<urllib3.connection.HTTPConnection object at 0x10a4a8a50>, 'Connection to www.kabaexpress.com timed out. (connect timeout=15)'))",2026-08-04T09:46:53.394534
http://shipzy.in/,Failed,"HTTPConnectionPool(host='shipzy.in', port=80): Max retries exceeded with url: / (Caused by ConnectTimeoutError(<urllib3.connection.HTTPConnection object at 0x10a4a9b50>, 'Connection to shipzy.in timed out. (connect timeout=15)'))",2026-08-04T09:48:38.390660
https://akrexpress.com/,Failed,Website does not appear to be a valid business website,2026-08-04T09:48:43.555746
https://www.dhl.in/,Failed,"HTTPSConnectionPool(host='www.dhl.in', port=443): Read timed out. (read timeout=15)",2026-08-04T09:49:29.478239
http://www.capitaltransport.in/,Failed,"HTTPConnectionPool(host='www.capitaltransport.in', port=80): Max retries exceeded with url: / (Caused by ConnectTimeoutError(<urllib3.connection.HTTPConnection object at 0x110d3d150>, 'Connection to www.capitaltransport.in timed out. (connect timeout=15)'))",2026-08-04T09:50:14.818062
http://shreerakshacourierandcargo.in/,Failed,"HTTPConnectionPool(host='shreerakshacourierandcargo.in', port=80): Max retries exceeded with url: / (Caused by NameResolutionError(""<urllib3.connection.HTTPConnection object at 0x10a4ab150>: Failed to resolve 'shreerakshacourierandcargo.in' ([Errno 8] nodename nor servname provided, or not known)""))",2026-08-04T09:50:39.555261
https://ecomexpress.in/,Failed,"HTTPSConnectionPool(host='ecomexpress.in', port=443): Max retries exceeded with url: / (Caused by SSLError(SSLCertVerificationError(1, '[SSL: CERTIFICATE_VERIFY_FAILED] certificate verify failed: certificate has expired (_ssl.c:1032)')))",2026-08-04T09:50:40.108338
https://dtdcnearme.com/,Failed,"HTTPSConnectionPool(host='dtdcnearme.com', port=443): Max retries exceeded with url: / (Caused by NameResolutionError(""<urllib3.connection.HTTPSConnection object at 0x1129dc2d0>: Failed to resolve 'dtdcnearme.com' ([Errno 8] nodename nor servname provided, or not known)""))",2026-08-04T09:50:43.128653
http://www.courierpoint.com/,Failed,Website does not appear to be a valid business website,2026-08-04T09:50:59.075897
https://homeshiftmovers.com/,Failed,"HTTPSConnectionPool(host='homeshiftmovers.com', port=443): Max retries exceeded with url: / (Caused by SSLError(SSLError(1, '[SSL: TLSV1_ALERT_INTERNAL_ERROR] tlsv1 alert internal error (_ssl.c:1032)')))",2026-08-04T09:50:59.789362
https://www.delhivery.com/direct/app/,Failed,cannot access local variable 'title' where it is not associated with a value,2026-08-04T09:51:00.212875
https://www.franchexpress.com/,Failed,403 Client Error: Forbidden for url: https://www.franchexpress.com/,2026-08-04T09:51:00.558274
http://www.shreemahavircourier.com/,Failed,"HTTPConnectionPool(host='www.shreemahavircourier.com', port=80): Max retries exceeded with url: / (Caused by ConnectTimeoutError(<urllib3.connection.HTTPConnection object at 0x10a4ab250>, 'Connection to www.shreemahavircourier.com timed out. (connect timeout=15)'))",2026-08-04T09:51:45.579936
http://www.dtdc.com/,Failed,"HTTPConnectionPool(host='www.dtdc.com', port=80): Max retries exceeded with url: / (Caused by NewConnectionError('<urllib3.connection.HTTPConnection object at 0x10ae33550>: Failed to establish a new connection: [Errno 61] Connection refused'))",2026-08-04T09:51:49.761048
http://www.expresskargo.in/contact.html,Failed,cannot access local variable 'title' where it is not associated with a value,2026-08-04T10:00:18.538693
http://easternexpress.in/,Failed,cannot access local variable 'title' where it is not associated with a value,2026-08-04T10:00:32.053320
http://indexlogistics.com/,Failed,cannot access local variable 'title' where it is not associated with a value,2026-08-04T10:00:34.474992
http://www.webxpress.in/,Failed,"HTTPConnectionPool(host='www.webxpress.in', port=80): Max retries exceeded with url: / (Caused by NameResolutionError(""<urllib3.connection.HTTPConnection object at 0x10a7d6850>: Failed to resolve 'www.webxpress.in' ([Errno 8] nodename nor servname provided, or not known)""))",2026-08-04T10:00:34.666694
http://centralexp.com/,Failed,cannot access local variable 'title' where it is not associated with a value,2026-08-04T10:00:42.644827
https://vxpress.in/?utm_source=store_locator&utm_medium=brand_website,Failed,"HTTPSConnectionPool(host='vxpress.in', port=443): Max retries exceeded with url: /?utm_source=store_locator&utm_medium=brand_website (Caused by ConnectTimeoutError(<urllib3.connection.HTTPSConnection object at 0x1129dd950>, 'Connection to vxpress.in timed out. (connect timeout=15)'))",2026-08-04T10:01:32.352212
http://www.efsindia.in/,Failed,"HTTPSConnectionPool(host='www.efsindia.in', port=443): Max retries exceeded with url: / (Caused by SSLError(SSLCertVerificationError(1, ""[SSL: CERTIFICATE_VERIFY_FAILED] certificate verify failed: Hostname mismatch, certificate is not valid for 'www.efsindia.in'. (_ssl.c:1032)"")))",2026-08-04T10:02:43.744477
http://www.emirateslogistics.net/,Failed,"HTTPConnectionPool(host='www.emirateslogistics.net', port=80): Max retries exceeded with url: / (Caused by ConnectTimeoutError(<urllib3.connection.HTTPConnection object at 0x13fdbb550>, 'Connection to www.emirateslogistics.net timed out. (connect timeout=15)'))",2026-08-04T10:03:30.575196
http://www.teamglobal.in/,Failed,"HTTPSConnectionPool(host='teamglobal.in', port=443): Max retries exceeded with url: / (Caused by SSLError(SSLCertVerificationError(1, '[SSL: CERTIFICATE_VERIFY_FAILED] certificate verify failed: unable to get local issuer certificate (_ssl.c:1032)')))",2026-08-04T10:03:31.446414
https://divinusexpress.com/,Failed,"HTTPSConnectionPool(host='divinusexpress.com', port=443): Max retries exceeded with url: / (Caused by ConnectTimeoutError(<urllib3.connection.HTTPSConnection object at 0x1129dd310>, 'Connection to divinusexpress.com timed out. (connect timeout=15)'))",2026-08-04T10:04:56.432283
https://citinetwork.co.in/courier-services/,Failed,"HTTPSConnectionPool(host='citinetwork.co.in', port=443): Max retries exceeded with url: /courier-services/ (Caused by NameResolutionError(""<urllib3.connection.HTTPSConnection object at 0x10a4b2990>: Failed to resolve 'citinetwork.co.in' ([Errno 8] nodename nor servname provided, or not known)""))",2026-08-04T10:05:19.732696
https://skexpresscourier.com/,Failed,"HTTPSConnectionPool(host='skexpresscourier.com', port=443): Read timed out. (read timeout=15)",2026-08-04T10:06:16.756697
https://sonaliexpressworldwide.com/,Failed,"HTTPSConnectionPool(host='sonaliexpressworldwide.com', port=443): Max retries exceeded with url: / (Caused by ConnectTimeoutError(<urllib3.connection.HTTPSConnection object at 0x1129dd090>, 'Connection to sonaliexpressworldwide.com timed out. (connect timeout=15)'))",2026-08-04T10:07:04.904859
http://www.smdexpresslogistics.com/,Failed,Website does not appear to be a valid business website,2026-08-04T10:07:05.360917
https://expressworldwidecourier.com/,Failed,"HTTPSConnectionPool(host='expressworldwidecourier.com', port=443): Max retries exceeded with url: / (Caused by ConnectTimeoutError(<urllib3.connection.HTTPSConnection object at 0x10a4b3610>, 'Connection to expressworldwidecourier.com timed out. (connect timeout=15)'))",2026-08-04T10:07:50.692397
http://expressair.in/,Failed,Website does not appear to be a valid business website,2026-08-04T10:08:03.693128
http://www.ewfcpl.com/,Failed,Website does not appear to be a valid business website,2026-08-04T10:08:10.061703
https://www.mexpresscargo.com/,Failed,"HTTPSConnectionPool(host='www.mexpresscargo.com', port=443): Max retries exceeded with url: / (Caused by ConnectTimeoutError(<urllib3.connection.HTTPSConnection object at 0x1129dd090>, 'Connection to www.mexpresscargo.com timed out. (connect timeout=15)'))",2026-08-04T10:09:10.975674
https://nilsiexpress.in/,Failed,"HTTPSConnectionPool(host='nilsiexpress.in', port=443): Max retries exceeded with url: / (Caused by ConnectTimeoutError(<urllib3.connection.HTTPSConnection object at 0x10a8ba210>, 'Connection to nilsiexpress.in timed out. (connect timeout=15)'))",2026-08-04T10:10:09.522383
http://www.speedtekexpress.com/,Failed,500 Server Error: Internal Server Error for url: http://www.speedtekexpress.com/,2026-08-04T10:12:04.044992
http://rcsexpresscourier.com/,Failed,"HTTPConnectionPool(host='rcsexpresscourier.com', port=80): Max retries exceeded with url: / (Caused by NameResolutionError(""<urllib3.connection.HTTPConnection object at 0x10a7d7350>: Failed to resolve 'rcsexpresscourier.com' ([Errno 8] nodename nor servname provided, or not known)""))",2026-08-04T10:12:20.908167
http://www.ups.com/,Failed,"HTTPSConnectionPool(host='www.ups.com', port=443): Read timed out. (read timeout=15)",2026-08-04T10:13:06.777248
http://xpressway.in/about-us.html,Failed,"not enough values to unpack (expected 2, got 1)",2026-08-04T10:14:17.028814
http://xpeed.aiom.in/,Failed,cannot access local variable 'title' where it is not associated with a value,2026-08-04T10:23:02.751045
http://www.expresscargoovers.in/,Failed,"HTTPConnectionPool(host='www.expresscargoovers.in', port=80): Max retries exceeded with url: / (Caused by NameResolutionError(""<urllib3.connection.HTTPConnection object at 0x11113a450>: Failed to resolve 'www.expresscargoovers.in' ([Errno 8] nodename nor servname provided, or not known)""))",2026-08-04T10:23:02.926064
https://www.emiratesshippings.com/,Failed,"HTTPSConnectionPool(host='www.emiratesshippings.com', port=443): Max retries exceeded with url: / (Caused by ConnectTimeoutError(<urllib3.connection.HTTPSConnection object at 0x10a8b8910>, 'Connection to www.emiratesshippings.com timed out. (connect timeout=15)'))",2026-08-04T10:23:58.274772
https://vxpress.in/?utm_source=store_locator&utm_medium=brand_website,Failed,"HTTPSConnectionPool(host='vxpress.in', port=443): Max retries exceeded with url: /?utm_source=store_locator&utm_medium=brand_website (Caused by ConnectTimeoutError(<urllib3.connection.HTTPSConnection object at 0x10a8bb4d0>, 'Connection to vxpress.in timed out. (connect timeout=15)'))",2026-08-04T10:24:50.023400
https://cherishlogistics.in/,Failed,"HTTPSConnectionPool(host='cherishlogistics.in', port=443): Max retries exceeded with url: / (Caused by NameResolutionError(""<urllib3.connection.HTTPSConnection object at 0x10a4b3250>: Failed to resolve 'cherishlogistics.in' ([Errno 8] nodename nor servname provided, or not known)""))",2026-08-04T10:24:53.064348
http://www.joylogis.com/,Failed,"HTTPConnectionPool(host='www.joylogis.com', port=80): Max retries exceeded with url: / (Caused by ConnectTimeoutError(<urllib3.connection.HTTPConnection object at 0x10ae32e50>, 'Connection to www.joylogis.com timed out. (connect timeout=15)'))",2026-08-04T10:25:44.632967
http://www.ntllogistics.com/,Failed,"HTTPConnectionPool(host='www.ntllogistics.com', port=80): Max retries exceeded with url: / (Caused by ConnectTimeoutError(<urllib3.connection.HTTPConnection object at 0x10ae33250>, 'Connection to www.ntllogistics.com timed out. (connect timeout=15)'))",2026-08-04T10:26:30.043094
http://www.efsindia.in/,Failed,"HTTPSConnectionPool(host='www.efsindia.in', port=443): Max retries exceeded with url: / (Caused by SSLError(SSLCertVerificationError(1, ""[SSL: CERTIFICATE_VERIFY_FAILED] certificate verify failed: Hostname mismatch, certificate is not valid for 'www.efsindia.in'. (_ssl.c:1032)"")))",2026-08-04T10:27:33.150454
http://www.logitrust.in/,Failed,"HTTPSConnectionPool(host='www.logitrust.in', port=443): Max retries exceeded with url: / (Caused by SSLError(SSLCertVerificationError(1, ""[SSL: CERTIFICATE_VERIFY_FAILED] certificate verify failed: Hostname mismatch, certificate is not valid for 'www.logitrust.in'. (_ssl.c:1032)"")))",2026-08-04T10:27:38.727362
https://relocationexpress.in/,Failed,"HTTPSConnectionPool(host='relocationexpress.in', port=443): Max retries exceeded with url: / (Caused by ConnectTimeoutError(<urllib3.connection.HTTPSConnection object at 0x1129df4d0>, 'Connection to relocationexpress.in timed out. (connect timeout=15)'))",2026-08-04T10:28:29.855921
http://www.dharmrajlogistics.com/,Failed,503 Server Error: Service Unavailable for url: http://www.dharmrajlogistics.com/,2026-08-04T10:28:37.780760
http://prologisfreight.com/,Failed,Website does not appear to be a valid business website,2026-08-04T10:28:39.021431
http://hnclogistics.in/,Failed,"HTTPConnectionPool(host='hnclogistics.in', port=80): Max retries exceeded with url: / (Caused by ConnectTimeoutError(<urllib3.connection.HTTPConnection object at 0x10a7d4950>, 'Connection to hnclogistics.in timed out. (connect timeout=15)'))",2026-08-04T10:29:24.247231
http://www.axpresslogistics.com/,Failed,Website does not appear to be a valid business website,2026-08-04T10:29:28.269375
http://www.amexlogistics.in/,Failed,"HTTPConnectionPool(host='www.amexlogistics.in', port=80): Max retries exceeded with url: / (Caused by ConnectTimeoutError(<urllib3.connection.HTTPConnection object at 0x10ae30a50>, 'Connection to www.amexlogistics.in timed out. (connect timeout=15)'))",2026-08-04T10:30:26.366672
http://www.tridevexpress.com/index_9.aspx,Failed,404 Client Error: Not Found for url: https://www.tridevexpress.com/index_9.aspx,2026-08-04T10:30:31.028198
http://www.ojhagroups.com/,Failed,cannot access local variable 'title' where it is not associated with a value,2026-08-04T10:30:36.613086
http://pacexpress.net/,Failed,"HTTPConnectionPool(host='pacexpress.net', port=80): Max retries exceeded with url: / (Caused by ConnectTimeoutError(<urllib3.connection.HTTPConnection object at 0x110d3fd50>, 'Connection to pacexpress.net timed out. (connect timeout=15)'))",2026-08-04T10:31:50.638459
https://locations-in.express.dhl.com/courier-service-in-okhla-industrial-estate-new-delhi-delhi/home,Failed,Website does not appear to be a valid business website,2026-08-04T10:33:23.482455
http://www.signetexpress.com/,Failed,Website does not appear to be a valid business website,2026-08-04T10:33:28.490794
https://www.mehtatransportcorporations.com/,Failed,"HTTPSConnectionPool(host='www.mehtatransportcorporations.com', port=443): Max retries exceeded with url: / (Caused by ConnectTimeoutError(<urllib3.connection.HTTPSConnection object at 0x1129dd6d0>, 'Connection to www.mehtatransportcorporations.com timed out. (connect timeout=15)'))",2026-08-04T10:34:13.881262
https://anytimeexpress.in/,Failed,Website does not appear to be a valid business website,2026-08-04T10:34:18.327216
https://www.safexpress.com/,Failed,cannot access local variable 'title' where it is not associated with a value,2026-08-04T10:34:25.761993
http://www.dtscargo.com/,Failed,Website does not appear to be a valid business website,2026-08-04T10:34:34.619613
https://bhadotri.com/,Failed,"HTTPSConnectionPool(host='bhadotri.com', port=443): Max retries exceeded with url: / (Caused by ConnectTimeoutError(<urllib3.connection.HTTPSConnection object at 0x1129dead0>, 'Connection to bhadotri.com timed out. (connect timeout=15)'))",2026-08-04T10:35:42.322175
https://www.aajscm.com/warehouses/delhi,Failed,"HTTPSConnectionPool(host='www.aajscm.com', port=443): Max retries exceeded with url: /warehouses/delhi (Caused by ConnectTimeoutError(<urllib3.connection.HTTPSConnection object at 0x1129dccd0>, 'Connection to www.aajscm.com timed out. (connect timeout=15)'))",2026-08-04T10:36:27.740898
https://www.freightlogistics.co.in/,Failed,Website does not appear to be a valid business website,2026-08-04T10:37:33.251923
http://amexpackers.com/packers-movers-delhi.html,Failed,"HTTPConnectionPool(host='amexpackers.com', port=80): Max retries exceeded with url: /packers-movers-delhi.html (Caused by ConnectTimeoutError(<urllib3.connection.HTTPConnection object at 0x10a4aa550>, 'Connection to amexpackers.com timed out. (connect timeout=15)'))",2026-08-04T10:38:23.609930
https://indiaexpressmovers.in/,Failed,"HTTPSConnectionPool(host='indiaexpressmovers.in', port=443): Max retries exceeded with url: / (Caused by NameResolutionError(""<urllib3.connection.HTTPSConnection object at 0x1129dc190>: Failed to resolve 'indiaexpressmovers.in' ([Errno 8] nodename nor servname provided, or not known)""))",2026-08-04T10:38:23.740440
http://www.axpresslogistics.com/,Failed,Website does not appear to be a valid business website,2026-08-04T10:45:05.869817
https://worldindiaexpress.com/,Failed,"HTTPSConnectionPool(host='worldindiaexpress.com', port=443): Max retries exceeded with url: / (Caused by ConnectTimeoutError(<urllib3.connection.HTTPSConnection object at 0x1129de710>, 'Connection to worldindiaexpress.com timed out. (connect timeout=15)'))",2026-08-04T10:45:51.391330
https://suntekaxpress.in/,Failed,"HTTPSConnectionPool(host='suntekaxpress.in', port=443): Max retries exceeded with url: / (Caused by ConnectTimeoutError(<urllib3.connection.HTTPSConnection object at 0x1129dc910>, 'Connection to suntekaxpress.in timed out. (connect timeout=15)'))",2026-08-04T10:47:27.479213
https://www.qxpress.net/,Failed,Website does not appear to be a valid business website,2026-08-04T10:47:31.778821
http://www.vikaslogistics.in/,Failed,Website does not appear to be a valid business website,2026-08-04T10:47:49.180965
http://www.speedairlogistics.com/,Failed,Exceeded 30 redirects.,2026-08-04T10:49:11.323660
https://vxpress.in/?utm_source=store_locator&utm_medium=brand_website,Failed,"HTTPSConnectionPool(host='vxpress.in', port=443): Max retries exceeded with url: /?utm_source=store_locator&utm_medium=brand_website (Caused by ConnectTimeoutError(<urllib3.connection.HTTPSConnection object at 0x111ca3c50>, 'Connection to vxpress.in timed out. (connect timeout=15)'))",2026-08-04T10:50:02.092356
https://roadexpressfreight.com/,Failed,Website does not appear to be a valid business website,2026-08-04T10:50:02.550138
https://mmlogisticindia.com/,Failed,403 Client Error: Forbidden for url: https://mmlogisticindia.com/,2026-08-04T10:50:05.517960
http://jsdi.al/pkqt8,Failed,"HTTPSConnectionPool(host='vpsexpresslogisticsgurgaonkherkidaula.justdial.com', port=443): Max retries exceeded with url: /?mode=preview&token=OWUwY2EyNDYtYzE2Yy0xMWU5LTgwNTUtZTA5Nzk2MGJjMzljKl4q (Caused by NameResolutionError(""<urllib3.connection.HTTPSConnection object at 0x1129defd0>: Failed to resolve 'vpsexpresslogisticsgurgaonkherkidaula.justdial.com' ([Errno 8] nodename nor servname provided, or not known)""))",2026-08-04T10:50:06.323197
http://www.globallogisticmovers.com/,Failed,"HTTPConnectionPool(host='www.globallogisticmovers.com', port=80): Max retries exceeded with url: / (Caused by NameResolutionError(""<urllib3.connection.HTTPConnection object at 0x111138d50>: Failed to resolve 'www.globallogisticmovers.com' ([Errno 8] nodename nor servname provided, or not known)""))",2026-08-04T10:50:12.413047
https://locations-in.express.dhl.com/courier-service-in-sector-20-gurugram-haryana/home,Failed,Website does not appear to be a valid business website,2026-08-04T10:51:53.704856
https://www.safexpress.com/,Failed,cannot access local variable 'title' where it is not associated with a value,2026-08-04T10:51:54.859941
https://etranslogistics.in/gurgaon-transport-haryana,Failed,"HTTPSConnectionPool(host='etranslogistics.in', port=443): Max retries exceeded with url: /gurgaon-transport-haryana (Caused by ConnectTimeoutError(<urllib3.connection.HTTPSConnection object at 0x140027d90>, 'Connection to etranslogistics.in timed out. (connect timeout=15)'))",2026-08-04T10:52:40.060955
http://www.greenexc.com/,Failed,Website does not appear to be a valid business website,2026-08-04T10:52:47.987362
http://reliableintl.co.in/,Failed,"HTTPConnectionPool(host='reliableintl.co.in', port=80): Max retries exceeded with url: / (Caused by ConnectTimeoutError(<urllib3.connection.HTTPConnection object at 0x110d3c050>, 'Connection to reliableintl.co.in timed out. (connect timeout=15)'))",2026-08-04T10:53:42.204533
https://universalelogistics.com/,Failed,"HTTPSConnectionPool(host='universalelogistics.com', port=443): Max retries exceeded with url: / (Caused by SSLError(SSLCertVerificationError(1, '[SSL: CERTIFICATE_VERIFY_FAILED] certificate verify failed: certificate has expired (_ssl.c:1032)')))",2026-08-04T10:53:42.805738
https://ecomexpress.in/,Failed,"HTTPSConnectionPool(host='ecomexpress.in', port=443): Max retries exceeded with url: / (Caused by SSLError(SSLCertVerificationError(1, '[SSL: CERTIFICATE_VERIFY_FAILED] certificate verify failed: certificate has expired (_ssl.c:1032)')))",2026-08-04T10:53:43.297081
http://www.hellmann.com/,Failed,"HTTPSConnectionPool(host='www.hellmann.com', port=443): Max retries exceeded with url: / (Caused by SSLError(SSLCertVerificationError(1, '[SSL: CERTIFICATE_VERIFY_FAILED] certificate verify failed: unable to get local issuer certificate (_ssl.c:1032)')))",2026-08-04T10:53:45.982074
https://www.kerryindevexpress.com/track.aspx,Failed,Website does not appear to be a valid business website,2026-08-04T10:54:10.181378
http://www.sagarairexpress.com/,Failed,Website does not appear to be a valid business website,2026-08-04T10:54:12.930130
http://www.amexlogistics.in/,Failed,"HTTPConnectionPool(host='www.amexlogistics.in', port=80): Max retries exceeded with url: / (Caused by ConnectTimeoutError(<urllib3.connection.HTTPConnection object at 0x110d3d150>, 'Connection to www.amexlogistics.in timed out. (connect timeout=15)'))",2026-08-04T10:54:58.159045
https://vrlgroup.in/vrl_logistics_service.aspx,Failed,404 Client Error: Not Found for url: https://vrlgroup.in/vrl_logistics_service.aspx,2026-08-04T10:55:02.441265
http://ompackersandlogistics.in/,Failed,"HTTPConnectionPool(host='ompackersandlogistics.in', port=80): Max retries exceeded with url: / (Caused by ConnectTimeoutError(<urllib3.connection.HTTPConnection object at 0x110d3ea50>, 'Connection to ompackersandlogistics.in timed out. (connect timeout=15)'))",2026-08-04T10:55:52.746513
http://www.expresspackerswithmover.in/,Failed,"HTTPConnectionPool(host='www.expresspackerswithmover.in', port=80): Max retries exceeded with url: / (Caused by NameResolutionError(""<urllib3.connection.HTTPConnection object at 0x11113b250>: Failed to resolve 'www.expresspackerswithmover.in' ([Errno 8] nodename nor servname provided, or not known)""))",2026-08-04T10:55:52.916588
https://www.delhivery.com/solutions/personal-courier,Failed,Website does not appear to be a valid business website,2026-08-04T10:56:06.831648
http://www.decandartexpress.com/,Failed,"HTTPConnectionPool(host='www.decandartexpress.com', port=80): Max retries exceeded with url: / (Caused by ConnectTimeoutError(<urllib3.connection.HTTPConnection object at 0x111eda950>, 'Connection to www.decandartexpress.com timed out. (connect timeout=15)'))",2026-08-04T10:56:52.232874
http://amexpackers.com/packers-movers-delhi.html,Failed,"HTTPConnectionPool(host='amexpackers.com', port=80): Max retries exceeded with url: /packers-movers-delhi.html (Caused by ConnectTimeoutError(<urllib3.connection.HTTPConnection object at 0x10a4ab250>, 'Connection to amexpackers.com timed out. (connect timeout=15)'))",2026-08-04T10:58:24.739161
http://www.omlogistics.co.in/,Failed,"HTTPConnectionPool(host='www.omlogistics.co.in', port=80): Max retries exceeded with url: / (Caused by ConnectTimeoutError(<urllib3.connection.HTTPConnection object at 0x10a7d7b50>, 'Connection to www.omlogistics.co.in timed out. (connect timeout=15)'))",2026-08-04T10:59:10.107200
https://pathwayslogistics.com/,Failed,cannot access local variable 'title' where it is not associated with a value,2026-08-04T10:59:11.716674
https://vxpress.in/?utm_source=store_locator&utm_medium=brand_website,Failed,"HTTPSConnectionPool(host='vxpress.in', port=443): Max retries exceeded with url: /?utm_source=store_locator&utm_medium=brand_website (Caused by ConnectTimeoutError(<urllib3.connection.HTTPSConnection object at 0x1122ecf50>, 'Connection to vxpress.in timed out. (connect timeout=15)'))",2026-08-04T11:03:50.148679
https://www.vewexpress.com/,Failed,"HTTPSConnectionPool(host='www.vewexpress.com', port=443): Max retries exceeded with url: / (Caused by ConnectTimeoutError(<urllib3.connection.HTTPSConnection object at 0x1122efed0>, 'Connection to www.vewexpress.com timed out. (connect timeout=15)'))",2026-08-04T11:04:35.589370
https://www.speditionindia.com/,Failed,"HTTPSConnectionPool(host='www.speditionindia.com', port=443): Max retries exceeded with url: / (Caused by ConnectTimeoutError(<urllib3.connection.HTTPSConnection object at 0x1122ed810>, 'Connection to www.speditionindia.com timed out. (connect timeout=15)'))",2026-08-04T11:07:07.828203
https://speedexpresshub.com/,Failed,"HTTPSConnectionPool(host='speedexpresshub.com', port=443): Max retries exceeded with url: / (Caused by ConnectTimeoutError(<urllib3.connection.HTTPSConnection object at 0x1122ed950>, 'Connection to speedexpresshub.com timed out. (connect timeout=15)'))",2026-08-04T11:07:53.145931
https://indiaexpressmovers.in/,Failed,"HTTPSConnectionPool(host='indiaexpressmovers.in', port=443): Max retries exceeded with url: / (Caused by NameResolutionError(""<urllib3.connection.HTTPSConnection object at 0x1122ed590>: Failed to resolve 'indiaexpressmovers.in' ([Errno 8] nodename nor servname provided, or not known)""))",2026-08-04T11:07:53.297476
https://jdmultiexpress.godaddysites.com/,Failed,Website does not appear to be a valid business website,2026-08-04T11:07:55.663584
https://locations-in.express.dhl.com/courier-service-in-sector-62-noida-uttar-pradesh/home,Failed,Website does not appear to be a valid business website,2026-08-04T11:09:37.042837
https://www.expresscargopackersmovers.in/,Failed,"HTTPSConnectionPool(host='www.expresscargopackersmovers.in', port=443): Max retries exceeded with url: / (Caused by NameResolutionError(""<urllib3.connection.HTTPSConnection object at 0x140024410>: Failed to resolve 'www.expresscargopackersmovers.in' ([Errno 8] nodename nor servname provided, or not known)""))",2026-08-04T11:10:05.027439
http://www.safexpress.com/,Failed,cannot access local variable 'title' where it is not associated with a value,2026-08-04T11:10:06.206765
https://vrlgroup.in/vrl_logistics_service.aspx,Failed,503 Server Error: Service Unavailable for url: https://vrlgroup.in/vrl_logistics_service.aspx,2026-08-04T11:10:07.185888
https://vtransgroup.com/,Failed,"HTTPSConnectionPool(host='vtransgroup.com', port=443): Max retries exceeded with url: / (Caused by ConnectTimeoutError(<urllib3.connection.HTTPSConnection object at 0x140024410>, 'Connection to vtransgroup.com timed out. (connect timeout=15)'))",2026-08-04T11:10:56.587522
http://www.smexpresslogistics.com/,Failed,"HTTPConnectionPool(host='www.smexpresslogistics.com', port=80): Max retries exceeded with url: / (Caused by ConnectTimeoutError(<urllib3.connection.HTTPConnection object at 0x10ae32d50>, 'Connection to www.smexpresslogistics.com timed out. (connect timeout=15)'))",2026-08-04T11:13:11.151618
https://srivenkatexpress.com/,Failed,"HTTPSConnectionPool(host='srivenkatexpress.com', port=443): Max retries exceeded with url: / (Caused by ConnectTimeoutError(<urllib3.connection.HTTPSConnection object at 0x1122eec10>, 'Connection to srivenkatexpress.com timed out. (connect timeout=15)'))",2026-08-04T11:13:56.419359
http://www.transwellexpress.com/,Failed,cannot access local variable 'title' where it is not associated with a value,2026-08-04T11:13:56.952663
http://reefer-ex.in/,Failed,"HTTPConnectionPool(host='reefer-ex.in', port=80): Max retries exceeded with url: / (Caused by ConnectTimeoutError(<urllib3.connection.HTTPConnection object at 0x10ae30750>, 'Connection to reefer-ex.in timed out. (connect timeout=15)'))",2026-08-04T11:14:42.158964
http://www.expedex.in/,Failed,404 Client Error: Not Found for url: https://www.expedex.in/,2026-08-04T11:14:44.393650
http://vtlpl.com/,Failed,Website does not appear to be a valid business website,2026-08-05T06:47:56.649659
https://vxpress.in/?utm_source=store_locator&utm_medium=brand_website,Failed,"HTTPSConnectionPool(host='vxpress.in', port=443): Max retries exceeded with url: /?utm_source=store_locator&utm_medium=brand_website (Caused by ConnectTimeoutError(<urllib3.connection.HTTPSConnection object at 0x108158050>, 'Connection to vxpress.in timed out. (connect timeout=15)'))",2026-08-05T06:48:45.851389
http://www.dslpackers.com/,Failed,"HTTPConnectionPool(host='www.dslpackers.com', port=80): Max retries exceeded with url: / (Caused by NewConnectionError('<urllib3.connection.HTTPConnection object at 0x10832ec30>: Failed to establish a new connection: [Errno 61] Connection refused'))",2026-08-05T06:48:52.957245
http://www.hellmann.com/,Failed,"HTTPSConnectionPool(host='www.hellmann.com', port=443): Max retries exceeded with url: / (Caused by SSLError(SSLCertVerificationError(1, '[SSL: CERTIFICATE_VERIFY_FAILED] certificate verify failed: unable to get local issuer certificate (_ssl.c:1032)')))",2026-08-05T06:48:56.031231
https://www.ja-logistics.org.in/,Failed,Website does not appear to be a valid business website,2026-08-05T06:49:00.862281
https://novagloballogistics.com/,Failed,Website does not appear to be a valid business website,2026-08-05T06:49:02.328573
http://www.germanexpress.in/,Failed,Website does not appear to be a valid business website,2026-08-05T06:49:03.496611
https://locations-in.express.dhl.com/courier-service-in-annanagar-chennai-tamilnadu/home,Failed,Website does not appear to be a valid business website,2026-08-05T06:50:39.224747
http://consol.express/,Failed,Website does not appear to be a valid business website,2026-08-05T06:50:43.234455
https://logistics-omega.in/,Failed,Website does not appear to be a valid business website,2026-08-05T06:50:43.881407
https://libertyexpress.weab.in/,Failed,"HTTPSConnectionPool(host='libertyexpress.weab.in', port=443): Max retries exceeded with url: / (Caused by NameResolutionError(""<urllib3.connection.HTTPSConnection object at 0x107d46990>: Failed to resolve 'libertyexpress.weab.in' ([Errno 8] nodename nor servname provided, or not known)""))",2026-08-05T06:50:44.185843
https://garudaexpresscourier.com/,Failed,Website does not appear to be a valid business website,2026-08-05T06:50:48.587977
https://xpresscourier.in/,Failed,"HTTPSConnectionPool(host='xpresscourier.in', port=443): Max retries exceeded with url: / (Caused by NameResolutionError(""<urllib3.connection.HTTPSConnection object at 0x1083df4d0>: Failed to resolve 'xpresscourier.in' ([Errno 8] nodename nor servname provided, or not known)""))",2026-08-05T06:51:10.450775
http://www.relay-logistics.com/,Failed,Website does not appear to be a valid business website,2026-08-05T06:51:11.048445
https://www.bombinoexp.in/index.aspx,Failed,"HTTPSConnectionPool(host='www.bombinoexp.in', port=443): Max retries exceeded with url: /index.aspx (Caused by SSLError(SSLCertVerificationError(1, '[SSL: CERTIFICATE_VERIFY_FAILED] certificate verify failed: certificate has expired (_ssl.c:1032)')))",2026-08-05T06:51:21.525247
http://www.uniexcourierandcargo.com/,Failed,Website does not appear to be a valid business website,2026-08-05T06:51:31.005327
http://www.akrexpress.com/,Failed,Website does not appear to be a valid business website,2026-08-05T06:51:48.734981
https://markexpress.co.in/,Failed,"HTTPSConnectionPool(host='markexpress.co.in', port=443): Max retries exceeded with url: / (Caused by SSLError(SSLCertVerificationError(1, '[SSL: CERTIFICATE_VERIFY_FAILED] certificate verify failed: certificate has expired (_ssl.c:1032)')))",2026-08-05T06:51:49.572497
http://dxpresslogistics.in/,Failed,"HTTPConnectionPool(host='dxpresslogistics.in', port=80): Max retries exceeded with url: / (Caused by NameResolutionError(""<urllib3.connection.HTTPConnection object at 0x1080c05a0>: Failed to resolve 'dxpresslogistics.in' ([Errno 8] nodename nor servname provided, or not known)""))",2026-08-05T06:51:49.708559
https://deskmateglobal.com/,Failed,Website does not appear to be a valid business website,2026-08-05T06:52:07.037615
https://xpressglobalmover.com/,Failed,"HTTPSConnectionPool(host='xpressglobalmover.com', port=443): Max retries exceeded with url: / (Caused by ConnectTimeoutError(<urllib3.connection.HTTPSConnection object at 0x107d45d10>, 'Connection to xpressglobalmover.com timed out. (connect timeout=15)'))",2026-08-05T06:52:52.426374
http://expressairservice.in/,Failed,"HTTPConnectionPool(host='expressairservice.in', port=80): Max retries exceeded with url: / (Caused by NameResolutionError(""<urllib3.connection.HTTPConnection object at 0x10802b130>: Failed to resolve 'expressairservice.in' ([Errno 8] nodename nor servname provided, or not known)""))",2026-08-05T06:53:11.928380
https://www.samexpresscargo.in/,Failed,Website does not appear to be a valid business website,2026-08-05T06:53:12.796135
https://yaswanthenterprises.lyzoo.co.in/,Failed,Website does not appear to be a valid business website,2026-08-05T06:53:14.249601
https://mariana-express.in/,Failed,Website does not appear to be a valid business website,2026-08-05T06:53:15.060998
https://vrlgroup.in/vrl_logistics_service.aspx,Failed,404 Client Error: Not Found for url: https://vrlgroup.in/vrl_logistics_service.aspx,2026-08-05T06:53:15.676753
https://www.vegin.in/,Failed,"HTTPSConnectionPool(host='www.vegin.in', port=443): Max retries exceeded with url: / (Caused by ConnectTimeoutError(<urllib3.connection.HTTPSConnection object at 0x107d45310>, 'Connection to www.vegin.in timed out. (connect timeout=15)'))",2026-08-05T06:54:13.466644
http://orionexpresslogistics.com/,Failed,Website does not appear to be a valid business website,2026-08-05T06:59:42.035810
http://www.onslogistics.net/,Failed,"HTTPSConnectionPool(host='www.onslogistics.net', port=443): Max retries exceeded with url: / (Caused by SSLError(SSLCertVerificationError(1, '[SSL: CERTIFICATE_VERIFY_FAILED] certificate verify failed: certificate has expired (_ssl.c:1032)')))",2026-08-05T06:59:42.853878
http://uniqueairexpress.com/,Failed,Website does not appear to be a valid business website,2026-08-05T06:59:44.994638
http://sblexpress.com/,Failed,409 Client Error: Conflict for url: http://sblexpress.com/,2026-08-05T06:59:48.669525
https://www.drewes-group.com/,Failed,Website does not appear to be a valid business website,2026-08-05T06:59:54.342507
https://locations-in.express.dhl.com/courier-service-in-padmavati-nagar-pune-maharashtra/home,Failed,Website does not appear to be a valid business website,2026-08-05T07:01:30.954685
https://www.jexpresscourier.com/,Failed,"HTTPSConnectionPool(host='www.jexpresscourier.com', port=443): Max retries exceeded with url: / (Caused by NameResolutionError(""<urllib3.connection.HTTPSConnection object at 0x10f1402d0>: Failed to resolve 'www.jexpresscourier.com' ([Errno 8] nodename nor servname provided, or not known)""))",2026-08-05T07:01:38.113763
https://dexters.co.in/,Failed,500 Server Error: Internal Server Error for url: https://dexters.co.in/,2026-08-05T07:01:42.806312
http://www.occpllogistics.com/,Failed,Website does not appear to be a valid business website,2026-08-05T07:01:45.229595
https://vxpress.in/?utm_source=store_locator&utm_medium=brand_website,Failed,"HTTPSConnectionPool(host='vxpress.in', port=443): Max retries exceeded with url: /?utm_source=store_locator&utm_medium=brand_website (Caused by ConnectTimeoutError(<urllib3.connection.HTTPSConnection object at 0x10f141310>, 'Connection to vxpress.in timed out. (connect timeout=15)'))",2026-08-05T07:02:30.439969
http://www.xpresstransport.in/Contact.aspx,Failed,"HTTPConnectionPool(host='www.xpresstransport.in', port=80): Max retries exceeded with url: /Contact.aspx (Caused by NameResolutionError(""<urllib3.connection.HTTPConnection object at 0x1080c1590>: Failed to resolve 'www.xpresstransport.in' ([Errno 8] nodename nor servname provided, or not known)""))",2026-08-05T07:02:38.670567
https://obnexpress.com/,Failed,"HTTPSConnectionPool(host='obnexpress.com', port=443): Max retries exceeded with url: / (Caused by ConnectTimeoutError(<urllib3.connection.HTTPSConnection object at 0x10f141090>, 'Connection to obnexpress.com timed out. (connect timeout=15)'))",2026-08-05T07:03:23.949114
https://www.arlogistic.in/,Failed,"HTTPSConnectionPool(host='www.arlogistic.in', port=443): Max retries exceeded with url: / (Caused by ConnectTimeoutError(<urllib3.connection.HTTPSConnection object at 0x10f143110>, 'Connection to www.arlogistic.in timed out. (connect timeout=15)'))",2026-08-05T07:04:19.665335
https://www.suntekaxpress.in/,Failed,Website does not appear to be a valid business website,2026-08-05T07:04:22.311384
http://runwaylog.in/,Failed,"HTTPConnectionPool(host='runwaylog.in', port=80): Max retries exceeded with url: / (Caused by NameResolutionError(""<urllib3.connection.HTTPConnection object at 0x1080c17b0>: Failed to resolve 'runwaylog.in' ([Errno 8] nodename nor servname provided, or not known)""))",2026-08-05T07:04:44.867152
https://wingsexpress.in/,Failed,"HTTPSConnectionPool(host='wingsexpress.in', port=443): Max retries exceeded with url: / (Caused by NameResolutionError(""<urllib3.connection.HTTPSConnection object at 0x10eaf4690>: Failed to resolve 'wingsexpress.in' ([Errno 8] nodename nor servname provided, or not known)""))",2026-08-05T07:04:44.980948
http://axpresslogistics.com/,Failed,Website does not appear to be a valid business website,2026-08-05T07:04:49.080239
https://treebondshipping.com/,Failed,Website does not appear to be a valid business website,2026-08-05T07:04:50.594507
https://www.reliableintl.co.in/,Failed,Website does not appear to be a valid business website,2026-08-05T07:04:53.124457
http://apexcargo.in/,Failed,Website does not appear to be a valid business website,2026-08-05T07:05:13.137414
https://sommexlogistics.com/,Failed,"HTTPSConnectionPool(host='sommexlogistics.com', port=443): Max retries exceeded with url: / (Caused by NameResolutionError(""<urllib3.connection.HTTPSConnection object at 0x1083df250>: Failed to resolve 'sommexlogistics.com' ([Errno 8] nodename nor servname provided, or not known)""))",2026-08-05T07:05:13.347726
http://expressco.net/,Failed,Website does not appear to be a valid business website,2026-08-05T07:05:20.930752
https://expresslogisticsmovers.com/,Failed,Website does not appear to be a valid business website,2026-08-05T07:11:58.111880
https://samedaylogistics.in/,Failed,Website does not appear to be a valid business website,2026-08-05T07:12:35.030616
https://vxpress.in/?utm_source=store_locator&utm_medium=brand_website,Failed,"HTTPSConnectionPool(host='vxpress.in', port=443): Max retries exceeded with url: /?utm_source=store_locator&utm_medium=brand_website (Caused by ConnectTimeoutError(<urllib3.connection.HTTPSConnection object at 0x10eb547d0>, 'Connection to vxpress.in timed out. (connect timeout=15)'))",2026-08-05T07:13:30.323488
https://locations-in.express.dhl.com/courier-service-in-navrangpura-ahmedabad-gujarat/home,Failed,Website does not appear to be a valid business website,2026-08-05T07:15:03.329086
http://tpflogistics.in/,Failed,Website does not appear to be a valid business website,2026-08-05T07:15:08.395958
http://oneworldexp.in/,Failed,521 Server Error: <none> for url: https://oneworldexp.in/,2026-08-05T07:15:10.479586
https://www.speedairglobal.com/,Failed,"HTTPSConnectionPool(host='www.speedairglobal.com', port=443): Max retries exceeded with url: / (Caused by ConnectTimeoutError(<urllib3.connection.HTTPSConnection object at 0x107d47390>, 'Connection to www.speedairglobal.com timed out. (connect timeout=15)'))",2026-08-05T07:15:55.895009
https://www.translogexpress.com/,Failed,"HTTPSConnectionPool(host='www.translogexpress.com', port=443): Max retries exceeded with url: / (Caused by SSLError(SSLCertVerificationError(1, '[SSL: CERTIFICATE_VERIFY_FAILED] certificate verify failed: self-signed certificate (_ssl.c:1032)')))",2026-08-05T07:15:57.521728
http://thedeltaexpress.com/,Failed,"HTTPConnectionPool(host='thedeltaexpress.com', port=80): Max retries exceeded with url: / (Caused by ConnectTimeoutError(<urllib3.connection.HTTPConnection object at 0x10802b350>, 'Connection to thedeltaexpress.com timed out. (connect timeout=15)'))",2026-08-05T07:16:42.781536
http://airfield.co.in/,Failed,Website does not appear to be a valid business website,2026-08-05T07:16:49.346024
http://www.jdic.in/,Failed,Website does not appear to be a valid business website,2026-08-05T07:16:50.065420
http://www.skyexcouriers.com/,Failed,Website does not appear to be a valid business website,2026-08-05T07:16:58.054287
https://mycourierworld.com/,Failed,Website does not appear to be a valid business website,2026-08-05T07:16:58.742196
https://www.reliableintl.co.in/,Failed,Website does not appear to be a valid business website,2026-08-05T07:17:02.805513
http://www.edrcourier.com/,Failed,403 Client Error: Forbidden for url: http://www.edrcourier.com/,2026-08-05T07:17:06.734914
https://www.speedway.co.in/,Failed,Website does not appear to be a valid business website,2026-08-05T07:17:19.056670
http://www.combinedcourier.com/,Failed,Website does not appear to be a valid business website,2026-08-05T07:17:25.002864
http://www.shaktistarintl.in/,Failed,"HTTPSConnectionPool(host='www.shaktistarintl.in', port=443): Max retries exceeded with url: / (Caused by SSLError(SSLCertVerificationError(1, ""[SSL: CERTIFICATE_VERIFY_FAILED] certificate verify failed: Hostname mismatch, certificate is not valid for 'www.shaktistarintl.in'. (_ssl.c:1032)"")))",2026-08-05T07:17:28.195892
https://priyalogistics.com/,Failed,Website does not appear to be a valid business website,2026-08-05T07:17:30.602691
http://radhecourier.com/,Failed,"HTTPConnectionPool(host='radhecourier.com', port=80): Max retries exceeded with url: / (Caused by ConnectTimeoutError(<urllib3.connection.HTTPConnection object at 0x10d886690>, 'Connection to radhecourier.com timed out. (connect timeout=15)'))",2026-08-05T07:18:15.801166
http://www.flamingocouriers.com/,Failed,"HTTPSConnectionPool(host='www.flamingocouriers.com', port=443): Max retries exceeded with url: / (Caused by SSLError(SSLCertVerificationError(1, ""[SSL: CERTIFICATE_VERIFY_FAILED] certificate verify failed: Hostname mismatch, certificate is not valid for 'www.flamingocouriers.com'. (_ssl.c:1032)"")))",2026-08-05T07:18:33.259891
http://www.shreejiairways.in/,Failed,Website does not appear to be a valid business website,2026-08-05T07:18:36.018496
https://vrlgroup.in/vrl_logistics_service.aspx,Failed,404 Client Error: Not Found for url: https://vrlgroup.in/vrl_logistics_service.aspx,2026-08-05T07:18:36.620645
https://www.ioline.in/,Failed,"HTTPSConnectionPool(host='www.ioline.in', port=443): Read timed out. (read timeout=15)",2026-08-05T07:19:39.630139
https://www.siuslogistics.in/,Failed,Website does not appear to be a valid business website,2026-08-05T07:29:00.410264
https://sendeasylogistics.com/,Failed,415 Client Error: Unsupported Media Type for url: https://sendeasylogistics.com/,2026-08-05T07:29:11.685430
https://vxpress.in/?utm_source=store_locator&utm_medium=brand_website,Failed,"HTTPSConnectionPool(host='vxpress.in', port=443): Max retries exceeded with url: /?utm_source=store_locator&utm_medium=brand_website (Caused by ConnectTimeoutError(<urllib3.connection.HTTPSConnection object at 0x1083df9d0>, 'Connection to vxpress.in timed out. (connect timeout=15)'))",2026-08-05T07:30:02.095792
http://www.mjmexpress.in/,Failed,"HTTPConnectionPool(host='www.mjmexpress.in', port=80): Max retries exceeded with url: / (Caused by ConnectTimeoutError(<urllib3.connection.HTTPConnection object at 0x1080c0160>, 'Connection to www.mjmexpress.in timed out. (connect timeout=15)'))",2026-08-05T07:30:54.451899
https://new.ecstasylogistics.com/,Failed,Website does not appear to be a valid business website,2026-08-05T07:30:55.059975
http://www.tobenlogistics.com/,Failed,Website does not appear to be a valid business website,2026-08-05T07:30:55.693533
https://www.bestlinexpressindia.com/,Failed,Website does not appear to be a valid business website,2026-08-05T07:30:56.914963
http://www.akrexpress.com/,Failed,Website does not appear to be a valid business website,2026-08-05T07:31:29.637546
https://locations-in.express.dhl.com/courier-service-in-peelamedu-coimbatore-tamilnadu/home,Failed,Website does not appear to be a valid business website,2026-08-05T07:32:17.571572
https://vrlgroup.in/vrl_logistics_service.aspx,Failed,404 Client Error: Not Found for url: https://vrlgroup.in/vrl_logistics_service.aspx,2026-08-05T07:32:20.760283
https://shiphit.com/international-courier-coimbatore,Failed,Website does not appear to be a valid business website,2026-08-05T07:32:32.252494
https://ecomexpress.in/,Failed,"HTTPSConnectionPool(host='ecomexpress.in', port=443): Max retries exceeded with url: / (Caused by SSLError(SSLCertVerificationError(1, '[SSL: CERTIFICATE_VERIFY_FAILED] certificate verify failed: certificate has expired (_ssl.c:1032)')))",2026-08-05T07:32:38.446588
https://www.kexpress.co.in/,Failed,Website does not appear to be a valid business website,2026-08-05T07:32:55.385011
http://www.dtdc.in/,Failed,"HTTPConnectionPool(host='www.dtdc.in', port=80): Max retries exceeded with url: / (Caused by NewConnectionError('<urllib3.connection.HTTPConnection object at 0x107c66e00>: Failed to establish a new connection: [Errno 61] Connection refused'))",2026-08-05T07:33:08.133663
https://pickmycourier.com/,Failed,Website does not appear to be a valid business website,2026-08-05T07:33:08.870538
http://www.gatewayexpress.org.in/,Failed,"HTTPConnectionPool(host='www.gatewayexpress.org.in', port=80): Max retries exceeded with url: / (Caused by NewConnectionError('<urllib3.connection.HTTPConnection object at 0x107c66be0>: Failed to establish a new connection: [Errno 61] Connection refused'))",2026-08-05T07:33:10.053916
https://vxpress.in/?utm_source=store_locator&utm_medium=brand_website,Failed,"HTTPSConnectionPool(host='vxpress.in', port=443): Max retries exceeded with url: /?utm_source=store_locator&utm_medium=brand_website (Caused by ConnectTimeoutError(<urllib3.connection.HTTPSConnection object at 0x10eb57b10>, 'Connection to vxpress.in timed out. (connect timeout=15)'))",2026-08-05T07:43:28.170670
http://www.foxygologistics.com/,Failed,Website does not appear to be a valid business website,2026-08-05T07:43:33.678189
http://www.smexpresslogistics.com/,Failed,"HTTPConnectionPool(host='www.smexpresslogistics.com', port=80): Max retries exceeded with url: / (Caused by ConnectTimeoutError(<urllib3.connection.HTTPConnection object at 0x1082d6cf0>, 'Connection to www.smexpresslogistics.com timed out. (connect timeout=15)'))",2026-08-05T07:44:27.352652
https://locations-in.express.dhl.com/courier-service-in-athwa-surat-gujarat/home,Failed,Website does not appear to be a valid business website,2026-08-05T07:46:02.739643
https://aics.in/,Failed,"HTTPSConnectionPool(host='aics.in', port=443): Max retries exceeded with url: / (Caused by ConnectTimeoutError(<urllib3.connection.HTTPSConnection object at 0x10eb55d10>, 'Connection to aics.in timed out. (connect timeout=15)'))",2026-08-05T07:46:48.153183
http://www.tridevexpress.com/index_9.aspx,Failed,404 Client Error: Not Found for url: https://www.tridevexpress.com/index_9.aspx,2026-08-05T07:46:49.367191
http://www.eparcels.in/,Failed,"HTTPConnectionPool(host='www.eparcels.in', port=80): Max retries exceeded with url: / (Caused by NameResolutionError(""<urllib3.connection.HTTPConnection object at 0x1082d5f20>: Failed to resolve 'www.eparcels.in' ([Errno 8] nodename nor servname provided, or not known)""))",2026-08-05T07:46:54.593182
http://www.xpressbees.com/,Failed,Website does not appear to be a valid business website,2026-08-05T07:46:57.705414
https://griffenlogistics.com/,Failed,Website does not appear to be a valid business website,2026-08-05T07:46:59.321366
http://www.maahiparcel.com/,Failed,Website does not appear to be a valid business website,2026-08-05T07:47:59.435234
https://vrlgroup.in/vrl_logistics_service.aspx,Failed,404 Client Error: Not Found for url: https://vrlgroup.in/vrl_logistics_service.aspx,2026-08-05T07:48:00.073996
https://ecomexpress.in/,Failed,"HTTPSConnectionPool(host='ecomexpress.in', port=443): Max retries exceeded with url: / (Caused by SSLError(SSLCertVerificationError(1, '[SSL: CERTIFICATE_VERIFY_FAILED] certificate verify failed: certificate has expired (_ssl.c:1032)')))",2026-08-05T07:48:07.633394
http://www.princeexp.com/,Failed,"HTTPConnectionPool(host='www.princeexp.com', port=80): Max retries exceeded with url: / (Caused by ConnectTimeoutError(<urllib3.connection.HTTPConnection object at 0x1080c0f30>, 'Connection to www.princeexp.com timed out. (connect timeout=15)'))",2026-08-05T07:48:53.728828
http://kesaricourier.com/,Failed,403 Client Error: Forbidden for url: http://kesaricourier.com/,2026-08-05T07:48:58.395217
http://www.dtdc.in/,Failed,"HTTPConnectionPool(host='www.dtdc.in', port=80): Max retries exceeded with url: / (Caused by NewConnectionError('<urllib3.connection.HTTPConnection object at 0x10802b790>: Failed to establish a new connection: [Errno 61] Connection refused'))",2026-08-05T07:50:58.731423
http://www.skycomex.in/,Failed,404 Client Error: Not Found for url: http://www.skycomex.in/,2026-08-05T07:50:59.541464
http://www.citycouriersurat.in/,Failed,"HTTPConnectionPool(host='www.citycouriersurat.in', port=80): Max retries exceeded with url: / (Caused by ConnectTimeoutError(<urllib3.connection.HTTPConnection object at 0x108028160>, 'Connection to www.citycouriersurat.in timed out. (connect timeout=15)'))",2026-08-05T07:52:43.027207
http://www.madhurcouriers.in/,Failed,Website does not appear to be a valid business website,2026-08-05T07:52:54.906648
https://www.gxpresss.com/,Failed,"HTTPSConnectionPool(host='www.gxpresss.com', port=443): Max retries exceeded with url: / (Caused by ConnectTimeoutError(<urllib3.connection.HTTPSConnection object at 0x1083df4d0>, 'Connection to www.gxpresss.com timed out. (connect timeout=15)'))",2026-08-05T07:56:22.440662
http://www.dharohargroup.in/,Failed,Website does not appear to be a valid business website,2026-08-05T07:56:26.444490
http://www.smexpresslogistics.com/,Failed,"HTTPConnectionPool(host='www.smexpresslogistics.com', port=80): Max retries exceeded with url: / (Caused by ConnectTimeoutError(<urllib3.connection.HTTPConnection object at 0x1080c1590>, 'Connection to www.smexpresslogistics.com timed out. (connect timeout=15)'))",2026-08-05T07:57:11.470736
http://www.smexpresslogistics.com/,Failed,"HTTPConnectionPool(host='www.smexpresslogistics.com', port=80): Max retries exceeded with url: / (Caused by ConnectTimeoutError(<urllib3.connection.HTTPConnection object at 0x1080c3020>, 'Connection to www.smexpresslogistics.com timed out. (connect timeout=15)'))",2026-08-05T08:02:46.533358
https://vxpress.in/?utm_source=store_locator&utm_medium=brand_website,Failed,"HTTPSConnectionPool(host='vxpress.in', port=443): Max retries exceeded with url: /?utm_source=store_locator&utm_medium=brand_website (Caused by ConnectTimeoutError(<urllib3.connection.HTTPSConnection object at 0x1083df110>, 'Connection to vxpress.in timed out. (connect timeout=15)'))",2026-08-05T08:03:31.715037
http://www.mmlipl.in/,Failed,"HTTPConnectionPool(host='www.mmlipl.in', port=80): Max retries exceeded with url: / (Caused by ConnectTimeoutError(<urllib3.connection.HTTPConnection object at 0x10802aad0>, 'Connection to www.mmlipl.in timed out. (connect timeout=15)'))",2026-08-05T08:04:24.567839
http://ontimeexpress.in/,Failed,"HTTPConnectionPool(host='ontimeexpress.in', port=80): Max retries exceeded with url: / (Caused by NameResolutionError(""<urllib3.connection.HTTPConnection object at 0x1080288d0>: Failed to resolve 'ontimeexpress.in' ([Errno 8] nodename nor servname provided, or not known)""))",2026-08-05T08:04:24.697230
http://www.carryfastlogistics.com/,Failed,Website does not appear to be a valid business website,2026-08-05T08:04:25.288018
https://delhiveryindore05-prog.github.io/paras-logistics/,Failed,Website does not appear to be a valid business website,2026-08-05T08:04:27.521021
https://locations-in.express.dhl.com/courier-service-in-shivaji-nagar-indore-madhya-pradesh/home,Failed,Website does not appear to be a valid business website,2026-08-05T08:06:00.769704
http://www.loadmee.com/,Failed,Website does not appear to be a valid business website,2026-08-05T08:06:03.453145
http://www.maerskline.com/,Failed,Website does not appear to be a valid business website,2026-08-05T08:06:06.409487
http://www.shiftezyrelocation.com/,Failed,Website does not appear to be a valid business website,2026-08-05T08:06:08.564095
https://manjeetpackersindore.com/,Failed,Website does not appear to be a valid business website,2026-08-05T08:06:10.485772
https://newwelcomepackers.in/,Failed,"HTTPSConnectionPool(host='newwelcomepackers.in', port=443): Max retries exceeded with url: / (Caused by NameResolutionError(""<urllib3.connection.HTTPSConnection object at 0x10853fc50>: Failed to resolve 'newwelcomepackers.in' ([Errno 8] nodename nor servname provided, or not known)""))",2026-08-05T08:06:13.634989
http://www.bhawani-enterprises.in/,Failed,Website does not appear to be a valid business website,2026-08-05T08:06:18.657221
https://vrlgroup.in/vrl_logistics_service.aspx,Failed,404 Client Error: Not Found for url: https://vrlgroup.in/vrl_logistics_service.aspx,2026-08-05T08:06:19.381665
https://www.indiancouriercompany.com/,Failed,"HTTPSConnectionPool(host='www.indiancouriercompany.com', port=443): Max retries exceeded with url: / (Caused by ConnectTimeoutError(<urllib3.connection.HTTPSConnection object at 0x107d456d0>, 'Connection to www.indiancouriercompany.com timed out. (connect timeout=15)'))",2026-08-05T08:07:08.102089
http://seaexpressservices.in/,Failed,Website does not appear to be a valid business website,2026-08-05T08:07:09.313142
http://dhl.com/,Failed,"HTTPSConnectionPool(host='www.dhl.com', port=443): Read timed out. (read timeout=15)",2026-08-05T08:09:10.964973
http://www.dtdc.in/,Failed,"HTTPConnectionPool(host='www.dtdc.in', port=80): Max retries exceeded with url: / (Caused by NewConnectionError('<urllib3.connection.HTTPConnection object at 0x110ceff00>: Failed to establish a new connection: [Errno 61] Connection refused'))",2026-08-05T08:09:11.430025
http://trackoncourier.com/,Failed,404 Client Error: Not Found for url: http://trackoncourier.com/,2026-08-05T08:09:12.115976
http://www.dtdccouirerindore.in/,Failed,"HTTPConnectionPool(host='www.dtdccouirerindore.in', port=80): Max retries exceeded with url: / (Caused by NameResolutionError(""<urllib3.connection.HTTPConnection object at 0x110cefbd0>: Failed to resolve 'www.dtdccouirerindore.in' ([Errno 8] nodename nor servname provided, or not known)""))",2026-08-05T08:09:29.087531
https://www.madhurcouriers.in/,Failed,Website does not appear to be a valid business website,2026-08-05T08:09:30.412477
https://unitedexpress.co.in/,Failed,Website does not appear to be a valid business website,2026-08-05T08:09:36.003434
http://www.xpressbees.com/,Failed,Website does not appear to be a valid business website,2026-08-05T08:10:44.582137
http://globeexpresslogistics.in/,Failed,"HTTPConnectionPool(host='globeexpresslogistics.in', port=80): Max retries exceeded with url: / (Caused by ConnectTimeoutError(<urllib3.connection.HTTPConnection object at 0x1080c06b0>, 'Connection to globeexpresslogistics.in timed out. (connect timeout=15)'))",2026-08-05T08:12:57.549623
https://vxpress.in/?utm_source=store_locator&utm_medium=brand_website,Failed,"HTTPSConnectionPool(host='vxpress.in', port=443): Max retries exceeded with url: /?utm_source=store_locator&utm_medium=brand_website (Caused by ConnectTimeoutError(<urllib3.connection.HTTPSConnection object at 0x107d46490>, 'Connection to vxpress.in timed out. (connect timeout=15)'))",2026-08-05T08:13:42.616090
http://cncglobal.in/,Failed,Website does not appear to be a valid business website,2026-08-05T08:13:44.091118
https://www.malabarworldwide.com/,Failed,"HTTPSConnectionPool(host='www.malabarworldwide.com', port=443): Max retries exceeded with url: / (Caused by ConnectTimeoutError(<urllib3.connection.HTTPSConnection object at 0x10eb57890>, 'Connection to www.malabarworldwide.com timed out. (connect timeout=15)'))",2026-08-05T08:24:05.846655
http://www.expresscok.com/,Failed,401 Client Error: Unauthorized for url: https://expresscok.com/,2026-08-05T08:24:17.614414
http://www.cochin-logistics.com/,Failed,"HTTPConnectionPool(host='www.cochin-logistics.com', port=80): Max retries exceeded with url: / (Caused by ConnectTimeoutError(<urllib3.connection.HTTPConnection object at 0x1080c3130>, 'Connection to www.cochin-logistics.com timed out. (connect timeout=15)'))",2026-08-05T08:25:07.365548
http://frete.in/,Failed,415 Client Error: Unsupported Media Type for url: http://frete.in/,2026-08-05T08:25:14.788997
http://www.nauticalcargo.in/,Failed,Website does not appear to be a valid business website,2026-08-05T08:25:17.369132
http://garudalogistics.co.in/,Failed,Website does not appear to be a valid business website,2026-08-05T08:25:31.268639
http://www.unique-logistics.com/,Failed,"not enough values to unpack (expected 2, got 1)",2026-08-05T08:25:42.147364
http://www.aspinwall.in/,Failed,Website does not appear to be a valid business website,2026-08-05T08:25:52.517940
https://locations-in.express.dhl.com/courier-service-in-ernakulam-kochi-kerala/home,Failed,Website does not appear to be a valid business website,2026-08-05T08:27:29.929124
https://expresscourierservice.in/,Failed,"HTTPSConnectionPool(host='expresscourierservice.in', port=443): Max retries exceeded with url: / (Caused by ConnectTimeoutError(<urllib3.connection.HTTPSConnection object at 0x10eb56d50>, 'Connection to expresscourierservice.in timed out. (connect timeout=15)'))",2026-08-05T08:28:39.542281
http://globalcourierandshipping.in/,Failed,"HTTPConnectionPool(host='globalcourierandshipping.in', port=80): Max retries exceeded with url: / (Caused by NameResolutionError(""<urllib3.connection.HTTPConnection object at 0x110cee470>: Failed to resolve 'globalcourierandshipping.in' ([Errno 8] nodename nor servname provided, or not known)""))",2026-08-05T08:28:41.882641
http://www.tradeandlogistic.com/,Failed,"HTTPConnectionPool(host='www.tradeandlogistic.com', port=80): Max retries exceeded with url: / (Caused by NameResolutionError(""<urllib3.connection.HTTPConnection object at 0x108413460>: Failed to resolve 'www.tradeandlogistic.com' ([Errno 8] nodename nor servname provided, or not known)""))",2026-08-05T08:28:45.767043
http://mintlogistics.in/,Failed,Website does not appear to be a valid business website,2026-08-05T08:28:46.629353
https://courierworld.in/,Failed,"HTTPSConnectionPool(host='courierworld.in', port=443): Max retries exceeded with url: / (Caused by ConnectTimeoutError(<urllib3.connection.HTTPSConnection object at 0x10eb56ad0>, 'Connection to courierworld.in timed out. (connect timeout=15)'))",2026-08-05T08:29:33.549928
http://www.hellmann.com/,Failed,"HTTPSConnectionPool(host='www.hellmann.com', port=443): Max retries exceeded with url: / (Caused by SSLError(SSLCertVerificationError(1, '[SSL: CERTIFICATE_VERIFY_FAILED] certificate verify failed: unable to get local issuer certificate (_ssl.c:1032)')))",2026-08-05T08:29:37.669448
http://lots-ship.com/,Failed,Website does not appear to be a valid business website,2026-08-05T08:30:07.344498
http://allianceexpress.in/,Failed,Website does not appear to be a valid business website,2026-08-05T08:30:08.958257
http://www.dgsindia.com/,Failed,Website does not appear to be a valid business website,2026-08-05T08:30:20.131718
http://www.atlaslogistics.co.in/,Failed,Website does not appear to be a valid business website,2026-08-05T08:30:20.660634
http://www.delhivery.com/,Failed,Website does not appear to be a valid business website,2026-08-05T08:30:30.986162
https://entrywaylogistics.com/,Failed,"HTTPSConnectionPool(host='entrywaylogistics.com', port=443): Max retries exceeded with url: / (Caused by SSLError(SSLCertVerificationError(1, '[SSL: CERTIFICATE_VERIFY_FAILED] certificate verify failed: certificate has expired (_ssl.c:1032)')))",2026-08-05T08:30:32.198338
https://www.gac.com/india,Failed,403 Client Error: Forbidden for url: https://www.gac.com/india,2026-08-05T08:30:33.542778
https://tassgroup.com/,Failed,Website does not appear to be a valid business website,2026-08-05T08:30:34.297753
https://vrlgroup.in/vrl_logistics_service.aspx,Failed,404 Client Error: Not Found for url: https://vrlgroup.in/vrl_logistics_service.aspx,2026-08-05T08:30:48.328119
https://fleetgo.io/,Failed,Website does not appear to be a valid business website,2026-08-05T08:30:51.215107
https://vxpress.in/?utm_source=store_locator&utm_medium=brand_website,Failed,"HTTPSConnectionPool(host='vxpress.in', port=443): Max retries exceeded with url: /?utm_source=store_locator&utm_medium=brand_website (Caused by ConnectTimeoutError(<urllib3.connection.HTTPSConnection object at 0x10eb57b10>, 'Connection to vxpress.in timed out. (connect timeout=15)'))",2026-08-05T08:32:14.231501
https://airwinch.in/,Failed,"HTTPSConnectionPool(host='airwinch.in', port=443): Max retries exceeded with url: / (Caused by ConnectTimeoutError(<urllib3.connection.HTTPSConnection object at 0x10eb579d0>, 'Connection to airwinch.in timed out. (connect timeout=15)'))",2026-08-05T08:32:59.441530
http://www.ups.com/,Failed,"HTTPSConnectionPool(host='www.ups.com', port=443): Read timed out. (read timeout=15)",2026-08-05T08:33:45.461134
https://www.garudavega.com/contact/service-center-palarivattom.php,Failed,404 Client Error: Not Found for url: https://www.garudavega.com/branch/service-center-palarivattom,2026-08-05T08:34:07.704437
https://ecomexpress.in/,Failed,"HTTPSConnectionPool(host='ecomexpress.in', port=443): Max retries exceeded with url: / (Caused by SSLError(SSLCertVerificationError(1, '[SSL: CERTIFICATE_VERIFY_FAILED] certificate verify failed: certificate has expired (_ssl.c:1032)')))",2026-08-05T08:34:09.344177
https://keralabusinesslist.com/intex-courier-cargo,Failed,"HTTPSConnectionPool(host='keralabusinesslist.com', port=443): Max retries exceeded with url: /intex-courier-cargo (Caused by SSLError(SSLCertVerificationError(1, '[SSL: CERTIFICATE_VERIFY_FAILED] certificate verify failed: self-signed certificate (_ssl.c:1032)')))",2026-08-05T08:34:15.933954
https://dtdc.com/track,Failed,404 Client Error: Not Found for url: https://dtdc.com/track,2026-08-05T08:34:17.825582
https://www.afrulog.com/,Failed,Website does not appear to be a valid business website,2026-08-05T08:34:19.301520
http://www.cargocareinternational.in/,Failed,"HTTPConnectionPool(host='www.cargocareinternational.in', port=80): Max retries exceeded with url: / (Caused by NameResolutionError(""<urllib3.connection.HTTPConnection object at 0x108413240>: Failed to resolve 'www.cargocareinternational.in' ([Errno 8] nodename nor servname provided, or not known)""))",2026-08-05T08:34:24.304867
https://vxpress.in/?utm_source=store_locator&utm_medium=brand_website,Failed,"HTTPSConnectionPool(host='vxpress.in', port=443): Max retries exceeded with url: /?utm_source=store_locator&utm_medium=brand_website (Caused by ConnectTimeoutError(<urllib3.connection.HTTPSConnection object at 0x10f141950>, 'Connection to vxpress.in timed out. (connect timeout=15)'))",2026-08-05T08:36:48.195250
https://locations-in.express.dhl.com/courier-service-in-dharampeth-nagpur-maharashtra/home,Failed,Website does not appear to be a valid business website,2026-08-05T08:38:22.036006
https://vrlgroup.in/vrl_logistics_service.aspx,Failed,404 Client Error: Not Found for url: https://vrlgroup.in/vrl_logistics_service.aspx,2026-08-05T08:38:24.447595
http://axpresslogistics.com/,Failed,Website does not appear to be a valid business website,2026-08-05T08:38:33.246306
https://marcoexpress.com/,Failed,415 Client Error: Unsupported Media Type for url: https://marcoexpress.com/,2026-08-05T08:38:44.884568
https://abroadpackingandcouriers.in/,Failed,Website does not appear to be a valid business website,2026-08-05T08:48:45.149593
https://www.reliableintl.co.in/,Failed,Website does not appear to be a valid business website,2026-08-05T08:48:45.973319
http://shipzy.in/,Failed,"HTTPConnectionPool(host='shipzy.in', port=80): Max retries exceeded with url: / (Caused by ConnectTimeoutError(<urllib3.connection.HTTPConnection object at 0x110ced480>, 'Connection to shipzy.in timed out. (connect timeout=15)'))",2026-08-05T08:49:31.183418
https://vegaexpress.net/,Failed,"HTTPSConnectionPool(host='vegaexpress.net', port=443): Max retries exceeded with url: / (Caused by ConnectTimeoutError(<urllib3.connection.HTTPSConnection object at 0x10f143610>, 'Connection to vegaexpress.net timed out. (connect timeout=15)'))",2026-08-05T08:50:16.498797
https://akrexpress.com/,Failed,Website does not appear to be a valid business website,2026-08-05T08:50:23.870797
https://hiclogistics.com/,Failed,"HTTPSConnectionPool(host='hiclogistics.com', port=443): Max retries exceeded with url: / (Caused by ConnectTimeoutError(<urllib3.connection.HTTPSConnection object at 0x1083dfed0>, 'Connection to hiclogistics.com timed out. (connect timeout=15)'))",2026-08-05T08:51:09.149513
http://www.eaglelogistics.in/,Failed,Website does not appear to be a valid business website,2026-08-05T08:51:09.824483
https://locations-in.express.dhl.com/courier-service-in-ashok-nagar-bengaluru-karnataka/home,Failed,Website does not appear to be a valid business website,2026-08-05T08:51:58.396274
http://www.ramexpress.in/,Failed,Website does not appear to be a valid business website,2026-08-05T08:53:16.731496
http://www.pps.in/,Failed,Website does not appear to be a valid business website,2026-08-05T08:53:17.648081
https://www.delhivery.com/direct/app/,Failed,Website does not appear to be a valid business website,2026-08-05T08:53:24.086685
http://www.courierpoint.com/,Failed,Website does not appear to be a valid business website,2026-08-05T08:53:52.778648
https://www.aics.in/,Failed,"HTTPSConnectionPool(host='www.aics.in', port=443): Max retries exceeded with url: / (Caused by ConnectTimeoutError(<urllib3.connection.HTTPSConnection object at 0x10f142d50>, 'Connection to www.aics.in timed out. (connect timeout=15)'))",2026-08-05T08:54:38.297012
http://www.flyexpressinternationalcourierservices.com/,Failed,"HTTPConnectionPool(host='www.flyexpressinternationalcourierservices.com', port=80): Max retries exceeded with url: / (Caused by NameResolutionError(""<urllib3.connection.HTTPConnection object at 0x108413460>: Failed to resolve 'www.flyexpressinternationalcourierservices.com' ([Errno 8] nodename nor servname provided, or not known)""))",2026-08-05T08:54:38.525490
http://xpressdelivery.in/,Failed,Website does not appear to be a valid business website,2026-08-05T08:54:39.519066
http://indianrailways.gov.in/,Failed,"HTTPConnectionPool(host='indianrailways.gov.in', port=80): Max retries exceeded with url: / (Caused by NewConnectionError('<urllib3.connection.HTTPConnection object at 0x108413680>: Failed to establish a new connection: [Errno 61] Connection refused'))",2026-08-05T08:54:39.815134
http://www.reliabletoship.com/,Failed,"HTTPConnectionPool(host='www.reliabletoship.com', port=80): Max retries exceeded with url: / (Caused by NameResolutionError(""<urllib3.connection.HTTPConnection object at 0x110cee7a0>: Failed to resolve 'www.reliabletoship.com' ([Errno 8] nodename nor servname provided, or not known)""))",2026-08-05T08:54:57.730141
http://www.dtdc.com/,Failed,"HTTPConnectionPool(host='www.dtdc.com', port=80): Max retries exceeded with url: / (Caused by NewConnectionError('<urllib3.connection.HTTPConnection object at 0x108413350>: Failed to establish a new connection: [Errno 61] Connection refused'))",2026-08-05T08:54:58.116832
http://mrvcouriers.in/,Failed,"HTTPConnectionPool(host='mrvcouriers.in', port=80): Max retries exceeded with url: / (Caused by NameResolutionError(""<urllib3.connection.HTTPConnection object at 0x107c66be0>: Failed to resolve 'mrvcouriers.in' ([Errno 8] nodename nor servname provided, or not known)""))",2026-08-05T08:54:58.263863
http://www.abtparcelservice.com/,Failed,Website does not appear to be a valid business website,2026-08-05T08:54:59.051681
https://cnilogistics.in/,Failed,Website does not appear to be a valid business website,2026-08-05T08:55:12.245284
http://www.htllogistics.com/,Failed,Website does not appear to be a valid business website,2026-08-05T08:55:18.568962
http://dhex.in/,Failed,Website does not appear to be a valid business website,2026-08-05T08:55:19.344558
https://www.gatimovingandstorage.in/,Failed,Website does not appear to be a valid business website,2026-08-05T08:55:25.116887
https://www.reliableintl.co.in/,Failed,Website does not appear to be a valid business website,2026-08-05T09:04:41.788245
http://www.skybluecourier.in/,Failed,Website does not appear to be a valid business website,2026-08-05T09:05:28.357423
https://locations-in.express.dhl.com/courier-service-in-kalbadevi-mumbai.-maharashtra/home,Failed,Website does not appear to be a valid business website,2026-08-05T09:05:28.912982
https://nilsiexpress.in/,Failed,"HTTPSConnectionPool(host='nilsiexpress.in', port=443): Max retries exceeded with url: / (Caused by ConnectTimeoutError(<urllib3.connection.HTTPSConnection object at 0x10eb55a90>, 'Connection to nilsiexpress.in timed out. (connect timeout=15)'))",2026-08-05T09:06:24.204253
http://couriercentral.in/,Failed,Website does not appear to be a valid business website,2026-08-05T09:06:25.173447
https://citinetwork.co.in/courier-services/,Failed,"HTTPSConnectionPool(host='citinetwork.co.in', port=443): Max retries exceeded with url: /courier-services/ (Caused by NameResolutionError(""<urllib3.connection.HTTPSConnection object at 0x10eb57c50>: Failed to resolve 'citinetwork.co.in' ([Errno 8] nodename nor servname provided, or not known)""))",2026-08-05T09:06:25.315223
https://ecsinternational.in/,Failed,"HTTPSConnectionPool(host='ecsinternational.in', port=443): Max retries exceeded with url: / (Caused by NameResolutionError(""<urllib3.connection.HTTPSConnection object at 0x10eb55450>: Failed to resolve 'ecsinternational.in' ([Errno 8] nodename nor servname provided, or not known)""))",2026-08-05T09:06:25.476932
https://aics.in/,Failed,"HTTPSConnectionPool(host='aics.in', port=443): Max retries exceeded with url: / (Caused by ConnectTimeoutError(<urllib3.connection.HTTPSConnection object at 0x10eb56c10>, 'Connection to aics.in timed out. (connect timeout=15)'))",2026-08-05T09:07:15.880661
http://rcsexpresscourier.com/,Failed,"HTTPConnectionPool(host='rcsexpresscourier.com', port=80): Max retries exceeded with url: / (Caused by NameResolutionError(""<urllib3.connection.HTTPConnection object at 0x1080c1590>: Failed to resolve 'rcsexpresscourier.com' ([Errno 8] nodename nor servname provided, or not known)""))",2026-08-05T09:07:16.040836
https://offonexpress.in/,Failed,"HTTPSConnectionPool(host='offonexpress.in', port=443): Max retries exceeded with url: / (Caused by ConnectTimeoutError(<urllib3.connection.HTTPSConnection object at 0x1083de850>, 'Connection to offonexpress.in timed out. (connect timeout=15)'))",2026-08-05T09:08:06.437493
https://trackonservices.in/,Failed,unhashable type: 'list',2026-08-05T09:08:09.310391
http://www.speediexpress.com/,Failed,Website does not appear to be a valid business website,2026-08-05T09:08:11.019030
https://expressworldwidecourier.com/,Failed,"HTTPSConnectionPool(host='expressworldwidecourier.com', port=443): Max retries exceeded with url: / (Caused by ConnectTimeoutError(<urllib3.connection.HTTPSConnection object at 0x10f142490>, 'Connection to expressworldwidecourier.com timed out. (connect timeout=15)'))",2026-08-05T09:08:56.289715
https://sonaliexpressworldwide.com/,Failed,"HTTPSConnectionPool(host='sonaliexpressworldwide.com', port=443): Max retries exceeded with url: / (Caused by ConnectTimeoutError(<urllib3.connection.HTTPSConnection object at 0x1083dfc50>, 'Connection to sonaliexpressworldwide.com timed out. (connect timeout=15)'))",2026-08-05T09:09:41.555846
https://borzodelivery.com/in,Failed,Website does not appear to be a valid business website,2026-08-05T09:09:48.602763
https://dynamicparcel.com/,Failed,403 Client Error: Forbidden for url: https://dynamicparcel.com/,2026-08-05T09:09:49.266016
https://www.avinashlogistic.com/,Failed,415 Client Error: Unsupported Media Type for url: https://www.avinashlogistic.com/,2026-08-05T09:09:52.030411
http://www.smexpresslogistics.com/,Failed,"HTTPConnectionPool(host='www.smexpresslogistics.com', port=80): Max retries exceeded with url: / (Caused by ConnectTimeoutError(<urllib3.connection.HTTPConnection object at 0x1080c18c0>, 'Connection to www.smexpresslogistics.com timed out. (connect timeout=15)'))",2026-08-05T09:10:40.303144
http://www.dtdc.in/,Failed,"HTTPConnectionPool(host='www.dtdc.in', port=80): Max retries exceeded with url: / (Caused by NewConnectionError('<urllib3.connection.HTTPConnection object at 0x1080c18c0>: Failed to establish a new connection: [Errno 61] Connection refused'))",2026-08-05T09:10:54.152557
https://milapexpress.com/,Failed,"HTTPSConnectionPool(host='milapexpress.com', port=443): Max retries exceeded with url: / (Caused by ConnectTimeoutError(<urllib3.connection.HTTPSConnection object at 0x10eb54cd0>, 'Connection to milapexpress.com timed out. (connect timeout=15)'))",2026-08-05T09:11:39.469638
http://www.ssworldwidecourier.com/,Failed,unhashable type: 'list',2026-08-05T09:11:54.806413
http://choosewisecouriers.com/,Failed,"HTTPConnectionPool(host='choosewisecouriers.com', port=80): Max retries exceeded with url: / (Caused by ConnectTimeoutError(<urllib3.connection.HTTPConnection object at 0x1080c3570>, 'Connection to choosewisecouriers.com timed out. (connect timeout=15)'))",2026-08-05T09:12:47.916200
http://www.ups.com/,Failed,"HTTPSConnectionPool(host='www.ups.com', port=443): Read timed out. (read timeout=15)",2026-08-05T09:13:44.985374
http://expressair.in/,Failed,Website does not appear to be a valid business website,2026-08-05T09:14:03.422639
https://www.onedeskcourier.com/,Failed,"HTTPSConnectionPool(host='www.onedeskcourier.com', port=443): Max retries exceeded with url: / (Caused by NameResolutionError(""<urllib3.connection.HTTPSConnection object at 0x1083df250>: Failed to resolve 'www.onedeskcourier.com' ([Errno 8] nodename nor servname provided, or not known)""))",2026-08-05T09:14:03.712419
http://www.speedwwe.com/,Failed,"HTTPConnectionPool(host='www.speedwwe.com', port=80): Max retries exceeded with url: / (Caused by ConnectTimeoutError(<urllib3.connection.HTTPConnection object at 0x108028490>, 'Connection to www.speedwwe.com timed out. (connect timeout=15)'))",2026-08-05T09:14:54.806460
http://www.shreenandancourier.com/,Failed,Website does not appear to be a valid business website,2026-08-05T09:15:24.551113
https://dartbluecourier.online/,Failed,Website does not appear to be a valid business website,2026-08-05T09:15:29.267900
http://www.pickmexp.com/,Failed,Website does not appear to be a valid business website,2026-08-05T09:15:29.763310
http://www.dndgroup.uk/,Failed,Website does not appear to be a valid business website,2026-08-05T09:15:30.476061
https://locations-in.express.dhl.com/courier-service-in-sector-10-new-delhi-delhi/home,Failed,Website does not appear to be a valid business website,2026-08-05T09:23:53.201717
https://reliableintl.co.in/,Failed,Website does not appear to be a valid business website,2026-08-05T09:23:54.159226
https://carissa.vercel.app/,Failed,Website does not appear to be a valid business website,2026-08-05T09:23:54.747044
https://anytimeexpress.in/,Failed,Website does not appear to be a valid business website,2026-08-05T09:24:05.168891
http://delhivery.com/,Failed,Website does not appear to be a valid business website,2026-08-05T09:24:06.193568
http://delhiparcel.com/,Failed,"HTTPConnectionPool(host='delhiparcel.com', port=80): Max retries exceeded with url: / (Caused by ConnectTimeoutError(<urllib3.connection.HTTPConnection object at 0x10e89dd00>, 'Connection to delhiparcel.com timed out. (connect timeout=15)'))",2026-08-05T09:24:55.362752
https://shriramcourier.com/,Failed,Website does not appear to be a valid business website,2026-08-05T09:24:55.924494
http://couriercharges.in/,Failed,Website does not appear to be a valid business website,2026-08-05T09:25:06.359475
https://www.aaainternationalcourier.in/,Failed,Website does not appear to be a valid business website,2026-08-05T09:25:49.517269
http://fasttrackintl.in/,Failed,Website does not appear to be a valid business website,2026-08-05T09:25:51.913062
https://shreeramcommunicationcourierservice.blogspot.com/,Failed,Website does not appear to be a valid business website,2026-08-05T09:25:57.478838
https://citycargo.in/,Failed,"HTTPSConnectionPool(host='citycargo.in', port=443): Max retries exceeded with url: / (Caused by SSLError(SSLCertVerificationError(1, '[SSL: CERTIFICATE_VERIFY_FAILED] certificate verify failed: certificate has expired (_ssl.c:1032)')))",2026-08-05T09:25:58.453820
https://www.gatimaanexpress.co.in/,Failed,"HTTPSConnectionPool(host='www.gatimaanexpress.co.in', port=443): Max retries exceeded with url: / (Caused by NameResolutionError(""<urllib3.connection.HTTPSConnection object at 0x10f140f50>: Failed to resolve 'www.gatimaanexpress.co.in' ([Errno 8] nodename nor servname provided, or not known)""))",2026-08-05T09:26:15.828793
http://www.immediateparcelservice.com/,Failed,Website does not appear to be a valid business website,2026-08-05T09:26:18.113327
http://www.malikcourierservices.com/,Failed,"HTTPConnectionPool(host='www.malikcourierservices.com', port=80): Max retries exceeded with url: / (Caused by NewConnectionError('<urllib3.connection.HTTPConnection object at 0x1080c1480>: Failed to establish a new connection: [Errno 61] Connection refused'))",2026-08-05T09:26:20.975909
https://www.xpressparcel.in/,Failed,"HTTPSConnectionPool(host='www.xpressparcel.in', port=443): Max retries exceeded with url: / (Caused by SSLError(SSLCertVerificationError(1, '[SSL: CERTIFICATE_VERIFY_FAILED] certificate verify failed: self-signed certificate (_ssl.c:1032)')))",2026-08-05T09:26:21.894591
http://www.jumbocourier.com/,Failed,Website does not appear to be a valid business website,2026-08-05T09:26:23.609298
https://www.couriermedicines.com/,Failed,Website does not appear to be a valid business website,2026-08-05T09:26:28.241738
http://www.pps.in/,Failed,Website does not appear to be a valid business website,2026-08-05T09:26:29.318422
http://www.delhifly.com/,Failed,"HTTPConnectionPool(host='www.delhifly.com', port=80): Max retries exceeded with url: / (Caused by ConnectTimeoutError(<urllib3.connection.HTTPConnection object at 0x1080c0270>, 'Connection to www.delhifly.com timed out. (connect timeout=15)'))",2026-08-05T09:27:14.628330
https://www.onlinexpress.co.in/,Failed,"HTTPSConnectionPool(host='www.onlinexpress.co.in', port=443): Max retries exceeded with url: / (Caused by SSLError(SSLCertVerificationError(1, ""[SSL: CERTIFICATE_VERIFY_FAILED] certificate verify failed: Hostname mismatch, certificate is not valid for 'www.onlinexpress.co.in'. (_ssl.c:1032)"")))",2026-08-05T09:27:15.461259
http://www.yhcargoindia.com/,Failed,Website does not appear to be a valid business website,2026-08-05T09:27:17.473757
https://couriersathi.com/,Failed,"HTTPSConnectionPool(host='couriersathi.com', port=443): Max retries exceeded with url: / (Caused by SSLError(SSLError(1, '[SSL: TLSV1_ALERT_INTERNAL_ERROR] tlsv1 alert internal error (_ssl.c:1032)')))",2026-08-05T09:27:29.417672
https://indocourier.in/contact.html,Failed,404 Client Error: Not Found for url: https://indocourier.in/contact.html,2026-08-05T09:27:31.096830
http://www.dilliking.com/,Failed,Website does not appear to be a valid business website,2026-08-05T09:27:36.021122
https://www.dhl.com/in-en/home/get-a-quote.html,Failed,"HTTPSConnectionPool(host='www.dhl.com', port=443): Read timed out. (read timeout=15)",2026-08-05T09:28:24.631971
https://worldindiaexpress.com/,Failed,"HTTPSConnectionPool(host='worldindiaexpress.com', port=443): Max retries exceeded with url: / (Caused by ConnectTimeoutError(<urllib3.connection.HTTPSConnection object at 0x107d46210>, 'Connection to worldindiaexpress.com timed out. (connect timeout=15)'))",2026-08-05T09:35:40.343546
https://www.reliableintl.co.in/,Failed,Website does not appear to be a valid business website,2026-08-05T09:35:40.911034
http://www.delhivery.com/,Failed,Website does not appear to be a valid business website,2026-08-05T09:35:41.364106
https://locations-in.express.dhl.com/courier-service-in-sector-25-gurugram-haryana/home,Failed,Website does not appear to be a valid business website,2026-08-05T09:37:18.921182
http://wwwdtdc.com/,Failed,"HTTPConnectionPool(host='wwwdtdc.com', port=80): Max retries exceeded with url: / (Caused by NameResolutionError(""<urllib3.connection.HTTPConnection object at 0x10802bdf0>: Failed to resolve 'wwwdtdc.com' ([Errno 8] nodename nor servname provided, or not known)""))",2026-08-05T09:37:19.110326
http://www.dtdc.in/,Failed,"HTTPConnectionPool(host='www.dtdc.in', port=80): Max retries exceeded with url: / (Caused by NewConnectionError('<urllib3.connection.HTTPConnection object at 0x108029150>: Failed to establish a new connection: [Errno 61] Connection refused'))",2026-08-05T09:37:19.496188
http://www.dtdc.com/,Failed,"HTTPConnectionPool(host='www.dtdc.com', port=80): Max retries exceeded with url: / (Caused by NewConnectionError('<urllib3.connection.HTTPConnection object at 0x1080c28b0>: Failed to establish a new connection: [Errno 61] Connection refused'))",2026-08-05T09:37:25.144032
http://dtdccourierdomesticinternational-palamvihar.com/,Failed,"HTTPConnectionPool(host='dtdccourierdomesticinternational-palamvihar.com', port=80): Max retries exceeded with url: / (Caused by NameResolutionError(""<urllib3.connection.HTTPConnection object at 0x1080c2e00>: Failed to resolve 'dtdccourierdomesticinternational-palamvihar.com' ([Errno 8] nodename nor servname provided, or not known)""))",2026-08-05T09:37:46.167034
http://shipsecuremovingsolution.services/,Failed,"not enough values to unpack (expected 2, got 1)",2026-08-05T09:37:51.539838
http://www.vikaslogistics.in/,Failed,Website does not appear to be a valid business website,2026-08-05T09:37:55.259605
http://ups.com/,Failed,"HTTPSConnectionPool(host='www.ups.com', port=443): Read timed out. (read timeout=15)",2026-08-05T09:38:43.059801
http://www.sheetlaexpress.in/,Failed,Website does not appear to be a valid business website,2026-08-05T09:38:43.937478
http://www.speedairlogistics.com/,Failed,Exceeded 30 redirects.,2026-08-05T09:39:01.258801
https://epostbook.com/,Failed,Website does not appear to be a valid business website,2026-08-05T09:39:07.811909
https://workspace.dtdc.com/,Failed,"HTTPSConnectionPool(host='workspace.dtdc.com', port=443): Max retries exceeded with url: / (Caused by SSLError(SSLCertVerificationError(1, '[SSL: CERTIFICATE_VERIFY_FAILED] certificate verify failed: unable to get local issuer certificate (_ssl.c:1032)')))",2026-08-05T09:39:08.309169
http://www.decandartexpress.com/,Failed,Website does not appear to be a valid business website,2026-08-05T09:39:08.861076
https://usmailers.in/,Failed,"HTTPSConnectionPool(host='usmailers.in', port=443): Max retries exceeded with url: / (Caused by NameResolutionError(""<urllib3.connection.HTTPSConnection object at 0x107d45f90>: Failed to resolve 'usmailers.in' ([Errno 8] nodename nor servname provided, or not known)""))",2026-08-05T09:39:08.976304
https://magicpin.com/profilemerchant?userId=58699437,Failed,Website does not appear to be a valid business website,2026-08-05T09:39:26.742503
https://vinsumaxpress.com/,Failed,Website does not appear to be a valid business website,2026-08-05T09:39:27.011211
http://allindiancargo.in/,Failed,"HTTPConnectionPool(host='allindiancargo.in', port=80): Max retries exceeded with url: / (Caused by NameResolutionError(""<urllib3.connection.HTTPConnection object at 0x1080c1480>: Failed to resolve 'allindiancargo.in' ([Errno 8] nodename nor servname provided, or not known)""))",2026-08-05T09:39:28.656102
http://www.shreenandancourier.com/,Failed,Website does not appear to be a valid business website,2026-08-05T09:39:29.248694
https://locations-in.express.dhl.com/courier-service-in-sector-18-noida-uttar-pradesh/home,Failed,Website does not appear to be a valid business website,2026-08-05T09:47:18.568922
https://www.reliableintl.co.in/,Failed,Website does not appear to be a valid business website,2026-08-05T09:47:20.195295
http://dtdcexpress.co.in/,Failed,"HTTPConnectionPool(host='dtdcexpress.co.in', port=80): Max retries exceeded with url: / (Caused by NameResolutionError(""<urllib3.connection.HTTPConnection object at 0x108028d10>: Failed to resolve 'dtdcexpress.co.in' ([Errno 8] nodename nor servname provided, or not known)""))",2026-08-05T09:47:23.142546
http://www.dtdc.com/,Failed,"HTTPConnectionPool(host='www.dtdc.com', port=80): Max retries exceeded with url: / (Caused by NewConnectionError('<urllib3.connection.HTTPConnection object at 0x10802a580>: Failed to establish a new connection: [Errno 61] Connection refused'))",2026-08-05T09:47:23.405861
https://shrihnenterprises.my.canva.site/,Failed,Website does not appear to be a valid business website,2026-08-05T09:47:24.042001
http://www.dtdc.in/,Failed,"HTTPConnectionPool(host='www.dtdc.in', port=80): Max retries exceeded with url: / (Caused by NewConnectionError('<urllib3.connection.HTTPConnection object at 0x107c66f10>: Failed to establish a new connection: [Errno 61] Connection refused'))",2026-08-05T09:47:24.537272
http://wwe.dtdc.in/,Failed,"HTTPConnectionPool(host='wwe.dtdc.in', port=80): Max retries exceeded with url: / (Caused by NameResolutionError(""<urllib3.connection.HTTPConnection object at 0x10802b350>: Failed to resolve 'wwe.dtdc.in' ([Errno 8] nodename nor servname provided, or not known)""))",2026-08-05T09:47:24.688616
https://www.shreetirupaticourier.net/,Failed,"HTTPSConnectionPool(host='www.shreetirupaticourier.net', port=443): Max retries exceeded with url: / (Caused by NewConnectionError('<urllib3.connection.HTTPSConnection object at 0x1083ded50>: Failed to establish a new connection: [Errno 61] Connection refused'))",2026-08-05T09:47:27.177299
https://jctransindia.com/,Failed,"HTTPSConnectionPool(host='jctransindia.com', port=443): Max retries exceeded with url: / (Caused by NameResolutionError(""<urllib3.connection.HTTPSConnection object at 0x1083de990>: Failed to resolve 'jctransindia.com' ([Errno 8] nodename nor servname provided, or not known)""))",2026-08-05T09:47:27.644673
https://www.skyjackinternational.com/,Failed,Website does not appear to be a valid business website,2026-08-05T09:47:39.735723
https://jsdl.in/RSL-XXV1780905756,Failed,Website does not appear to be a valid business website,2026-08-05T09:47:47.888445
https://www.courierserviceinnoida.com/,Failed,"HTTPSConnectionPool(host='www.courierserviceinnoida.com', port=443): Max retries exceeded with url: / (Caused by NameResolutionError(""<urllib3.connection.HTTPSConnection object at 0x10f143610>: Failed to resolve 'www.courierserviceinnoida.com' ([Errno 8] nodename nor servname provided, or not known)""))",2026-08-05T09:47:48.136675
http://www.trackoncourier.com/,Failed,404 Client Error: Not Found for url: http://www.trackoncourier.com/,2026-08-05T09:47:48.736258
https://samadhancouriers.com/,Failed,"HTTPSConnectionPool(host='samadhancouriers.com', port=443): Max retries exceeded with url: / (Caused by NameResolutionError(""<urllib3.connection.HTTPSConnection object at 0x10f143110>: Failed to resolve 'samadhancouriers.com' ([Errno 8] nodename nor servname provided, or not known)""))",2026-08-05T09:47:48.953222
https://www.universalindiaexpress.com/,Failed,Website does not appear to be a valid business website,2026-08-05T09:47:52.811401
https://www.dhl.com/,Failed,"HTTPSConnectionPool(host='www.dhl.com', port=443): Read timed out. (read timeout=15)",2026-08-05T09:48:38.357614
https://www.speditionindia.com/,Failed,"HTTPSConnectionPool(host='www.speditionindia.com', port=443): Max retries exceeded with url: / (Caused by ConnectTimeoutError(<urllib3.connection.HTTPSConnection object at 0x10f142d50>, 'Connection to www.speditionindia.com timed out. (connect timeout=15)'))",2026-08-05T09:49:30.540181
https://www.dtdccourierservices.in/,Failed,"HTTPSConnectionPool(host='www.dtdccourierservices.in', port=443): Max retries exceeded with url: / (Caused by NameResolutionError(""<urllib3.connection.HTTPSConnection object at 0x1083dfd90>: Failed to resolve 'www.dtdccourierservices.in' ([Errno 8] nodename nor servname provided, or not known)""))",2026-08-05T09:49:34.403770
https://www.flutterxpress.com/,Failed,"HTTPSConnectionPool(host='www.flutterxpress.com', port=443): Max retries exceeded with url: / (Caused by ConnectTimeoutError(<urllib3.connection.HTTPSConnection object at 0x10f143110>, 'Connection to www.flutterxpress.com timed out. (connect timeout=15)'))",2026-08-05T09:50:22.694461
https://skpackersandmover.in/,Failed,Website does not appear to be a valid business website,2026-08-05T09:50:24.379025
https://vrlgroup.in/vrl_logistics_service.aspx,Failed,404 Client Error: Not Found for url: https://vrlgroup.in/vrl_logistics_service.aspx,2026-08-05T09:50:31.826151
https://locations-in.express.dhl.com/courier-service-in-himayatnagar-hyderabad-telangana/home,Failed,Website does not appear to be a valid business website,2026-08-05T09:58:34.738838
https://www.knrinternationalcourier.in/,Failed,Website does not appear to be a valid business website,2026-08-05T09:58:35.258911
https://www.mapsexpres.com/,Failed,Website does not appear to be a valid business website,2026-08-05T09:58:40.676922
http://www.dskglobal.in/,Failed,Website does not appear to be a valid business website,2026-08-05T09:58:42.209149
http://www.jvkxpress.com/,Failed,500 Server Error: Bad Gateway for url: http://www.jvkxpress.com/,2026-08-05T09:58:47.031608
https://reliableintl.co.in/,Failed,Website does not appear to be a valid business website,2026-08-05T09:58:57.746920
http://sscourier.in/,Failed,404 Client Error: Not Found for url: http://sscourier.in/,2026-08-05T09:58:58.700947
https://markexpress.co.in/,Failed,"HTTPSConnectionPool(host='markexpress.co.in', port=443): Max retries exceeded with url: / (Caused by SSLError(SSLCertVerificationError(1, '[SSL: CERTIFICATE_VERIFY_FAILED] certificate verify failed: certificate has expired (_ssl.c:1032)')))",2026-08-05T09:58:59.591608
https://firststarcourier.com/,Failed,Website does not appear to be a valid business website,2026-08-05T09:59:00.912578
https://sreegarudaexpress.nowfloats.com/,Failed,"HTTPSConnectionPool(host='sreegarudaexpress.nowfloats.com', port=443): Max retries exceeded with url: / (Caused by SSLError(SSLCertVerificationError(1, '[SSL: CERTIFICATE_VERIFY_FAILED] certificate verify failed: unable to get local issuer certificate (_ssl.c:1032)')))",2026-08-05T09:59:04.240928
https://www.iclinternational.in/,Failed,Website does not appear to be a valid business website,2026-08-05T09:59:05.250752
https://www.forwardparcel.com/,Failed,403 Client Error: Forbidden for url: https://www.forwardparcel.com/,2026-08-05T09:59:14.589577
http://www.omniexpress.in/,Failed,"HTTPConnectionPool(host='www.omniexpress.in', port=80): Max retries exceeded with url: / (Caused by ConnectTimeoutError(<urllib3.connection.HTTPConnection object at 0x1080298c0>, 'Connection to www.omniexpress.in timed out. (connect timeout=15)'))",2026-08-05T09:59:59.973787
https://www.yourdesicart.com/,Failed,Website does not appear to be a valid business website,2026-08-05T10:00:22.166944
http://vallabhaexpress.com/,Failed,"HTTPConnectionPool(host='vallabhaexpress.com', port=80): Max retries exceeded with url: / (Caused by NameResolutionError(""<urllib3.connection.HTTPConnection object at 0x10802a9c0>: Failed to resolve 'vallabhaexpress.com' ([Errno 8] nodename nor servname provided, or not known)""))",2026-08-05T10:00:22.386107
http://www.delhivery.com/,Failed,Website does not appear to be a valid business website,2026-08-05T10:00:32.692015
https://mohancourier.in/,Failed,"HTTPSConnectionPool(host='mohancourier.in', port=443): Read timed out. (read timeout=15)",2026-08-05T10:01:26.828114
http://www.lsinternational.in/,Failed,Website does not appear to be a valid business website,2026-08-05T10:01:27.641997
http://www.anjanicourier.in/,Failed,Website does not appear to be a valid business website,2026-08-05T10:01:37.732334
http://ranaexpresscourier.wixsite.com/ranaexpress,Failed,Website does not appear to be a valid business website,2026-08-05T10:01:40.497063
https://www.indiafast.in/,Failed,Website does not appear to be a valid business website,2026-08-05T10:01:47.098748
http://www.indiancourier.com/,Failed,"HTTPConnectionPool(host='www.indiancourier.com', port=80): Max retries exceeded with url: / (Caused by ConnectTimeoutError(<urllib3.connection.HTTPConnection object at 0x10e89e9c0>, 'Connection to www.indiancourier.com timed out. (connect timeout=15)'))",2026-08-05T10:08:24.370020
https://akrexpress.com/,Failed,Website does not appear to be a valid business website,2026-08-05T10:08:29.962419
https://locations-in.express.dhl.com/courier-service-in-nungambakkam-chennai-tamilnadu/home,Failed,Website does not appear to be a valid business website,2026-08-05T10:10:02.397227
http://www.getbyindiapost.com/,Failed,"HTTPConnectionPool(host='www.getbyindiapost.com', port=80): Max retries exceeded with url: / (Caused by NameResolutionError(""<urllib3.connection.HTTPConnection object at 0x107c66f10>: Failed to resolve 'www.getbyindiapost.com' ([Errno 8] nodename nor servname provided, or not known)""))",2026-08-05T10:10:02.603562
https://reliableintl.co.in/,Failed,Website does not appear to be a valid business website,2026-08-05T10:10:16.552679
https://www.valueexpress.org/,Failed,Website does not appear to be a valid business website,2026-08-05T10:10:17.780717
https://horizonlogisticsglobal.com/,Failed,Website does not appear to be a valid business website,2026-08-05T10:10:25.188241
https://theexpressway.in/,Failed,Website does not appear to be a valid business website,2026-08-05T10:10:27.468886
https://pickopick.com/,Failed,Website does not appear to be a valid business website,2026-08-05T10:10:27.903064
https://xpresscourier.in/,Failed,"HTTPSConnectionPool(host='xpresscourier.in', port=443): Max retries exceeded with url: / (Caused by NameResolutionError(""<urllib3.connection.HTTPSConnection object at 0x107d45a90>: Failed to resolve 'xpresscourier.in' ([Errno 8] nodename nor servname provided, or not known)""))",2026-08-05T10:10:47.797178
http://www.dtdc.in/,Failed,"HTTPConnectionPool(host='www.dtdc.in', port=80): Max retries exceeded with url: / (Caused by NewConnectionError('<urllib3.connection.HTTPConnection object at 0x108413240>: Failed to establish a new connection: [Errno 61] Connection refused'))",2026-08-05T10:10:55.477794
http://www.uniexcourierandcargo.com/,Failed,Website does not appear to be a valid business website,2026-08-05T10:11:03.429123
https://www.mydtdc.in/,Failed,"HTTPSConnectionPool(host='www.mydtdc.in', port=443): Max retries exceeded with url: / (Caused by SSLError(SSLCertVerificationError(1, ""[SSL: CERTIFICATE_VERIFY_FAILED] certificate verify failed: Hostname mismatch, certificate is not valid for 'www.mydtdc.in'. (_ssl.c:1032)"")))",2026-08-05T10:11:05.559416
http://www.indiapost.gov.in/,Failed,"HTTPConnectionPool(host='www.indiapost.gov.in', port=80): Max retries exceeded with url: / (Caused by ConnectTimeoutError(<urllib3.connection.HTTPConnection object at 0x10802b460>, 'Connection to www.indiapost.gov.in timed out. (connect timeout=15)'))",2026-08-05T10:11:50.666395
https://www.sealedtobusiness.com/#/home,Failed,Website does not appear to be a valid business website,2026-08-05T10:11:59.036754
https://www.reliableintl.co.in/,Failed,Website does not appear to be a valid business website,2026-08-05T10:18:28.764078
https://www.homepickupcourier.online/,Failed,Website does not appear to be a valid business website,2026-08-05T10:18:30.921967
https://locations-in.express.dhl.com/courier-service-in-erandwane-pune-maharashtra/home,Failed,Website does not appear to be a valid business website,2026-08-05T10:20:08.711916
http://uniqueairexpress.com/,Failed,Website does not appear to be a valid business website,2026-08-05T10:20:18.128465
http://www.dtdc.com/,Failed,"HTTPConnectionPool(host='www.dtdc.com', port=80): Max retries exceeded with url: / (Caused by NewConnectionError('<urllib3.connection.HTTPConnection object at 0x10e89caf0>: Failed to establish a new connection: [Errno 61] Connection refused'))",2026-08-05T10:20:18.442438
https://www.jexpresscourier.com/,Failed,"HTTPSConnectionPool(host='www.jexpresscourier.com', port=443): Max retries exceeded with url: / (Caused by NameResolutionError(""<urllib3.connection.HTTPSConnection object at 0x107d45f90>: Failed to resolve 'www.jexpresscourier.com' ([Errno 8] nodename nor servname provided, or not known)""))",2026-08-05T10:20:18.663179
http://www.omsaicourier.com/,Failed,"HTTPConnectionPool(host='www.omsaicourier.com', port=80): Max retries exceeded with url: / (Caused by ConnectTimeoutError(<urllib3.connection.HTTPConnection object at 0x10e89caf0>, 'Connection to www.omsaicourier.com timed out. (connect timeout=15)'))",2026-08-05T10:21:04.169891
https://www.google.com/maps/contrib/112570887687346382782?hl=en-IN,Failed,Website does not appear to be a valid business website,2026-08-05T10:21:08.239481
http://www.delhivery.com/,Failed,Website does not appear to be a valid business website,2026-08-05T10:21:25.598438
http://www.onslogistics.net/,Failed,"HTTPSConnectionPool(host='www.onslogistics.net', port=443): Max retries exceeded with url: / (Caused by SSLError(SSLCertVerificationError(1, '[SSL: CERTIFICATE_VERIFY_FAILED] certificate verify failed: certificate has expired (_ssl.c:1032)')))",2026-08-05T10:21:28.295709
https://business.google.com/site/l/17045427135123074846?hl=en-GB,Failed,404 Client Error: Not Found for url: https://business.google.com/site/l/17045427135123074846?hl=en-GB,2026-08-05T10:21:29.636548
http://www.parcelbhejo.com/,Failed,"HTTPConnectionPool(host='www.parcelbhejo.com', port=80): Max retries exceeded with url: / (Caused by ConnectTimeoutError(<urllib3.connection.HTTPConnection object at 0x10802a030>, 'Connection to www.parcelbhejo.com timed out. (connect timeout=15)'))",2026-08-05T10:22:14.974551
https://internationalcourierservice.org/,Failed,Website does not appear to be a valid business website,2026-08-05T10:22:23.199427
http://www.occpllogistics.com/,Failed,Website does not appear to be a valid business website,2026-08-05T10:22:23.752360
https://obnexpress.com/,Failed,"HTTPSConnectionPool(host='obnexpress.com', port=443): Max retries exceeded with url: / (Caused by ConnectTimeoutError(<urllib3.connection.HTTPSConnection object at 0x107d47d90>, 'Connection to obnexpress.com timed out. (connect timeout=15)'))",2026-08-05T10:23:12.667055
http://www.maersk.com/,Failed,Website does not appear to be a valid business website,2026-08-05T10:23:28.216190
http://www.trackoncourier.com/,Failed,404 Client Error: Not Found for url: http://www.trackoncourier.com/,2026-08-05T10:23:28.850578
http://www.xpressbees.com/,Failed,Website does not appear to be a valid business website,2026-08-05T10:23:29.377058
https://www.myparcelguru.com/,Failed,Website does not appear to be a valid business website,2026-08-05T10:23:31.554990
https://samedaylogistics.in/,Failed,Website does not appear to be a valid business website,2026-08-05T10:30:10.425989
https://www.reliableintl.co.in/,Failed,Website does not appear to be a valid business website,2026-08-05T10:30:11.228884
http://www.jdic.in/,Failed,Website does not appear to be a valid business website,2026-08-05T10:30:11.912693
https://mycourierworld.com/,Failed,Website does not appear to be a valid business website,2026-08-05T10:30:12.529125
https://locations-in.express.dhl.com/courier-service-in-navrangpura-ahmedabad-gujarat/home,Failed,Website does not appear to be a valid business website,2026-08-05T10:31:45.593872
http://www.kspenterprise.com/,Failed,"HTTPSConnectionPool(host='www.kspenterprise.com', port=443): Max retries exceeded with url: / (Caused by SSLError(SSLCertVerificationError(1, ""[SSL: CERTIFICATE_VERIFY_FAILED] certificate verify failed: Hostname mismatch, certificate is not valid for 'www.kspenterprise.com'. (_ssl.c:1032)"")))",2026-08-05T10:31:52.436498
http://thedeltaexpress.com/,Failed,"HTTPConnectionPool(host='thedeltaexpress.com', port=80): Max retries exceeded with url: / (Caused by ConnectTimeoutError(<urllib3.connection.HTTPConnection object at 0x108028160>, 'Connection to thedeltaexpress.com timed out. (connect timeout=15)'))",2026-08-05T10:32:37.663203
https://www.speedairglobal.com/,Failed,"HTTPSConnectionPool(host='www.speedairglobal.com', port=443): Max retries exceeded with url: / (Caused by ConnectTimeoutError(<urllib3.connection.HTTPSConnection object at 0x10f141450>, 'Connection to www.speedairglobal.com timed out. (connect timeout=15)'))",2026-08-05T10:33:35.340916
http://www.combinedcourier.com/,Failed,Website does not appear to be a valid business website,2026-08-05T10:33:39.115322
http://www.universalcourier.co.in/,Failed,"HTTPConnectionPool(host='www.universalcourier.co.in', port=80): Max retries exceeded with url: / (Caused by ConnectTimeoutError(<urllib3.connection.HTTPConnection object at 0x108029150>, 'Connection to www.universalcourier.co.in timed out. (connect timeout=15)'))",2026-08-05T10:34:24.377441
http://www.skyexcouriers.com/,Failed,Website does not appear to be a valid business website,2026-08-05T10:34:27.957900
http://www.shreejiairways.in/,Failed,Website does not appear to be a valid business website,2026-08-05T10:34:30.360991
https://aics.in/,Failed,"HTTPSConnectionPool(host='aics.in', port=443): Max retries exceeded with url: / (Caused by ConnectTimeoutError(<urllib3.connection.HTTPSConnection object at 0x10eb57250>, 'Connection to aics.in timed out. (connect timeout=15)'))",2026-08-05T10:35:23.966997
http://westernair.in/contact.html,Failed,404 Client Error: Not Found for url: https://westernair.in/contact.html,2026-08-05T10:35:25.233537
https://courierstation.in/,Failed,Website does not appear to be a valid business website,2026-08-05T10:35:28.163829
http://airfield.co.in/,Failed,Website does not appear to be a valid business website,2026-08-05T10:35:31.907772
http://www.shreenandancourier.com/,Failed,Website does not appear to be a valid business website,2026-08-05T10:35:32.478577
http://www.datexcargo.com/,Failed,Website does not appear to be a valid business website,2026-08-05T10:35:34.157261
http://www.dtdc.in/,Failed,"HTTPConnectionPool(host='www.dtdc.in', port=80): Max retries exceeded with url: / (Caused by NewConnectionError('<urllib3.connection.HTTPConnection object at 0x107c67df0>: Failed to establish a new connection: [Errno 61] Connection refused'))",2026-08-05T10:35:34.513352
https://wa.me/message/X42VM22KBCJAO1,Failed,400 Client Error: Bad Request for url: https://wa.me/message/X42VM22KBCJAO1,2026-08-05T10:35:35.722536
http://www.edrcourier.com/,Failed,403 Client Error: Forbidden for url: http://www.edrcourier.com/,2026-08-05T10:35:36.314511
https://shreetirupaticourierservice.net/,Failed,"HTTPSConnectionPool(host='shreetirupaticourierservice.net', port=443): Max retries exceeded with url: / (Caused by NameResolutionError(""<urllib3.connection.HTTPSConnection object at 0x10f141950>: Failed to resolve 'shreetirupaticourierservice.net' ([Errno 8] nodename nor servname provided, or not known)""))",2026-08-05T10:35:36.538851
http://www.shaktistarintl.in/,Failed,"HTTPSConnectionPool(host='www.shaktistarintl.in', port=443): Max retries exceeded with url: / (Caused by SSLError(SSLCertVerificationError(1, ""[SSL: CERTIFICATE_VERIFY_FAILED] certificate verify failed: Hostname mismatch, certificate is not valid for 'www.shaktistarintl.in'. (_ssl.c:1032)"")))",2026-08-05T10:35:37.693499
https://www.google.com/maps/contrib/111823263465459724968?hl=en-IN,Failed,Website does not appear to be a valid business website,2026-08-05T10:35:47.928725
http://www.ajcourier.com/,Failed,"HTTPConnectionPool(host='www.ajcourier.com', port=80): Max retries exceeded with url: / (Caused by ConnectTimeoutError(<urllib3.connection.HTTPConnection object at 0x1080c05a0>, 'Connection to www.ajcourier.com timed out. (connect timeout=15)'))",2026-08-05T10:36:33.289684
https://www.markexpress.co.in/,Failed,"HTTPSConnectionPool(host='www.markexpress.co.in', port=443): Max retries exceeded with url: / (Caused by SSLError(SSLCertVerificationError(1, '[SSL: CERTIFICATE_VERIFY_FAILED] certificate verify failed: certificate has expired (_ssl.c:1032)')))",2026-08-05T10:36:40.799518
https://marutiair.com/tracking.html,Failed,"('Connection aborted.', ConnectionResetError(54, 'Connection reset by peer'))",2026-08-05T10:36:42.090910
https://pickmycourier.com/,Failed,Website does not appear to be a valid business website,2026-08-05T10:43:26.146982
https://www.siuslogistics.in/,Failed,Website does not appear to be a valid business website,2026-08-05T10:43:28.657748
https://akrexpress.com/,Failed,Website does not appear to be a valid business website,2026-08-05T10:43:40.068573
https://locations-in.express.dhl.com/courier-service-in-kuppakonam-pudur-coimbatore-tamilnadu/home,Failed,Website does not appear to be a valid business website,2026-08-05T10:44:28.832161
https://shipwithvel.com/,Failed,Website does not appear to be a valid business website,2026-08-05T10:44:29.961143
https://www.mrsspeedparcelservice.com/,Failed,Website does not appear to be a valid business website,2026-08-05T10:44:39.892091
http://www.arcparcelservice.com/,Failed,403 Client Error: Forbidden for url: http://www.arcparcelservice.com/,2026-08-05T10:44:50.513673
https://dutchinternationalcourier.com/,Failed,Website does not appear to be a valid business website,2026-08-05T10:44:53.029887
http://www.dtdc.in/,Failed,"HTTPConnectionPool(host='www.dtdc.in', port=80): Max retries exceeded with url: / (Caused by NewConnectionError('<urllib3.connection.HTTPConnection object at 0x107c66e00>: Failed to establish a new connection: [Errno 61] Connection refused'))",2026-08-05T10:44:58.079373
http://www.abtparcelservice.com/,Failed,Website does not appear to be a valid business website,2026-08-05T10:45:09.919509
https://shiphit.com/international-courier-coimbatore,Failed,Website does not appear to be a valid business website,2026-08-05T10:45:13.139170
https://worldwideparcelservices.com/international-courier-coimbatore/,Failed,"HTTPSConnectionPool(host='worldwideparcelservices.com', port=443): Max retries exceeded with url: /international-courier-coimbatore/ (Caused by NameResolutionError(""<urllib3.connection.HTTPSConnection object at 0x10f1439d0>: Failed to resolve 'worldwideparcelservices.com' ([Errno 8] nodename nor servname provided, or not known)""))",2026-08-05T10:45:13.377279
https://aics.in/,Failed,"HTTPSConnectionPool(host='aics.in', port=443): Max retries exceeded with url: / (Caused by ConnectTimeoutError(<urllib3.connection.HTTPSConnection object at 0x10f140f50>, 'Connection to aics.in timed out. (connect timeout=15)'))",2026-08-05T10:52:45.382703
http://kesaricourier.com/,Failed,403 Client Error: Forbidden for url: http://kesaricourier.com/,2026-08-05T10:52:49.805460
https://locations-in.express.dhl.com/courier-service-in-athwa-surat-gujarat/home,Failed,Website does not appear to be a valid business website,2026-08-05T10:54:22.463290
http://www.maahiparcel.com/,Failed,Website does not appear to be a valid business website,2026-08-05T10:54:23.189295
https://www.delhivery.com/,Failed,Website does not appear to be a valid business website,2026-08-05T10:54:31.824518
http://www.citycouriersurat.in/,Failed,"HTTPConnectionPool(host='www.citycouriersurat.in', port=80): Max retries exceeded with url: / (Caused by ConnectTimeoutError(<urllib3.connection.HTTPConnection object at 0x108029040>, 'Connection to www.citycouriersurat.in timed out. (connect timeout=15)'))",2026-08-05T10:55:17.626356
http://www.foxygologistics.com/,Failed,Website does not appear to be a valid business website,2026-08-05T10:55:22.297994
http://www.eparcels.in/,Failed,"HTTPConnectionPool(host='www.eparcels.in', port=80): Max retries exceeded with url: / (Caused by NameResolutionError(""<urllib3.connection.HTTPConnection object at 0x10802ae00>: Failed to resolve 'www.eparcels.in' ([Errno 8] nodename nor servname provided, or not known)""))",2026-08-05T10:55:34.504302
http://www.flyinternationcourier.in/,Failed,"HTTPConnectionPool(host='www.flyinternationcourier.in', port=80): Max retries exceeded with url: / (Caused by NameResolutionError(""<urllib3.connection.HTTPConnection object at 0x107c66be0>: Failed to resolve 'www.flyinternationcourier.in' ([Errno 8] nodename nor servname provided, or not known)""))",2026-08-05T10:55:38.268425
http://shreenandancourier.com/,Failed,Website does not appear to be a valid business website,2026-08-05T10:55:49.404859
http://www.shreeanjani.co.in/,Failed,Website does not appear to be a valid business website,2026-08-05T10:56:31.506047
http://www.xpressbees.com/,Failed,Website does not appear to be a valid business website,2026-08-05T10:56:35.736742
http://www.dtdc.in/,Failed,"HTTPConnectionPool(host='www.dtdc.in', port=80): Max retries exceeded with url: / (Caused by NewConnectionError('<urllib3.connection.HTTPConnection object at 0x108413ce0>: Failed to establish a new connection: [Errno 61] Connection refused'))",2026-08-05T10:56:36.130240
https://ramdevparcelservice.com/,Failed,"HTTPSConnectionPool(host='ramdevparcelservice.com', port=443): Max retries exceeded with url: / (Caused by ConnectTimeoutError(<urllib3.connection.HTTPSConnection object at 0x10eb57610>, 'Connection to ramdevparcelservice.com timed out. (connect timeout=15)'))",2026-08-05T10:57:31.689917
https://speedcargopackers.co.in/,Failed,"HTTPSConnectionPool(host='speedcargopackers.co.in', port=443): Max retries exceeded with url: / (Caused by SSLError(SSLEOFError(8, '[SSL: UNEXPECTED_EOF_WHILE_READING] EOF occurred in violation of protocol (_ssl.c:1032)')))",2026-08-05T10:57:34.920124
http://www.madhurcouriers.in/,Failed,Website does not appear to be a valid business website,2026-08-05T10:57:36.113757
https://www.laxmipatiinternational.com/,Failed,"HTTPSConnectionPool(host='www.laxmipatiinternational.com', port=443): Max retries exceeded with url: / (Caused by ConnectTimeoutError(<urllib3.connection.HTTPSConnection object at 0x10eb57c50>, 'Connection to www.laxmipatiinternational.com timed out. (connect timeout=15)'))",2026-08-05T10:58:21.434923
https://www.wingscourierjaipur.com/,Failed,Website does not appear to be a valid business website,2026-08-05T11:05:22.661337
https://onpoint.in/,Failed,"HTTPSConnectionPool(host='onpoint.in', port=443): Max retries exceeded with url: / (Caused by SSLError(SSLCertVerificationError(1, '[SSL: CERTIFICATE_VERIFY_FAILED] certificate verify failed: unable to get local issuer certificate (_ssl.c:1032)')))",2026-08-05T11:05:23.210829
http://neelgiriworldwide.com/,Failed,Website does not appear to be a valid business website,2026-08-05T11:05:25.952280
https://reliableintl.co.in/,Failed,Website does not appear to be a valid business website,2026-08-05T11:05:26.735473
http://www.shipindiasey.com/,Failed,Website does not appear to be a valid business website,2026-08-05T11:05:27.398301
https://www.delhivery.com/,Failed,Website does not appear to be a valid business website,2026-08-05T11:05:27.712581
https://locations-in.express.dhl.com/courier-service-in-ashok-nagar-jaipur-rajasthan/home,Failed,Website does not appear to be a valid business website,2026-08-05T11:07:20.967535
http://www.renwalcourier.com/,Failed,"HTTPConnectionPool(host='www.renwalcourier.com', port=80): Max retries exceeded with url: / (Caused by NameResolutionError(""<urllib3.connection.HTTPConnection object at 0x10e89e9c0>: Failed to resolve 'www.renwalcourier.com' ([Errno 8] nodename nor servname provided, or not known)""))",2026-08-05T11:07:21.195246
http://www.dtdc.com/,Failed,"HTTPConnectionPool(host='www.dtdc.com', port=80): Max retries exceeded with url: / (Caused by NewConnectionError('<urllib3.connection.HTTPConnection object at 0x108413680>: Failed to establish a new connection: [Errno 61] Connection refused'))",2026-08-05T11:07:22.289809
https://ecpm.in/,Failed,Website does not appear to be a valid business website,2026-08-05T11:07:23.009904
http://www.dtdc.in/,Failed,"HTTPConnectionPool(host='www.dtdc.in', port=80): Max retries exceeded with url: / (Caused by NewConnectionError('<urllib3.connection.HTTPConnection object at 0x10e89d040>: Failed to establish a new connection: [Errno 61] Connection refused'))",2026-08-05T11:07:24.415072
http://www.dhl.co.in/,Failed,"HTTPSConnectionPool(host='www.dhl.com', port=443): Read timed out. (read timeout=15)",2026-08-05T11:08:10.735993
https://jsdl.in/DT-30ONJRYC6N5,Failed,Website does not appear to be a valid business website,2026-08-05T11:08:15.698248
https://www.gxpresss.com/,Failed,"HTTPSConnectionPool(host='www.gxpresss.com', port=443): Max retries exceeded with url: / (Caused by ConnectTimeoutError(<urllib3.connection.HTTPSConnection object at 0x10f141950>, 'Connection to www.gxpresss.com timed out. (connect timeout=15)'))",2026-08-05T11:09:02.863337
http://timetotimeexp.com/,Failed,"HTTPSConnectionPool(host='timetotimeexp.com', port=443): Max retries exceeded with url: / (Caused by SSLError(SSLCertVerificationError(1, '[SSL: CERTIFICATE_VERIFY_FAILED] certificate verify failed: certificate has expired (_ssl.c:1032)')))",2026-08-05T11:09:04.287451
https://www.ups.com/content/in/en/contact/index.html?WT.svl=eFooter,Failed,"HTTPSConnectionPool(host='www.ups.com', port=443): Read timed out. (read timeout=15)",2026-08-05T11:10:03.273737
http://www.tpcglobe.com/,Failed,"HTTPConnectionPool(host='www.tpcglobe.com', port=80): Max retries exceeded with url: / (Caused by ConnectTimeoutError(<urllib3.connection.HTTPConnection object at 0x10e89d040>, 'Connection to www.tpcglobe.com timed out. (connect timeout=15)'))",2026-08-05T11:10:51.261754
http://www.madhurcouriers.in/,Failed,Website does not appear to be a valid business website,2026-08-05T11:11:04.434868
http://www.syndicateindia.net/,Failed,"HTTPConnectionPool(host='www.syndicateindia.net', port=80): Max retries exceeded with url: / (Caused by NameResolutionError(""<urllib3.connection.HTTPConnection object at 0x108413df0>: Failed to resolve 'www.syndicateindia.net' ([Errno 8] nodename nor servname provided, or not known)""))",2026-08-05T11:11:32.219484
https://thankfulpnm.com/,Failed,"HTTPSConnectionPool(host='thankfulpnm.com', port=443): Max retries exceeded with url: / (Caused by ConnectTimeoutError(<urllib3.connection.HTTPSConnection object at 0x10f141450>, 'Connection to thankfulpnm.com timed out. (connect timeout=15)'))",2026-08-05T11:12:23.290218
https://myacecourierservices.com/,Failed,"HTTPSConnectionPool(host='myacecourierservices.com', port=443): Max retries exceeded with url: / (Caused by ConnectTimeoutError(<urllib3.connection.HTTPSConnection object at 0x10f140e10>, 'Connection to myacecourierservices.com timed out. (connect timeout=15)'))",2026-08-05T11:13:08.545894
https://locations-in.express.dhl.com/courier-service-in-snehnagar-indore-madhya-pradesh/home,Failed,Website does not appear to be a valid business website,2026-08-05T11:21:31.294790
http://www.dtdc.in/,Failed,"HTTPConnectionPool(host='www.dtdc.in', port=80): Max retries exceeded with url: / (Caused by NewConnectionError('<urllib3.connection.HTTPConnection object at 0x1080c1260>: Failed to establish a new connection: [Errno 61] Connection refused'))",2026-08-05T11:21:36.259360
https://www.indiancouriercompany.com/,Failed,"HTTPSConnectionPool(host='www.indiancouriercompany.com', port=443): Max retries exceeded with url: / (Caused by ConnectTimeoutError(<urllib3.connection.HTTPSConnection object at 0x1083de850>, 'Connection to www.indiancouriercompany.com timed out. (connect timeout=15)'))",2026-08-05T11:22:21.553489
http://www.dtdccouirerindore.in/,Failed,"HTTPConnectionPool(host='www.dtdccouirerindore.in', port=80): Max retries exceeded with url: / (Caused by NameResolutionError(""<urllib3.connection.HTTPConnection object at 0x1080c3130>: Failed to resolve 'www.dtdccouirerindore.in' ([Errno 8] nodename nor servname provided, or not known)""))",2026-08-05T11:22:21.711897
https://delhiveryindore05-prog.github.io/paras-logistics/,Failed,Website does not appear to be a valid business website,2026-08-05T11:22:24.278037
https://www.madhurcouriers.in/,Failed,Website does not appear to be a valid business website,2026-08-05T11:22:25.497187
http://www.trackoncourier.com/,Failed,404 Client Error: Not Found for url: http://www.trackoncourier.com/,2026-08-05T11:22:25.988379
http://ontimeexpress.in/,Failed,"HTTPConnectionPool(host='ontimeexpress.in', port=80): Max retries exceeded with url: / (Caused by NameResolutionError(""<urllib3.connection.HTTPConnection object at 0x1080c3130>: Failed to resolve 'ontimeexpress.in' ([Errno 8] nodename nor servname provided, or not known)""))",2026-08-05T11:22:26.143692
https://www.delhivery.com/,Failed,Website does not appear to be a valid business website,2026-08-05T11:22:26.514503
http://dhl.com/,Failed,"HTTPSConnectionPool(host='www.dhl.com', port=443): Read timed out. (read timeout=15)",2026-08-05T11:23:19.523263
http://www.dtdc.com/,Failed,"HTTPConnectionPool(host='www.dtdc.com', port=80): Max retries exceeded with url: / (Caused by NewConnectionError('<urllib3.connection.HTTPConnection object at 0x1080c18c0>: Failed to establish a new connection: [Errno 61] Connection refused'))",2026-08-05T11:23:23.745861
http://www.trackoncouriers.com/DeliveryDestination.aspx,Failed,"HTTPConnectionPool(host='www.trackoncouriers.com', port=80): Max retries exceeded with url: /DeliveryDestination.aspx (Caused by NameResolutionError(""<urllib3.connection.HTTPConnection object at 0x1080c0c00>: Failed to resolve 'www.trackoncouriers.com' ([Errno 8] nodename nor servname provided, or not known)""))",2026-08-05T11:23:24.044307
https://ghartak.in/,Failed,"HTTPSConnectionPool(host='ghartak.in', port=443): Max retries exceeded with url: / (Caused by NameResolutionError(""<urllib3.connection.HTTPSConnection object at 0x1083dec10>: Failed to resolve 'ghartak.in' ([Errno 8] nodename nor servname provided, or not known)""))",2026-08-05T11:23:31.372581
http://www.smexpresslogistics.com/,Failed,"HTTPConnectionPool(host='www.smexpresslogistics.com', port=80): Max retries exceeded with url: / (Caused by ConnectTimeoutError(<urllib3.connection.HTTPConnection object at 0x107c66e00>, 'Connection to www.smexpresslogistics.com timed out. (connect timeout=15)'))",2026-08-05T11:24:16.737265
http://www.shreenandancourier.com/,Failed,Website does not appear to be a valid business website,2026-08-05T11:24:17.345525
http://www.mmlipl.in/,Failed,"HTTPConnectionPool(host='www.mmlipl.in', port=80): Max retries exceeded with url: / (Caused by ConnectTimeoutError(<urllib3.connection.HTTPConnection object at 0x107c66be0>, 'Connection to www.mmlipl.in timed out. (connect timeout=15)'))",2026-08-05T11:25:02.744604
http://www.delhiindoretransport.com/,Failed,Website does not appear to be a valid business website,2026-08-05T11:25:08.246464
https://vrlgroup.in/vrl_logistics_service.aspx,Failed,404 Client Error: Not Found for url: https://vrlgroup.in/vrl_logistics_service.aspx,2026-08-05T11:25:08.810695
https://locations-in.express.dhl.com/courier-service-in-hazratganj-lucknow-uttar-pradesh/home,Failed,Website does not appear to be a valid business website,2026-08-05T11:35:05.911357
https://g.co/kgs/v68aHg,Failed,Website does not appear to be a valid business website,2026-08-05T11:35:19.644990
http://www.dtdc.in/,Failed,"HTTPConnectionPool(host='www.dtdc.in', port=80): Max retries exceeded with url: / (Caused by NewConnectionError('<urllib3.connection.HTTPConnection object at 0x107c67df0>: Failed to establish a new connection: [Errno 61] Connection refused'))",2026-08-05T11:35:31.492118
http://www.dtdc.com/,Failed,"HTTPConnectionPool(host='www.dtdc.com', port=80): Max retries exceeded with url: / (Caused by NewConnectionError('<urllib3.connection.HTTPConnection object at 0x107c67df0>: Failed to establish a new connection: [Errno 61] Connection refused'))",2026-08-05T11:35:31.766936
https://www.delhivery.com/,Failed,Website does not appear to be a valid business website,2026-08-05T11:35:35.377787
http://www.shreetirupaticourierservice.net/,Failed,"HTTPConnectionPool(host='www.shreetirupaticourierservice.net', port=80): Max retries exceeded with url: / (Caused by NameResolutionError(""<urllib3.connection.HTTPConnection object at 0x1080c1150>: Failed to resolve 'www.shreetirupaticourierservice.net' ([Errno 8] nodename nor servname provided, or not known)""))",2026-08-05T11:35:35.632908
http://www.trackoncourier.com/,Failed,404 Client Error: Not Found for url: http://www.trackoncourier.com/,2026-08-05T11:35:54.853359
https://www.essess.info/?utm_source=google&utm_medium=wix_google_business_profile&utm_campaign=6263352532304371718,Failed,Website does not appear to be a valid business website,2026-08-05T11:35:56.657125
https://www.ekartlogistics.com/,Failed,Website does not appear to be a valid business website,2026-08-05T11:35:57.432404
http://www.bestcourierfranchiseindia.in/,Failed,"HTTPConnectionPool(host='www.bestcourierfranchiseindia.in', port=80): Max retries exceeded with url: / (Caused by NameResolutionError(""<urllib3.connection.HTTPConnection object at 0x1080c0160>: Failed to resolve 'www.bestcourierfranchiseindia.in' ([Errno 8] nodename nor servname provided, or not known)""))",2026-08-05T11:36:00.785693
https://courierworld.in/,Failed,"HTTPSConnectionPool(host='courierworld.in', port=443): Max retries exceeded with url: / (Caused by ConnectTimeoutError(<urllib3.connection.HTTPSConnection object at 0x1083dfed0>, 'Connection to courierworld.in timed out. (connect timeout=15)'))",2026-08-05T11:45:55.905240
https://www.malabarworldwide.com/,Failed,"HTTPSConnectionPool(host='www.malabarworldwide.com', port=443): Max retries exceeded with url: / (Caused by ConnectTimeoutError(<urllib3.connection.HTTPSConnection object at 0x1083dec10>, 'Connection to www.malabarworldwide.com timed out. (connect timeout=15)'))",2026-08-05T11:46:41.167958
http://www.tradeandlogistic.com/,Failed,"HTTPConnectionPool(host='www.tradeandlogistic.com', port=80): Max retries exceeded with url: / (Caused by NameResolutionError(""<urllib3.connection.HTTPConnection object at 0x108413df0>: Failed to resolve 'www.tradeandlogistic.com' ([Errno 8] nodename nor servname provided, or not known)""))",2026-08-05T11:46:41.386146
http://www.expresscok.com/,Failed,401 Client Error: Unauthorized for url: https://expresscok.com/,2026-08-05T11:46:47.514718
https://locations-in.express.dhl.com/courier-service-in-ernakulam-kochi-kerala/home,Failed,Website does not appear to be a valid business website,2026-08-05T11:48:20.456312
https://www.garudavega.com/contact/service-center-palarivattom.php,Failed,Website does not appear to be a valid business website,2026-08-05T11:48:22.962643
http://globalcourierandshipping.in/,Failed,"HTTPConnectionPool(host='globalcourierandshipping.in', port=80): Max retries exceeded with url: / (Caused by NameResolutionError(""<urllib3.connection.HTTPConnection object at 0x1080c2250>: Failed to resolve 'globalcourierandshipping.in' ([Errno 8] nodename nor servname provided, or not known)""))",2026-08-05T11:48:23.138734
https://keralabusinesslist.com/intex-courier-cargo,Failed,"HTTPSConnectionPool(host='keralabusinesslist.com', port=443): Max retries exceeded with url: /intex-courier-cargo (Caused by SSLError(SSLCertVerificationError(1, '[SSL: CERTIFICATE_VERIFY_FAILED] certificate verify failed: self-signed certificate (_ssl.c:1032)')))",2026-08-05T11:48:23.862954
https://expresscourierservice.in/,Failed,"HTTPSConnectionPool(host='expresscourierservice.in', port=443): Max retries exceeded with url: / (Caused by ConnectTimeoutError(<urllib3.connection.HTTPSConnection object at 0x10eb56c10>, 'Connection to expresscourierservice.in timed out. (connect timeout=15)'))",2026-08-05T11:49:09.072176
http://www.fynyxgroup.com/,Failed,Website does not appear to be a valid business website,2026-08-05T11:49:12.938409
http://www.ups.com/,Failed,"HTTPSConnectionPool(host='www.ups.com', port=443): Read timed out. (read timeout=15)",2026-08-05T11:49:58.905202
https://airwinch.in/,Failed,"HTTPSConnectionPool(host='airwinch.in', port=443): Max retries exceeded with url: / (Caused by ConnectTimeoutError(<urllib3.connection.HTTPSConnection object at 0x10eb56ad0>, 'Connection to airwinch.in timed out. (connect timeout=15)'))",2026-08-05T11:50:49.328805
http://www.speedandsafe.com/,Failed,Website does not appear to be a valid business website,2026-08-05T11:50:55.042699
http://www.akrexpress.com/,Failed,Website does not appear to be a valid business website,2026-08-05T11:51:00.779460
http://www.packship.in/,Failed,"HTTPConnectionPool(host='www.packship.in', port=80): Max retries exceeded with url: / (Caused by NameResolutionError(""<urllib3.connection.HTTPConnection object at 0x1080299d0>: Failed to resolve 'www.packship.in' ([Errno 8] nodename nor servname provided, or not known)""))",2026-08-05T11:51:00.918383
https://www.icswh.com/?utm_source=google&utm_medium=wix_google_business_profile&utm_campaign=1547865889077143023,Failed,404 Client Error: Not Found for url: https://www.icswh.com/?utm_source=google&utm_medium=wix_google_business_profile&utm_campaign=1547865889077143023,2026-08-05T11:51:01.661220
http://www.indiapost.gov.in/,Failed,"HTTPConnectionPool(host='www.indiapost.gov.in', port=80): Max retries exceeded with url: / (Caused by ConnectTimeoutError(<urllib3.connection.HTTPConnection object at 0x107c67f00>, 'Connection to www.indiapost.gov.in timed out. (connect timeout=15)'))",2026-08-05T11:51:46.758000
http://www.tpcglobe.com/,Failed,"HTTPConnectionPool(host='www.tpcglobe.com', port=80): Max retries exceeded with url: / (Caused by ConnectTimeoutError(<urllib3.connection.HTTPConnection object at 0x108413460>, 'Connection to www.tpcglobe.com timed out. (connect timeout=15)'))",2026-08-05T11:53:05.013613
https://sincereenterprises.in/,Failed,"HTTPSConnectionPool(host='sincereenterprises.in', port=443): Max retries exceeded with url: / (Caused by ConnectTimeoutError(<urllib3.connection.HTTPSConnection object at 0x10eb551d0>, 'Connection to sincereenterprises.in timed out. (connect timeout=15)'))",2026-08-05T11:53:51.003155
http://tpcindia.com/,Failed,"HTTPConnectionPool(host='tpcindia.com', port=80): Max retries exceeded with url: / (Caused by ConnectTimeoutError(<urllib3.connection.HTTPConnection object at 0x108413df0>, 'Connection to tpcindia.com timed out. (connect timeout=15)'))",2026-08-05T11:54:36.123019
http://www.arcparcelservice.com/,Failed,403 Client Error: Forbidden for url: http://www.arcparcelservice.com/,2026-08-05T11:54:36.785174
http://www.dtdc.in/,Failed,"HTTPConnectionPool(host='www.dtdc.in', port=80): Max retries exceeded with url: / (Caused by NewConnectionError('<urllib3.connection.HTTPConnection object at 0x108413240>: Failed to establish a new connection: [Errno 61] Connection refused'))",2026-08-05T11:54:40.270832
https://dtdcelamakkara.com/,Failed,"HTTPSConnectionPool(host='dtdcelamakkara.com', port=443): Max retries exceeded with url: / (Caused by NameResolutionError(""<urllib3.connection.HTTPSConnection object at 0x10eb56ad0>: Failed to resolve 'dtdcelamakkara.com' ([Errno 8] nodename nor servname provided, or not known)""))",2026-08-05T11:54:40.521788
https://locations-in.express.dhl.com/courier-service-in-dharampeth-nagpur-maharashtra/home,Failed,Website does not appear to be a valid business website,2026-08-05T12:03:21.932181
http://www.dtdcchhaoni.co.in/,Failed,"HTTPConnectionPool(host='www.dtdcchhaoni.co.in', port=80): Max retries exceeded with url: / (Caused by NameResolutionError(""<urllib3.connection.HTTPConnection object at 0x1080c17b0>: Failed to resolve 'www.dtdcchhaoni.co.in' ([Errno 8] nodename nor servname provided, or not known)""))",2026-08-05T12:03:27.709451
https://mydbexpress.com/,Failed,Website does not appear to be a valid business website,2026-08-05T12:03:43.906420
"http://www.cr.indianrailways.gov.in/view_section.jsp?lang=0&id=0,6,287,384,1766",Failed,"HTTPConnectionPool(host='www.cr.indianrailways.gov.in', port=80): Max retries exceeded with url: /view_section.jsp?lang=0&id=0,6,287,384,1766 (Caused by NewConnectionError('<urllib3.connection.HTTPConnection object at 0x1080286b0>: Failed to establish a new connection: [Errno 61] Connection refused'))",2026-08-05T12:03:49.818347
http://dtdc.in/,Failed,500 Server Error: Internal Server Error for url: https://www.dtdc.com,2026-08-05T12:03:51.393638
https://daakghar.in/,Failed,Website does not appear to be a valid business website,2026-08-05T12:03:53.545045
https://sites.google.com/view/sparrow-xpress-international-c/home,Failed,Website does not appear to be a valid business website,2026-08-05T12:03:56.162681
http://shreeanjani.co.in/,Failed,Website does not appear to be a valid business website,2026-08-05T12:04:07.939437
https://marutiair.com/,Failed,"('Connection aborted.', ConnectionResetError(54, 'Connection reset by peer'))",2026-08-05T12:04:08.308014
http://www.fastlogisticscargo.com/,Failed,"HTTPConnectionPool(host='www.fastlogisticscargo.com', port=80): Max retries exceeded with url: / (Caused by ConnectTimeoutError(<urllib3.connection.HTTPConnection object at 0x10e89de10>, 'Connection to www.fastlogisticscargo.com timed out. (connect timeout=15)'))",2026-08-05T12:04:53.666101
https://vrlgroup.in/vrl_logistics_service.aspx,Failed,"HTTPSConnectionPool(host='vrlgroup.in', port=443): Max retries exceeded with url: /vrl_logistics_service.aspx (Caused by ConnectTimeoutError(<urllib3.connection.HTTPSConnection object at 0x10eb551d0>, 'Connection to vrlgroup.in timed out. (connect timeout=15)'))",2026-08-05T12:05:38.797465
http://www.shreenandancourier.com/,Failed,Website does not appear to be a valid business website,2026-08-05T12:05:46.153149
http://www.trackoncourier.com/,Failed,404 Client Error: Not Found for url: http://www.trackoncourier.com/,2026-08-05T12:05:46.794930
http://packersmoversnagpur.com/,Failed,Website does not appear to be a valid business website,2026-08-05T12:05:49.315831
http://shipzy.in/,Failed,"HTTPConnectionPool(host='shipzy.in', port=80): Max retries exceeded with url: / (Caused by ConnectTimeoutError(<urllib3.connection.HTTPConnection object at 0x1080c1040>, 'Connection to shipzy.in timed out. (connect timeout=15)'))",2026-08-05T12:12:58.367379
https://www.reliableintl.co.in/,Failed,Website does not appear to be a valid business website,2026-08-05T12:12:59.172625
https://www.delhivery.com/direct/app/,Failed,Website does not appear to be a valid business website,2026-08-05T12:12:59.489034
https://www.mrship.in/,Failed,"HTTPSConnectionPool(host='www.mrship.in', port=443): Max retries exceeded with url: / (Caused by ConnectTimeoutError(<urllib3.connection.HTTPSConnection object at 0x10f142350>, 'Connection to www.mrship.in timed out. (connect timeout=15)'))",2026-08-05T12:13:44.820418
http://xpressdelivery.in/,Failed,Website does not appear to be a valid business website,2026-08-05T12:13:45.805829
https://locations-in.express.dhl.com/courier-service-in-hsr-layout-bengaluru-karnataka/home,Failed,Website does not appear to be a valid business website,2026-08-05T12:14:34.012099
http://www.courierpoint.com/,Failed,Website does not appear to be a valid business website,2026-08-05T12:14:49.624324
http://www.dhl.co.in/?utm_source=gmb&utm_medium=organic&utm_campaign=sulekhapromanage-dhl-express,Failed,"HTTPSConnectionPool(host='www.dhl.com', port=443): Read timed out. (read timeout=15)",2026-08-05T12:15:36.108916
https://akrexpress.com/,Failed,Website does not appear to be a valid business website,2026-08-05T12:15:45.441684
https://cnilogistics.in/,Failed,Website does not appear to be a valid business website,2026-08-05T12:15:49.006562
http://www.indiapost.gov.in/,Failed,"HTTPConnectionPool(host='www.indiapost.gov.in', port=80): Max retries exceeded with url: / (Caused by ConnectTimeoutError(<urllib3.connection.HTTPConnection object at 0x108029f20>, 'Connection to www.indiapost.gov.in timed out. (connect timeout=15)'))",2026-08-05T12:16:34.126354
http://dhex.in/,Failed,Website does not appear to be a valid business website,2026-08-05T12:16:50.884850
https://www.gatimovingandstorage.in/,Failed,Website does not appear to be a valid business website,2026-08-05T12:17:10.523209
https://packersandmoverbangalore.co.in/,Failed,403 Client Error: Forbidden for url: https://packersandmoverbangalore.co.in/,2026-08-05T12:17:11.285002
http://jivacargopackersmovers.com/,Failed,Website does not appear to be a valid business website,2026-08-05T12:17:18.102778
http://www.abtparcelservice.com/,Failed,Website does not appear to be a valid business website,2026-08-05T12:17:32.383964
https://graceinternationalcourier.com/,Failed,"HTTPSConnectionPool(host='graceinternationalcourier.com', port=443): Max retries exceeded with url: / (Caused by NameResolutionError(""<urllib3.connection.HTTPSConnection object at 0x1083dfc50>: Failed to resolve 'graceinternationalcourier.com' ([Errno 8] nodename nor servname provided, or not known)""))",2026-08-05T12:17:45.337131
http://www.atspackersandmovers.in/,Failed,"HTTPConnectionPool(host='www.atspackersandmovers.in', port=80): Max retries exceeded with url: / (Caused by NameResolutionError(""<urllib3.connection.HTTPConnection object at 0x1080c2250>: Failed to resolve 'www.atspackersandmovers.in' ([Errno 8] nodename nor servname provided, or not known)""))",2026-08-05T12:17:45.505572
https://anaspackersandmovers.in/,Failed,"HTTPSConnectionPool(host='anaspackersandmovers.in', port=443): Max retries exceeded with url: / (Caused by NameResolutionError(""<urllib3.connection.HTTPSConnection object at 0x107d46210>: Failed to resolve 'anaspackersandmovers.in' ([Errno 8] nodename nor servname provided, or not known)""))",2026-08-05T12:17:45.675760
https://anandpackersmovers.in/,Failed,Website does not appear to be a valid business website,2026-08-05T12:17:46.330962
https://blowhorn.com/,Failed,Website does not appear to be a valid business website,2026-08-05T12:17:48.566599
https://www.metturtransport.com/,Failed,"HTTPSConnectionPool(host='www.metturtransport.com', port=443): Max retries exceeded with url: / (Caused by NameResolutionError(""<urllib3.connection.HTTPSConnection object at 0x1083de990>: Failed to resolve 'www.metturtransport.com' ([Errno 8] nodename nor servname provided, or not known)""))",2026-08-05T12:18:08.292602
http://ready2shiftpackersandmovers.com/?utm_source=gmb&utm_medium=referral,Failed,"HTTPConnectionPool(host='ready2shiftpackersandmovers.com', port=80): Max retries exceeded with url: /?utm_source=gmb&utm_medium=referral (Caused by NameResolutionError(""<urllib3.connection.HTTPConnection object at 0x10802a8b0>: Failed to resolve 'ready2shiftpackersandmovers.com' ([Errno 8] nodename nor servname provided, or not known)""))",2026-08-05T12:18:14.738540
http://www.freshknots.in/,Failed,Website does not appear to be a valid business website,2026-08-05T12:18:23.560897
https://sites.google.com/view/grajtranspackersandmovers/home,Failed,Website does not appear to be a valid business website,2026-08-05T12:19:28.235065
https://www.omexpresspackersandmovers.com/,Failed,"HTTPSConnectionPool(host='www.omexpresspackersandmovers.com', port=443): Max retries exceeded with url: / (Caused by ConnectTimeoutError(<urllib3.connection.HTTPSConnection object at 0x1083dfed0>, 'Connection to www.omexpresspackersandmovers.com timed out. (connect timeout=15)'))",2026-08-05T12:20:13.760954
https://vrlgroup.in/vrl_logistics_service.aspx,Failed,404 Client Error: Not Found for url: https://vrlgroup.in/vrl_logistics_service.aspx,2026-08-05T12:20:45.095416
http://www.leopackermover.in/,Failed,Website does not appear to be a valid business website,2026-08-05T12:20:45.840184
http://bmtpackersandmoversbangalore.com/,Failed,Website does not appear to be a valid business website,2026-08-05T12:20:46.309829
http://www.skybluecourier.in/,Failed,Website does not appear to be a valid business website,2026-08-05T12:27:26.639969
https://borzodelivery.com/in,Failed,Website does not appear to be a valid business website,2026-08-05T12:27:31.302137
https://vpledge.in/,Failed,"HTTPSConnectionPool(host='vpledge.in', port=443): Max retries exceeded with url: / (Caused by NameResolutionError(""<urllib3.connection.HTTPSConnection object at 0x1083de850>: Failed to resolve 'vpledge.in' ([Errno 8] nodename nor servname provided, or not known)""))",2026-08-05T12:27:42.022481
http://www.translinkexp.com/,Failed,Website does not appear to be a valid business website,2026-08-05T12:27:42.794482
https://www.reliableintl.co.in/,Failed,Website does not appear to be a valid business website,2026-08-05T12:27:43.564654
https://planetcouriermumbai.in/,Failed,Website does not appear to be a valid business website,2026-08-05T12:27:45.612835
https://offonexpress.in/,Failed,"HTTPSConnectionPool(host='offonexpress.in', port=443): Max retries exceeded with url: / (Caused by ConnectTimeoutError(<urllib3.connection.HTTPSConnection object at 0x1083de990>, 'Connection to offonexpress.in timed out. (connect timeout=15)'))",2026-08-05T12:28:30.764641
https://tinyurl.com/yr857kbr,Failed,404 Client Error: Not Found for url: https://play.google.com/store/apps/details?id=com.hamiters.ace_pro&hl=en_IN,2026-08-05T12:28:36.997335
https://citinetwork.co.in/courier-services/,Failed,"HTTPSConnectionPool(host='citinetwork.co.in', port=443): Max retries exceeded with url: /courier-services/ (Caused by NameResolutionError(""<urllib3.connection.HTTPSConnection object at 0x10f141450>: Failed to resolve 'citinetwork.co.in' ([Errno 8] nodename nor servname provided, or not known)""))",2026-08-05T12:28:41.423586
http://couriercentral.in/,Failed,Website does not appear to be a valid business website,2026-08-05T12:28:42.045098
https://nilsiexpress.in/,Failed,"HTTPSConnectionPool(host='nilsiexpress.in', port=443): Max retries exceeded with url: / (Caused by ConnectTimeoutError(<urllib3.connection.HTTPSConnection object at 0x10f1439d0>, 'Connection to nilsiexpress.in timed out. (connect timeout=15)'))",2026-08-05T12:29:27.243131
https://expressworldwidecourier.com/,Failed,"HTTPSConnectionPool(host='expressworldwidecourier.com', port=443): Max retries exceeded with url: / (Caused by ConnectTimeoutError(<urllib3.connection.HTTPSConnection object at 0x10f140f50>, 'Connection to expressworldwidecourier.com timed out. (connect timeout=15)'))",2026-08-05T12:30:12.573617
https://sonaliexpressworldwide.com/,Failed,"HTTPSConnectionPool(host='sonaliexpressworldwide.com', port=443): Max retries exceeded with url: / (Caused by ConnectTimeoutError(<urllib3.connection.HTTPSConnection object at 0x10f140e10>, 'Connection to sonaliexpressworldwide.com timed out. (connect timeout=15)'))",2026-08-05T12:31:01.433446
https://locations-in.express.dhl.com/courier-service-in-bandra-west-mumbai-maharashtra/home,Failed,Website does not appear to be a valid business website,2026-08-05T12:31:57.180652
http://www.ssworldwidecourier.com/,Failed,unhashable type: 'list',2026-08-05T12:32:02.282555
http://expressair.in/,Failed,Website does not appear to be a valid business website,2026-08-05T12:32:21.366355
https://www.delhivery.com/,Failed,Website does not appear to be a valid business website,2026-08-05T12:32:27.229207
https://www.rameshwarcourier.com/,Failed,"HTTPSConnectionPool(host='www.rameshwarcourier.com', port=443): Max retries exceeded with url: / (Caused by NameResolutionError(""<urllib3.connection.HTTPSConnection object at 0x107d46210>: Failed to resolve 'www.rameshwarcourier.com' ([Errno 8] nodename nor servname provided, or not known)""))",2026-08-05T12:32:27.662229
http://www.dtdcaryanexpressservices.in/,Failed,Website does not appear to be a valid business website,2026-08-05T12:32:28.005525
https://www.lalamove.com/,Failed,"HTTPSConnectionPool(host='www.lalamove.com', port=443): Max retries exceeded with url: / (Caused by ConnectTimeoutError(<urllib3.connection.HTTPSConnection object at 0x10f142fd0>, 'Connection to www.lalamove.com timed out. (connect timeout=15)'))",2026-08-05T12:33:15.754853
http://www.xpressdelivery.in/,Failed,Website does not appear to be a valid business website,2026-08-05T12:33:16.330063
http://www.teamglobal.in/,Failed,"HTTPSConnectionPool(host='teamglobal.in', port=443): Max retries exceeded with url: / (Caused by SSLError(SSLCertVerificationError(1, '[SSL: CERTIFICATE_VERIFY_FAILED] certificate verify failed: unable to get local issuer certificate (_ssl.c:1032)')))",2026-08-05T12:33:18.762302
https://dynamicparcel.com/,Failed,403 Client Error: Forbidden for url: https://dynamicparcel.com/,2026-08-05T12:33:19.344084
http://www.quickcl.com/,Failed,Website does not appear to be a valid business website,2026-08-05T12:33:22.237412
http://mumbailogistic.in/,Failed,"HTTPConnectionPool(host='mumbailogistic.in', port=80): Max retries exceeded with url: / (Caused by NameResolutionError(""<urllib3.connection.HTTPConnection object at 0x1084139b0>: Failed to resolve 'mumbailogistic.in' ([Errno 8] nodename nor servname provided, or not known)""))",2026-08-05T12:33:24.949958
http://www.maruticargocourier.com/,Failed,Website does not appear to be a valid business website,2026-08-05T12:33:26.428530
https://www.jagdambadtdc.in/,Failed,"HTTPSConnectionPool(host='www.jagdambadtdc.in', port=443): Max retries exceeded with url: / (Caused by SSLError(SSLError(1, '[SSL: TLSV1_ALERT_INTERNAL_ERROR] tlsv1 alert internal error (_ssl.c:1032)')))",2026-08-05T12:33:39.222688
https://vrlgroup.in/vrl_logistics_service.aspx,Failed,404 Client Error: Not Found for url: https://vrlgroup.in/vrl_logistics_service.aspx,2026-08-05T12:33:39.739038
https://www.nandapackers.com/,Failed,Website does not appear to be a valid business website,2026-08-05T12:34:02.103369
https://www.orbitpackersandmoversmumbai.com/contact-us/,Failed,Website does not appear to be a valid business website,2026-08-05T12:34:04.147785
https://locations-in.express.dhl.com/courier-service-in-sector-10-new-delhi-delhi/home,Failed,Website does not appear to be a valid business website,2026-08-05T12:43:35.016766
https://carissa.vercel.app/,Failed,Website does not appear to be a valid business website,2026-08-05T12:43:35.297821
https://anytimeexpress.in/,Failed,Website does not appear to be a valid business website,2026-08-05T12:43:41.068027
http://www.sagarairexpress.com/,Failed,Website does not appear to be a valid business website,2026-08-05T12:43:43.445941
https://www.onlinexpress.co.in/,Failed,"HTTPSConnectionPool(host='www.onlinexpress.co.in', port=443): Max retries exceeded with url: / (Caused by SSLError(SSLCertVerificationError(1, ""[SSL: CERTIFICATE_VERIFY_FAILED] certificate verify failed: Hostname mismatch, certificate is not valid for 'www.onlinexpress.co.in'. (_ssl.c:1032)"")))",2026-08-05T12:43:44.354674
http://fasttrackintl.in/,Failed,Website does not appear to be a valid business website,2026-08-05T12:43:52.914900
https://www.reliableintl.co.in/,Failed,Website does not appear to be a valid business website,2026-08-05T12:43:53.773452
http://delhiparcel.com/,Failed,"HTTPConnectionPool(host='delhiparcel.com', port=80): Max retries exceeded with url: / (Caused by ConnectTimeoutError(<urllib3.connection.HTTPConnection object at 0x10802a030>, 'Connection to delhiparcel.com timed out. (connect timeout=15)'))",2026-08-05T12:44:39.019084
http://couriercharges.in/,Failed,Website does not appear to be a valid business website,2026-08-05T12:44:41.294679
https://www.delhivery.com/index.html,Failed,Website does not appear to be a valid business website,2026-08-05T12:44:41.678451
https://www.aaainternationalcourier.in/,Failed,Website does not appear to be a valid business website,2026-08-05T12:44:42.620392
http://www.dilliking.com/,Failed,Website does not appear to be a valid business website,2026-08-05T12:44:47.033381
http://www.malikcourierservices.com/,Failed,"HTTPConnectionPool(host='www.malikcourierservices.com', port=80): Max retries exceeded with url: / (Caused by NewConnectionError('<urllib3.connection.HTTPConnection object at 0x10802a140>: Failed to establish a new connection: [Errno 61] Connection refused'))",2026-08-05T12:44:47.481782
https://www.couriermedicines.com/,Failed,Website does not appear to be a valid business website,2026-08-05T12:44:48.299516
http://www.immediateparcelservice.com/,Failed,Website does not appear to be a valid business website,2026-08-05T12:44:50.307918
https://couriersathi.com/,Failed,"HTTPSConnectionPool(host='couriersathi.com', port=443): Max retries exceeded with url: / (Caused by SSLError(SSLError(1, '[SSL: TLSV1_ALERT_INTERNAL_ERROR] tlsv1 alert internal error (_ssl.c:1032)')))",2026-08-05T12:44:50.991707
http://www.elitepackersandmovers.com/,Failed,"HTTPConnectionPool(host='www.elitepackersandmovers.com', port=80): Max retries exceeded with url: / (Caused by ConnectTimeoutError(<urllib3.connection.HTTPConnection object at 0x10802bce0>, 'Connection to www.elitepackersandmovers.com timed out. (connect timeout=15)'))",2026-08-05T12:45:42.874013
https://sites.google.com/view/delivery-boy-jobs-delhi/home,Failed,Website does not appear to be a valid business website,2026-08-05T12:45:53.469166
https://box8.in/,Failed,Website does not appear to be a valid business website,2026-08-05T12:45:53.859501
http://www.dtdc.in/,Failed,"HTTPConnectionPool(host='www.dtdc.in', port=80): Max retries exceeded with url: / (Caused by NewConnectionError('<urllib3.connection.HTTPConnection object at 0x108413ce0>: Failed to establish a new connection: [Errno 61] Connection refused'))",2026-08-05T12:45:54.319962
https://www.packpr.com/,Failed,Website does not appear to be a valid business website,2026-08-05T12:46:27.310756
https://www.indianexperience.in/,Failed,"HTTPSConnectionPool(host='www.indianexperience.in', port=443): Max retries exceeded with url: / (Caused by ConnectTimeoutError(<urllib3.connection.HTTPSConnection object at 0x10eb56850>, 'Connection to www.indianexperience.in timed out. (connect timeout=15)'))",2026-08-05T12:47:59.543434
http://www.delhivery.com/,Failed,Website does not appear to be a valid business website,2026-08-05T12:54:43.921970
https://locations-in.express.dhl.com/courier-service-in-sector-20-gurugram-haryana/home,Failed,Website does not appear to be a valid business website,2026-08-05T12:56:16.522088
http://www.vikaslogistics.in/,Failed,Website does not appear to be a valid business website,2026-08-05T12:56:18.798914
https://www.reliableintl.co.in/,Failed,Website does not appear to be a valid business website,2026-08-05T12:56:19.670713
https://worldindiaexpress.com/,Failed,"HTTPSConnectionPool(host='worldindiaexpress.com', port=443): Max retries exceeded with url: / (Caused by ConnectTimeoutError(<urllib3.connection.HTTPSConnection object at 0x1083de850>, 'Connection to worldindiaexpress.com timed out. (connect timeout=15)'))",2026-08-05T12:57:14.832367
http://www.decandartexpress.com/,Failed,Website does not appear to be a valid business website,2026-08-05T12:57:15.426100
https://usmailers.in/,Failed,"HTTPSConnectionPool(host='usmailers.in', port=443): Max retries exceeded with url: / (Caused by NameResolutionError(""<urllib3.connection.HTTPSConnection object at 0x107d47250>: Failed to resolve 'usmailers.in' ([Errno 8] nodename nor servname provided, or not known)""))",2026-08-05T12:57:15.583856
http://dtdc.in/,Failed,500 Server Error: Internal Server Error for url: https://www.dtdc.com,2026-08-05T12:58:07.002021
https://vashishtcargologistics.com/,Failed,Website does not appear to be a valid business website,2026-08-05T12:58:12.813283
http://www.deliveryplus.in/,Failed,"HTTPConnectionPool(host='www.deliveryplus.in', port=80): Max retries exceeded with url: / (Caused by NameResolutionError(""<urllib3.connection.HTTPConnection object at 0x108029e10>: Failed to resolve 'www.deliveryplus.in' ([Errno 8] nodename nor servname provided, or not known)""))",2026-08-05T12:58:13.016570
http://zippee.delivery/,Failed,Website does not appear to be a valid business website,2026-08-05T12:58:14.618216
http://www.tpcglobe.com/,Failed,"HTTPConnectionPool(host='www.tpcglobe.com', port=80): Max retries exceeded with url: / (Caused by ConnectTimeoutError(<urllib3.connection.HTTPConnection object at 0x108413240>, 'Connection to www.tpcglobe.com timed out. (connect timeout=15)'))",2026-08-05T12:59:11.675426
https://alliedtransway.com/packers-and-movers-gurgaon.php,Failed,Website does not appear to be a valid business website,2026-08-05T12:59:12.164892
https://www.qxpress.net/,Failed,Website does not appear to be a valid business website,2026-08-05T12:59:18.127882
http://murliwalacargomovers.in/,Failed,Website does not appear to be a valid business website,2026-08-05T12:59:23.236670
http://www.ups.com/content/in/en/locations/dropoff/index.html?WT.svl=PNRO_L1,Failed,"HTTPSConnectionPool(host='www.ups.com', port=443): Read timed out. (read timeout=15)",2026-08-05T13:00:18.668458
https://goldenipm.com/,Failed,Website does not appear to be a valid business website,2026-08-05T13:00:23.469419
https://reliancepackersmovers.in/,Failed,"HTTPSConnectionPool(host='reliancepackersmovers.in', port=443): Max retries exceeded with url: / (Caused by ConnectTimeoutError(<urllib3.connection.HTTPSConnection object at 0x107d465d0>, 'Connection to reliancepackersmovers.in timed out. (connect timeout=15)'))",2026-08-05T13:01:56.110087
https://vrlgroup.in/vrl_logistics_service.aspx,Failed,404 Client Error: Not Found for url: https://vrlgroup.in/vrl_logistics_service.aspx,2026-08-05T13:01:56.668955
http://ompackersandlogistics.in/,Failed,"HTTPConnectionPool(host='ompackersandlogistics.in', port=80): Max retries exceeded with url: / (Caused by ConnectTimeoutError(<urllib3.connection.HTTPConnection object at 0x108413680>, 'Connection to ompackersandlogistics.in timed out. (connect timeout=15)'))",2026-08-05T13:02:41.834867
http://www.restokart.com/,Failed,Website does not appear to be a valid business website,2026-08-05T13:02:43.411058
http://venkateshwarpackersandmovers.in/,Failed,Website does not appear to be a valid business website,2026-08-05T13:03:23.872444
https://locations-in.express.dhl.com/courier-service-in-sector-18-noida-uttar-pradesh/home,Failed,Website does not appear to be a valid business website,2026-08-07T06:27:57.210742
http://www.internationalcouriersservice.com/,Failed,cannot access local variable 'title' where it is not associated with a value,2026-08-07T06:28:03.886391
https://saharaaircourier.com/,Failed,"HTTPSConnectionPool(host='saharaaircourier.com', port=443): Max retries exceeded with url: / (Caused by NameResolutionError(""<urllib3.connection.HTTPSConnection object at 0x10ca93b10>: Failed to resolve 'saharaaircourier.com' ([Errno 8] nodename nor servname provided, or not known)""))",2026-08-07T06:28:04.087804
http://lakshyainternationalcourier.in/,Failed,"HTTPConnectionPool(host='lakshyainternationalcourier.in', port=80): Max retries exceeded with url: / (Caused by NameResolutionError(""<urllib3.connection.HTTPConnection object at 0x10c58afd0>: Failed to resolve 'lakshyainternationalcourier.in' ([Errno 8] nodename nor servname provided, or not known)""))",2026-08-07T06:28:07.581366
https://jctransindia.com/,Failed,"HTTPSConnectionPool(host='jctransindia.com', port=443): Max retries exceeded with url: / (Caused by NameResolutionError(""<urllib3.connection.HTTPSConnection object at 0x10c5dac10>: Failed to resolve 'jctransindia.com' ([Errno 8] nodename nor servname provided, or not known)""))",2026-08-07T06:28:10.496403
http://www.dtdc.com/,Failed,"HTTPConnectionPool(host='www.dtdc.com', port=80): Max retries exceeded with url: / (Caused by NewConnectionError('<urllib3.connection.HTTPConnection object at 0x10c4fbf00>: Failed to establish a new connection: [Errno 61] Connection refused'))",2026-08-07T06:28:10.683599
http://www.dtdc.in/,Failed,"HTTPConnectionPool(host='www.dtdc.in', port=80): Max retries exceeded with url: / (Caused by NewConnectionError('<urllib3.connection.HTTPConnection object at 0x10c9c05a0>: Failed to establish a new connection: [Errno 61] Connection refused'))",2026-08-07T06:28:10.975256
https://samadhancouriers.com/,Failed,"HTTPSConnectionPool(host='samadhancouriers.com', port=443): Max retries exceeded with url: / (Caused by NameResolutionError(""<urllib3.connection.HTTPSConnection object at 0x10c5d9e50>: Failed to resolve 'samadhancouriers.com' ([Errno 8] nodename nor servname provided, or not known)""))",2026-08-07T06:28:11.161796
https://www.universalindiaexpress.com/,Failed,cannot access local variable 'title' where it is not associated with a value,2026-08-07T06:28:21.157783
https://activego.in/,Failed,cannot access local variable 'title' where it is not associated with a value,2026-08-07T06:28:21.707495
https://www.flutterxpress.com/,Failed,"HTTPSConnectionPool(host='www.flutterxpress.com', port=443): Max retries exceeded with url: / (Caused by SSLError(SSLCertVerificationError(1, ""[SSL: CERTIFICATE_VERIFY_FAILED] certificate verify failed: Hostname mismatch, certificate is not valid for 'www.flutterxpress.com'. (_ssl.c:1032)"")))",2026-08-07T06:28:22.296006
https://vrlgroup.in/vrl_logistics_service.aspx,Failed,404 Client Error: Not Found for url: https://vrlgroup.in/vrl_logistics_service.aspx,2026-08-07T06:28:28.640968
https://zoopship.com/,Failed,cannot access local variable 'title' where it is not associated with a value,2026-08-07T06:28:40.011519
https://indiaexpressmovers.in/,Failed,"HTTPSConnectionPool(host='indiaexpressmovers.in', port=443): Max retries exceeded with url: / (Caused by NameResolutionError(""<urllib3.connection.HTTPSConnection object at 0x1131c0e10>: Failed to resolve 'indiaexpressmovers.in' ([Errno 8] nodename nor servname provided, or not known)""))",2026-08-07T06:28:40.158070
https://play.google.com/store/apps/details?id=com.bwi.app.freshenzo,Failed,404 Client Error: Not Found for url: https://play.google.com/store/apps/details?id=com.bwi.app.freshenzo,2026-08-07T06:28:55.777171
https://efrbooking.dtdc.in/#!/new_booking/customer_details,Failed,cannot access local variable 'title' where it is not associated with a value,2026-08-07T06:28:56.957943
http://www.bbdaily.com/,Failed,Website does not appear to be a valid business website,2026-08-07T06:29:03.022650
http://www.indiapost.gov.in/,Failed,"HTTPConnectionPool(host='www.indiapost.gov.in', port=80): Max retries exceeded with url: / (Caused by ConnectTimeoutError(<urllib3.connection.HTTPConnection object at 0x10c9c3240>, 'Connection to www.indiapost.gov.in timed out. (connect timeout=15)'))",2026-08-07T06:29:57.165938
http://www.wellmanemployment.com/,Failed,cannot access local variable 'title' where it is not associated with a value,2026-08-07T06:30:00.035534
https://nextoffice.in/,Failed,Website does not appear to be a valid business website,2026-08-07T06:30:28.748254
http://www.eatrightbasket.com/,Failed,403 Client Error: Forbidden for url: http://www.eatrightbasket.com/,2026-08-07T06:30:29.940777
https://acebestbuy.shop/lg-brand-stores-in-noida/,Failed,Website does not appear to be a valid business website,2026-08-07T06:30:37.591291
http://www.xpressbees.com/,Failed,Website does not appear to be a valid business website,2026-08-07T06:30:37.825885
https://locations-in.express.dhl.com/courier-service-in-himayatnagar-hyderabad-telangana/home,Failed,Website does not appear to be a valid business website,2026-08-07T06:41:50.400247
http://www.dskglobal.in/,Failed,Website does not appear to be a valid business website,2026-08-07T06:41:52.704918
https://www.mapsexpres.com/,Failed,Website does not appear to be a valid business website,2026-08-07T06:41:57.757942
http://sscourier.in/,Failed,404 Client Error: Not Found for url: http://sscourier.in/,2026-08-07T06:42:01.537225
http://www.jvkxpress.com/,Failed,500 Server Error: Bad Gateway for url: http://www.jvkxpress.com/,2026-08-07T06:42:04.277253
https://firststarcourier.com/,Failed,cannot access local variable 'title' where it is not associated with a value,2026-08-07T06:42:11.808785
https://www.yourdesicart.com/,Failed,cannot access local variable 'title' where it is not associated with a value,2026-08-07T06:42:12.711596
http://www.delhivery.com/,Failed,Website does not appear to be a valid business website,2026-08-07T06:42:12.815376
https://www.ezshipp.com/,Failed,"HTTPSConnectionPool(host='www.ezshipp.com', port=443): Max retries exceeded with url: / (Caused by NameResolutionError(""<urllib3.connection.HTTPSConnection object at 0x113d55310>: Failed to resolve 'www.ezshipp.com' ([Errno 8] nodename nor servname provided, or not known)""))",2026-08-07T06:42:15.196153
https://www.forwardparcel.com/,Failed,403 Client Error: Forbidden for url: https://www.forwardparcel.com/,2026-08-07T06:42:15.619475
https://www.skywaysinternational.in/,Failed,"HTTPSConnectionPool(host='www.skywaysinternational.in', port=443): Max retries exceeded with url: / (Caused by SSLError(SSLCertVerificationError(1, ""[SSL: CERTIFICATE_VERIFY_FAILED] certificate verify failed: Hostname mismatch, certificate is not valid for 'www.skywaysinternational.in'. (_ssl.c:1032)"")))",2026-08-07T06:42:15.981306
https://www.indianpackersandmover.co.in/,Failed,Website does not appear to be a valid business website,2026-08-07T06:42:23.928656
https://sreegarudaexpress.nowfloats.com/,Failed,"HTTPSConnectionPool(host='sreegarudaexpress.nowfloats.com', port=443): Max retries exceeded with url: / (Caused by SSLError(SSLCertVerificationError(1, '[SSL: CERTIFICATE_VERIFY_FAILED] certificate verify failed: unable to get local issuer certificate (_ssl.c:1032)')))",2026-08-07T06:42:24.356459
http://www.fedex.in/,Failed,cannot access local variable 'title' where it is not associated with a value,2026-08-07T06:42:31.747366
https://www.garudavega.com/contact/corporate-office-india.php,Failed,cannot access local variable 'title' where it is not associated with a value,2026-08-07T06:42:39.412122
https://mamaparcel.com/,Failed,cannot access local variable 'title' where it is not associated with a value,2026-08-07T06:42:41.682893
http://www.worldwideexpresscouriers.com/,Failed,cannot access local variable 'title' where it is not associated with a value,2026-08-07T06:43:16.279114
http://www.kaushiklogisticspackers.com/,Failed,Website does not appear to be a valid business website,2026-08-07T06:43:28.494486
http://leocargopackers.in/,Failed,"HTTPConnectionPool(host='leocargopackers.in', port=80): Max retries exceeded with url: / (Caused by NameResolutionError(""<urllib3.connection.HTTPConnection object at 0x10c9c3df0>: Failed to resolve 'leocargopackers.in' ([Errno 8] nodename nor servname provided, or not known)""))",2026-08-07T06:43:28.555022
https://balajicargopackersmovers.in/,Failed,Website does not appear to be a valid business website,2026-08-07T06:44:32.584412
https://shreesai.packersmovers.co/,Failed,"HTTPSConnectionPool(host='shreesai.packersmovers.co', port=443): Max retries exceeded with url: / (Caused by NameResolutionError(""<urllib3.connection.HTTPSConnection object at 0x10c5dafd0>: Failed to resolve 'shreesai.packersmovers.co' ([Errno 8] nodename nor servname provided, or not known)""))",2026-08-07T06:44:39.800832
http://balajiexpresspackers.in/,Failed,cannot access local variable 'title' where it is not associated with a value,2026-08-07T06:44:43.944623
https://www.sealedtobusiness.com/#/home,Failed,cannot access local variable 'title' where it is not associated with a value,2026-08-07T06:54:06.615735
https://locations-in.express.dhl.com/courier-service-in-egmore-chennai-tamilnadu/home,Failed,Website does not appear to be a valid business website,2026-08-07T06:55:38.438222
https://xpresscourier.in/,Failed,"HTTPSConnectionPool(host='xpresscourier.in', port=443): Max retries exceeded with url: / (Caused by NameResolutionError(""<urllib3.connection.HTTPSConnection object at 0x113d56710>: Failed to resolve 'xpresscourier.in' ([Errno 8] nodename nor servname provided, or not known)""))",2026-08-07T06:55:45.058953
https://deskmateglobal.com/,Failed,Website does not appear to be a valid business website,2026-08-07T06:55:48.889584
https://forms.gle/9zfiD9gcfTo5vW2W7,Failed,Website does not appear to be a valid business website,2026-08-07T06:55:53.703291
http://www.garudavega.com/,Failed,cannot access local variable 'title' where it is not associated with a value,2026-08-07T06:55:54.069260
http://www.akrexpress.com/,Failed,Website does not appear to be a valid business website,2026-08-07T06:56:00.099815
https://markexpress.co.in/,Failed,"HTTPSConnectionPool(host='markexpress.co.in', port=443): Max retries exceeded with url: / (Caused by SSLError(SSLCertVerificationError(1, '[SSL: CERTIFICATE_VERIFY_FAILED] certificate verify failed: certificate has expired (_ssl.c:1032)')))",2026-08-07T06:56:10.398722
https://www.delhivery.com/,Failed,Website does not appear to be a valid business website,2026-08-07T06:56:11.338921
http://www.tccs.in/,Failed,404 Client Error: Not Found for url: http://www.tccs.in/,2026-08-07T06:56:15.851792
http://www.dtdc.in/tracking/shipment-tracking.asp,Failed,"HTTPConnectionPool(host='www.dtdc.in', port=80): Max retries exceeded with url: /tracking/shipment-tracking.asp (Caused by NewConnectionError('<urllib3.connection.HTTPConnection object at 0x113d61d00>: Failed to establish a new connection: [Errno 61] Connection refused'))",2026-08-07T06:56:18.077315
https://www.google.com/search?q=DTDC+courier+%28DOMESTIC+AND+INTERNATIONAL%29&stick=H4sIAAAAAAAA_-NgU1I1qDBONDUyTUsySTM2SU5KSzO1MqgAMi3TEs2NDJOMk5KS0iwXsWq6hLg4KyTnlxZlphYpaLj4-7oGh3g6Kzj6uSh4-oW4Bvk5hnj6-zn6aAIAsx8zhVUAAAA&hl=en-GB&mat=CbAxZ6xlcfu2ElYBNqvzOn_y9QsdICYjICx_3JRRgQSikI4zAEBz0J-y4r5XLNgsXC_DihAzhhAToZw87kbIng07zO2lD7-PTTA0-ofVHlBe36EdM5eAbuBVznhqtddTvg&authuser=0,Failed,429 Client Error: Too Many Requests for url: https://www.google.com/sorry/index?continue=https://www.google.com/search%3Fq%3DDTDC%2Bcourier%2B%2528DOMESTIC%2BAND%2BINTERNATIONAL%2529%26stick%3DH4sIAAAAAAAA_-NgU1I1qDBONDUyTUsySTM2SU5KSzO1MqgAMi3TEs2NDJOMk5KS0iwXsWq6hLg4KyTnlxZlphYpaLj4-7oGh3g6Kzj6uSh4-oW4Bvk5hnj6-zn6aAIAsx8zhVUAAAA%26hl%3Den-GB%26mat%3DCbAxZ6xlcfu2ElYBNqvzOn_y9QsdICYjICx_3JRRgQSikI4zAEBz0J-y4r5XLNgsXC_DihAzhhAToZw87kbIng07zO2lD7-PTTA0-ofVHlBe36EdM5eAbuBVznhqtddTvg%26authuser%3D0&hl=en-GB&q=EgRnXCtxGJSD1tMGIjAH0V6c1-01je-WZzOYBUz0EdN2Jif270zYwDj5zmxLZ4UOXjZI2wQiSjQyVmJmi74yAnJSWgFD,2026-08-07T06:56:21.474218
http://vtlpl.com/,Failed,cannot access local variable 'title' where it is not associated with a value,2026-08-07T06:56:22.718920
http://dskcargo.com/,Failed,cannot access local variable 'title' where it is not associated with a value,2026-08-07T06:56:25.578802
https://www.piopackaging.com/,Failed,Website does not appear to be a valid business website,2026-08-07T06:56:36.056271
http://www.kavilogistics.com/,Failed,403 Client Error: Forbidden for url: http://www.kavilogistics.com/,2026-08-07T06:56:49.856870
https://vrlgroup.in/vrl_logistics_service.aspx,Failed,404 Client Error: Not Found for url: https://vrlgroup.in/vrl_logistics_service.aspx,2026-08-07T06:56:50.210566
http://www.swastikpackers.com/,Failed,"HTTPSConnectionPool(host='swastikpackers.com', port=443): Read timed out. (read timeout=15)",2026-08-07T06:58:13.299649
https://locations-in.express.dhl.com/courier-service-in-bopodi-pune-maharashtra/home,Failed,Website does not appear to be a valid business website,2026-08-07T07:08:59.000987
https://www.jexpresscourier.com/,Failed,"HTTPSConnectionPool(host='www.jexpresscourier.com', port=443): Max retries exceeded with url: / (Caused by NameResolutionError(""<urllib3.connection.HTTPSConnection object at 0x1131c0cd0>: Failed to resolve 'www.jexpresscourier.com' ([Errno 8] nodename nor servname provided, or not known)""))",2026-08-07T07:09:10.555304
http://www.dtdc.com/,Failed,"HTTPConnectionPool(host='www.dtdc.com', port=80): Max retries exceeded with url: / (Caused by NewConnectionError('<urllib3.connection.HTTPConnection object at 0x114662ad0>: Failed to establish a new connection: [Errno 61] Connection refused'))",2026-08-07T07:09:10.799667
https://www.homepickupcourier.online/,Failed,Website does not appear to be a valid business website,2026-08-07T07:09:13.106407
http://uniqueairexpress.com/,Failed,Website does not appear to be a valid business website,2026-08-07T07:09:14.931194
https://www.dptcourier.com/,Failed,"HTTPSConnectionPool(host='www.dptcourier.com', port=443): Max retries exceeded with url: / (Caused by SSLError(SSLCertVerificationError(1, ""[SSL: CERTIFICATE_VERIFY_FAILED] certificate verify failed: Hostname mismatch, certificate is not valid for 'www.dptcourier.com'. (_ssl.c:1032)"")))",2026-08-07T07:09:15.780737
https://id.vyaparify.com/maruti-air-courier,Failed,Website does not appear to be a valid business website,2026-08-07T07:09:22.788295
https://falconcourierservice.com/,Failed,"HTTPSConnectionPool(host='falconcourierservice.com', port=443): Max retries exceeded with url: / (Caused by NameResolutionError(""<urllib3.connection.HTTPSConnection object at 0x10c5db390>: Failed to resolve 'falconcourierservice.com' ([Errno 8] nodename nor servname provided, or not known)""))",2026-08-07T07:09:25.009319
http://shreemahavircourier.com/contact-us.aspx,Failed,cannot access local variable 'title' where it is not associated with a value,2026-08-07T07:09:35.347352
http://www.xpressbees.com/,Failed,Website does not appear to be a valid business website,2026-08-07T07:09:45.333517
https://sites.google.com/view/rr-blue/home,Failed,Website does not appear to be a valid business website,2026-08-07T07:09:46.036195
https://firstinfirstoutdelivery.in/,Failed,"HTTPSConnectionPool(host='firstinfirstoutdelivery.in', port=443): Max retries exceeded with url: / (Caused by NameResolutionError(""<urllib3.connection.HTTPSConnection object at 0x10ca90050>: Failed to resolve 'firstinfirstoutdelivery.in' ([Errno 8] nodename nor servname provided, or not known)""))",2026-08-07T07:09:47.041739
https://www.bloomsonly.in/,Failed,unhashable type: 'list',2026-08-07T07:10:33.388378
https://vrlgroup.in/vrl_logistics_service.aspx,Failed,404 Client Error: Not Found for url: https://vrlgroup.in/vrl_logistics_service.aspx,2026-08-07T07:10:49.573640
https://apmcargomovers.com/,Failed,cannot access local variable 'title' where it is not associated with a value,2026-08-07T07:10:50.704836
https://www.galaxypackersandmovers.com/,Failed,cannot access local variable 'title' where it is not associated with a value,2026-08-07T07:10:51.752867
https://www.urbanrelocationcompany.com/pune/ravet,Failed,404 Client Error: Not Found for url: https://www.urbanrelocationcompany.com/pune/ravet,2026-08-07T07:10:53.856031
https://www.letspartypune.com/,Failed,500 Server Error: Internal Server Error for url: https://www.letspartypune.com/,2026-08-07T07:10:56.829164
https://g.co/kgs/68Duadz,Failed,"HTTPSConnectionPool(host='g.co', port=443): Max retries exceeded with url: /kgs/68Duadz (Caused by SSLError(SSLCertVerificationError(1, ""[SSL: CERTIFICATE_VERIFY_FAILED] certificate verify failed: Hostname mismatch, certificate is not valid for 'g.co'. (_ssl.c:1032)"")))",2026-08-07T07:11:32.733103
http://indiapost.gov.in/,Failed,"HTTPConnectionPool(host='indiapost.gov.in', port=80): Max retries exceeded with url: / (Caused by ConnectTimeoutError(<urllib3.connection.HTTPConnection object at 0x10c9c38a0>, 'Connection to indiapost.gov.in timed out. (connect timeout=15)'))",2026-08-07T07:12:46.724941
https://locations-in.express.dhl.com/courier-service-in-bodakdev-ahmedabad-gujarat/home,Failed,Website does not appear to be a valid business website,2026-08-07T07:21:56.019615
http://www.combinedcourier.com/,Failed,cannot access local variable 'title' where it is not associated with a value,2026-08-07T07:22:10.510016
https://mycourierworld.com/,Failed,Website does not appear to be a valid business website,2026-08-07T07:22:15.296876
http://airfield.co.in/,Failed,Website does not appear to be a valid business website,2026-08-07T07:22:15.743527
http://www.jdic.in/,Failed,cannot access local variable 'title' where it is not associated with a value,2026-08-07T07:22:16.130756
http://www.kspenterprise.com/,Failed,"HTTPSConnectionPool(host='www.kspenterprise.com', port=443): Max retries exceeded with url: / (Caused by SSLError(SSLCertVerificationError(1, ""[SSL: CERTIFICATE_VERIFY_FAILED] certificate verify failed: Hostname mismatch, certificate is not valid for 'www.kspenterprise.com'. (_ssl.c:1032)"")))",2026-08-07T07:22:17.223294
http://www.kasumbal.com/,Failed,Website does not appear to be a valid business website,2026-08-07T07:22:21.435976
http://online.patelcouriers.in/,Failed,cannot access local variable 'title' where it is not associated with a value,2026-08-07T07:22:31.225535
https://shiftingkart.com/,Failed,cannot access local variable 'title' where it is not associated with a value,2026-08-07T07:22:31.928708
https://homeshiftmovers.com/,Failed,"HTTPSConnectionPool(host='homeshiftmovers.com', port=443): Max retries exceeded with url: / (Caused by SSLError(SSLError(1, '[SSL: TLSV1_ALERT_INTERNAL_ERROR] tlsv1 alert internal error (_ssl.c:1032)')))",2026-08-07T07:23:14.843437
http://www.gujratgoodsservice.com/,Failed,"HTTPConnectionPool(host='www.gujratgoodsservice.com', port=80): Max retries exceeded with url: / (Caused by NameResolutionError(""<urllib3.connection.HTTPConnection object at 0x10c9c1480>: Failed to resolve 'www.gujratgoodsservice.com' ([Errno 8] nodename nor servname provided, or not known)""))",2026-08-07T07:23:25.921905
https://flowersandhampers.in/,Failed,"HTTPSConnectionPool(host='flowersandhampers.in', port=443): Max retries exceeded with url: / (Caused by NameResolutionError(""<urllib3.connection.HTTPSConnection object at 0x1131c0190>: Failed to resolve 'flowersandhampers.in' ([Errno 8] nodename nor servname provided, or not known)""))",2026-08-07T07:23:27.688647
http://www.delhivery.com/,Failed,Website does not appear to be a valid business website,2026-08-07T07:23:27.779934
https://vrlgroup.in/vrl_logistics_service.aspx,Failed,404 Client Error: Not Found for url: https://vrlgroup.in/vrl_logistics_service.aspx,2026-08-07T07:24:37.265796
https://pickmycourier.com/,Failed,Website does not appear to be a valid business website,2026-08-07T07:33:29.770808
https://www.mrsspeedparcelservice.com/,Failed,Website does not appear to be a valid business website,2026-08-07T07:33:31.436427
https://locations-in.express.dhl.com/courier-service-in-kuppakonam-pudur-coimbatore-tamilnadu/home,Failed,Website does not appear to be a valid business website,2026-08-07T07:34:24.833746
http://www.dtdc.in/,Failed,"HTTPConnectionPool(host='www.dtdc.in', port=80): Max retries exceeded with url: / (Caused by NewConnectionError('<urllib3.connection.HTTPConnection object at 0x114661150>: Failed to establish a new connection: [Errno 61] Connection refused'))",2026-08-07T07:34:25.157933
http://www.akrexpress.com/,Failed,Website does not appear to be a valid business website,2026-08-07T07:34:38.848515
https://www.siuslogistics.in/,Failed,Website does not appear to be a valid business website,2026-08-07T07:34:41.101062
http://www.kovaideliveryboys.in/,Failed,Website does not appear to be a valid business website,2026-08-07T07:34:52.837881
https://rovepackersandmovers.in/,Failed,404 Client Error: Not Found for url: https://rovepackersandmovers.in/,2026-08-07T07:34:54.081196
http://arunachalampackersandmovers.in/,Failed,cannot access local variable 'title' where it is not associated with a value,2026-08-07T07:35:05.878992
https://professionalpackers.co.in/,Failed,Website does not appear to be a valid business website,2026-08-07T07:35:14.307607
https://vrlgroup.in/vrl_logistics_service.aspx,Failed,404 Client Error: Not Found for url: https://vrlgroup.in/vrl_logistics_service.aspx,2026-08-07T07:35:14.635761
https://flowerbloomscoimbatore.in/,Failed,"HTTPSConnectionPool(host='flowerbloomscoimbatore.in', port=443): Max retries exceeded with url: / (Caused by NameResolutionError(""<urllib3.connection.HTTPSConnection object at 0x10c5daad0>: Failed to resolve 'flowerbloomscoimbatore.in' ([Errno 8] nodename nor servname provided, or not known)""))",2026-08-07T07:35:14.700463
https://www.vlookinernational.com/,Failed,"HTTPSConnectionPool(host='www.vlookinernational.com', port=443): Max retries exceeded with url: / (Caused by NameResolutionError(""<urllib3.connection.HTTPSConnection object at 0x10c5dae90>: Failed to resolve 'www.vlookinernational.com' ([Errno 8] nodename nor servname provided, or not known)""))",2026-08-07T07:35:14.894459
https://www.giftsgamut.com/,Failed,"HTTPSConnectionPool(host='www.giftsgamut.com', port=443): Max retries exceeded with url: / (Caused by NameResolutionError(""<urllib3.connection.HTTPSConnection object at 0x10c5da710>: Failed to resolve 'www.giftsgamut.com' ([Errno 8] nodename nor servname provided, or not known)""))",2026-08-07T07:35:15.231271
https://wa.me/c/918870284862,Failed,400 Client Error: Bad Request for url: https://wa.me/c/918870284862,2026-08-07T07:35:16.088488
http://tajhospitalityservices.com/,Failed,"HTTPConnectionPool(host='tajhospitalityservices.com', port=80): Max retries exceeded with url: / (Caused by NameResolutionError(""<urllib3.connection.HTTPConnection object at 0x113d60e20>: Failed to resolve 'tajhospitalityservices.com' ([Errno 8] nodename nor servname provided, or not known)""))",2026-08-07T07:35:18.945920
https://surprisedeliveryonlinemidnightsurprisecakedeliveryin.in/,Failed,"HTTPSConnectionPool(host='surprisedeliveryonlinemidnightsurprisecakedeliveryin.in', port=443): Max retries exceeded with url: / (Caused by NameResolutionError(""<urllib3.connection.HTTPSConnection object at 0x10c5dae90>: Failed to resolve 'surprisedeliveryonlinemidnightsurprisecakedeliveryin.in' ([Errno 8] nodename nor servname provided, or not known)""))",2026-08-07T07:35:30.494624
https://fcl.in/,Failed,Website does not appear to be a valid business website,2026-08-07T07:35:32.558453
http://easanprint.com/customer,Failed,404 Client Error: Not Found for url: https://easanprint.com/page-not-found,2026-08-07T07:35:38.034513
https://www.delhivery.com/,Failed,Website does not appear to be a valid business website,2026-08-07T07:42:02.260761
https://locations-in.express.dhl.com/courier-service-in-begampura-surat-gujarat/home,Failed,Website does not appear to be a valid business website,2026-08-07T07:43:33.885987
http://www.eparcels.in/,Failed,"HTTPConnectionPool(host='www.eparcels.in', port=80): Max retries exceeded with url: / (Caused by NameResolutionError(""<urllib3.connection.HTTPConnection object at 0x114660e20>: Failed to resolve 'www.eparcels.in' ([Errno 8] nodename nor servname provided, or not known)""))",2026-08-07T07:44:12.463448
http://www.shreenandancourier.com/,Failed,cannot access local variable 'title' where it is not associated with a value,2026-08-07T07:44:29.668002
http://www.dtdc.in/,Failed,"HTTPConnectionPool(host='www.dtdc.in', port=80): Max retries exceeded with url: / (Caused by NewConnectionError('<urllib3.connection.HTTPConnection object at 0x113da1260>: Failed to establish a new connection: [Errno 61] Connection refused'))",2026-08-07T07:44:35.248529
http://trackoncourier.com/,Failed,404 Client Error: Not Found for url: http://trackoncourier.com/,2026-08-07T07:44:35.951377
https://vrlgroup.in/vrl_logistics_service.aspx,Failed,404 Client Error: Not Found for url: https://vrlgroup.in/vrl_logistics_service.aspx,2026-08-07T07:44:52.506585
https://movemaxinternational.com/packers-and-movers-india/best-packers-and-movers-surat/,Failed,"HTTPSConnectionPool(host='movemaxinternational.com', port=443): Max retries exceeded with url: /packers-and-movers-india/best-packers-and-movers-surat/ (Caused by SSLError(SSLError(1, '[SSL: TLSV1_ALERT_INTERNAL_ERROR] tlsv1 alert internal error (_ssl.c:1032)')))",2026-08-07T07:45:24.363055
http://www.tpcglobe.com/,Failed,"HTTPConnectionPool(host='www.tpcglobe.com', port=80): Max retries exceeded with url: / (Caused by ConnectTimeoutError(<urllib3.connection.HTTPConnection object at 0x113d63680>, 'Connection to www.tpcglobe.com timed out. (connect timeout=15)'))",2026-08-07T07:46:09.399513
http://www.indiapost.gov.in/,Failed,"HTTPConnectionPool(host='www.indiapost.gov.in', port=80): Max retries exceeded with url: / (Caused by ConnectTimeoutError(<urllib3.connection.HTTPConnection object at 0x113d62140>, 'Connection to www.indiapost.gov.in timed out. (connect timeout=15)'))",2026-08-07T07:46:56.802844
https://603e2d4c6470a.site123.me/,Failed,Website does not appear to be a valid business website,2026-08-07T07:46:57.516887
https://onpoint.in/,Failed,"HTTPSConnectionPool(host='onpoint.in', port=443): Max retries exceeded with url: / (Caused by SSLError(SSLCertVerificationError(1, '[SSL: CERTIFICATE_VERIFY_FAILED] certificate verify failed: unable to get local issuer certificate (_ssl.c:1032)')))",2026-08-07T07:53:07.694131
https://www.wingscourierjaipur.com/,Failed,Website does not appear to be a valid business website,2026-08-07T07:53:08.818694
https://sites.google.com/view/salasarcourier/home,Failed,Website does not appear to be a valid business website,2026-08-07T07:53:09.582385
https://www.delhivery.com/,Failed,Website does not appear to be a valid business website,2026-08-07T07:53:09.648468
https://locations-in.express.dhl.com/courier-service-in-ashok-nagar-jaipur-rajasthan/home,Failed,Website does not appear to be a valid business website,2026-08-07T07:54:45.667832
http://www.dtdc.in/,Failed,"HTTPConnectionPool(host='www.dtdc.in', port=80): Max retries exceeded with url: / (Caused by NewConnectionError('<urllib3.connection.HTTPConnection object at 0x113d61e10>: Failed to establish a new connection: [Errno 61] Connection refused'))",2026-08-07T07:54:49.963906
http://www.syndicateindia.net/,Failed,"HTTPConnectionPool(host='www.syndicateindia.net', port=80): Max retries exceeded with url: / (Caused by NameResolutionError(""<urllib3.connection.HTTPConnection object at 0x113d62cf0>: Failed to resolve 'www.syndicateindia.net' ([Errno 8] nodename nor servname provided, or not known)""))",2026-08-07T07:54:55.099180
https://www.giftybasket.com/,Failed,Exceeded 30 redirects.,2026-08-07T07:54:58.377241
http://www.kerryindevexpress.com/,Failed,Website does not appear to be a valid business website,2026-08-07T07:55:25.663336
https://vrlgroup.in/vrl_logistics_service.aspx,Failed,404 Client Error: Not Found for url: https://vrlgroup.in/vrl_logistics_service.aspx,2026-08-07T07:55:30.147482
https://www.jaipurpackersandmovers.com/,Failed,Website does not appear to be a valid business website,2026-08-07T07:55:30.762988
http://www.tpcglobe.com/,Failed,"HTTPConnectionPool(host='www.tpcglobe.com', port=80): Max retries exceeded with url: / (Caused by ConnectTimeoutError(<urllib3.connection.HTTPConnection object at 0x113da1d00>, 'Connection to www.tpcglobe.com timed out. (connect timeout=15)'))",2026-08-07T07:56:15.794829
https://timessolutionpackersandmovers.com/,Failed,"HTTPSConnectionPool(host='timessolutionpackersandmovers.com', port=443): Max retries exceeded with url: / (Caused by NameResolutionError(""<urllib3.connection.HTTPSConnection object at 0x113d55810>: Failed to resolve 'timessolutionpackersandmovers.com' ([Errno 8] nodename nor servname provided, or not known)""))",2026-08-07T07:56:17.451237
http://www.airconexpressservices.in/,Failed,"HTTPConnectionPool(host='www.airconexpressservices.in', port=80): Max retries exceeded with url: / (Caused by NameResolutionError(""<urllib3.connection.HTTPConnection object at 0x113da2cf0>: Failed to resolve 'www.airconexpressservices.in' ([Errno 8] nodename nor servname provided, or not known)""))",2026-08-07T07:56:26.684472
http://www.supremexp.com/,Failed,cannot access local variable 'title' where it is not associated with a value,2026-08-07T07:56:40.342486
http://www.timetotimeexp.com/,Failed,"HTTPSConnectionPool(host='www.timetotimeexp.com', port=443): Max retries exceeded with url: / (Caused by SSLError(SSLCertVerificationError(1, '[SSL: CERTIFICATE_VERIFY_FAILED] certificate verify failed: certificate has expired (_ssl.c:1032)')))",2026-08-07T07:56:41.733451
https://marspackersandmovers.in/,Failed,"HTTPSConnectionPool(host='marspackersandmovers.in', port=443): Max retries exceeded with url: / (Caused by NameResolutionError(""<urllib3.connection.HTTPSConnection object at 0x113d57d90>: Failed to resolve 'marspackersandmovers.in' ([Errno 8] nodename nor servname provided, or not known)""))",2026-08-07T07:56:41.783666
https://locations-in.express.dhl.com/courier-service-in-snehnagar-indore-madhya-pradesh/home,Failed,Website does not appear to be a valid business website,2026-08-07T08:03:44.898525
https://www.indiancouriercompany.com/,Failed,cannot access local variable 'title' where it is not associated with a value,2026-08-07T08:03:45.465249
https://www.madhurcouriers.in/,Failed,Website does not appear to be a valid business website,2026-08-07T08:03:46.335440
https://ghartak.in/,Failed,"HTTPSConnectionPool(host='ghartak.in', port=443): Max retries exceeded with url: / (Caused by NameResolutionError(""<urllib3.connection.HTTPSConnection object at 0x10c5d9d10>: Failed to resolve 'ghartak.in' ([Errno 8] nodename nor servname provided, or not known)""))",2026-08-07T08:03:46.407172
http://ontimeexpress.in/,Failed,"HTTPConnectionPool(host='ontimeexpress.in', port=80): Max retries exceeded with url: / (Caused by NameResolutionError(""<urllib3.connection.HTTPConnection object at 0x113da0270>: Failed to resolve 'ontimeexpress.in' ([Errno 8] nodename nor servname provided, or not known)""))",2026-08-07T08:03:50.660406
https://www.delhivery.com/,Failed,Website does not appear to be a valid business website,2026-08-07T08:03:50.731325
http://www.dtdc.in/,Failed,"HTTPConnectionPool(host='www.dtdc.in', port=80): Max retries exceeded with url: / (Caused by NewConnectionError('<urllib3.connection.HTTPConnection object at 0x10c9c2be0>: Failed to establish a new connection: [Errno 61] Connection refused'))",2026-08-07T08:03:57.660907
http://www.trackoncourier.com/,Failed,404 Client Error: Not Found for url: http://www.trackoncourier.com/,2026-08-07T08:03:58.220611
http://easyport.co.in/,Failed,Website does not appear to be a valid business website,2026-08-07T08:04:11.022628
http://www.flyking.co.in/,Failed,"HTTPSConnectionPool(host='flyking.in', port=443): Max retries exceeded with url: / (Caused by SSLError(SSLCertVerificationError(1, ""[SSL: CERTIFICATE_VERIFY_FAILED] certificate verify failed: Hostname mismatch, certificate is not valid for 'flyking.in'. (_ssl.c:1032)"")))",2026-08-07T08:04:13.107623
https://newwelcomepackers.in/,Failed,"HTTPSConnectionPool(host='newwelcomepackers.in', port=443): Max retries exceeded with url: / (Caused by NameResolutionError(""<urllib3.connection.HTTPSConnection object at 0x113d56e90>: Failed to resolve 'newwelcomepackers.in' ([Errno 8] nodename nor servname provided, or not known)""))",2026-08-07T08:04:21.642264
https://superindiapacker.com/,Failed,Website does not appear to be a valid business website,2026-08-07T08:04:23.693183
http://www.busspackers.com/,Failed,"HTTPConnectionPool(host='www.busspackers.com', port=80): Max retries exceeded with url: / (Caused by NameResolutionError(""<urllib3.connection.HTTPConnection object at 0x113d63df0>: Failed to resolve 'www.busspackers.com' ([Errno 8] nodename nor servname provided, or not known)""))",2026-08-07T08:04:23.879092
https://www.patelpackersmover.in/,Failed,Website does not appear to be a valid business website,2026-08-07T08:04:32.381075
https://vrlgroup.in/vrl_logistics_service.aspx,Failed,404 Client Error: Not Found for url: https://vrlgroup.in/vrl_logistics_service.aspx,2026-08-07T08:04:36.670300
https://www.trustwaymoversandlogistics.com/,Failed,"HTTPSConnectionPool(host='www.trustwaymoversandlogistics.com', port=443): Read timed out. (read timeout=15)",2026-08-07T08:05:37.245161
https://dietdial.in/,Failed,Website does not appear to be a valid business website,2026-08-07T08:05:41.063640
http://www.swayamenterprises.in/,Failed,Website does not appear to be a valid business website,2026-08-07T08:05:50.120348
https://www.dropdoseindia.com/,Failed,"HTTPSConnectionPool(host='www.dropdoseindia.com', port=443): Max retries exceeded with url: / (Caused by NameResolutionError(""<urllib3.connection.HTTPSConnection object at 0x10c5dafd0>: Failed to resolve 'www.dropdoseindia.com' ([Errno 8] nodename nor servname provided, or not known)""))",2026-08-07T08:06:48.861934
https://locations-in.express.dhl.com/courier-service-in-hazratganj-lucknow-uttar-pradesh/home,Failed,Website does not appear to be a valid business website,2026-08-07T08:13:37.218895
http://www.dtdc.in/,Failed,"HTTPConnectionPool(host='www.dtdc.in', port=80): Max retries exceeded with url: / (Caused by NewConnectionError('<urllib3.connection.HTTPConnection object at 0x114662cf0>: Failed to establish a new connection: [Errno 61] Connection refused'))",2026-08-07T08:13:37.503182
https://g.co/kgs/v68aHg,Failed,"HTTPSConnectionPool(host='g.co', port=443): Max retries exceeded with url: /kgs/v68aHg (Caused by SSLError(SSLCertVerificationError(1, ""[SSL: CERTIFICATE_VERIFY_FAILED] certificate verify failed: Hostname mismatch, certificate is not valid for 'g.co'. (_ssl.c:1032)"")))",2026-08-07T08:14:16.003984
https://www.delhivery.com/,Failed,Website does not appear to be a valid business website,2026-08-07T08:14:16.137393
http://www.dtdc.com/,Failed,"HTTPConnectionPool(host='www.dtdc.com', port=80): Max retries exceeded with url: / (Caused by NewConnectionError('<urllib3.connection.HTTPConnection object at 0x10c4fae00>: Failed to establish a new connection: [Errno 61] Connection refused'))",2026-08-07T08:14:16.377594
http://www.trackoncouriers.in/,Failed,Website does not appear to be a valid business website,2026-08-07T08:14:17.365739
http://www.bestcourierfranchiseindia.in/,Failed,"HTTPConnectionPool(host='www.bestcourierfranchiseindia.in', port=80): Max retries exceeded with url: / (Caused by NameResolutionError(""<urllib3.connection.HTTPConnection object at 0x114660e20>: Failed to resolve 'www.bestcourierfranchiseindia.in' ([Errno 8] nodename nor servname provided, or not known)""))",2026-08-07T08:14:18.940525
http://trackoncourier.com/,Failed,404 Client Error: Not Found for url: http://trackoncourier.com/,2026-08-07T08:14:22.711084
https://bazolko.com/,Failed,429 Client Error: Too Many Requests for url: https://bazolko.com/,2026-08-07T08:15:25.203193
https://wa.me/easy.celebrations,Failed,Website does not appear to be a valid business website,2026-08-07T08:15:33.470487
http://swagatpackersmovers.in/,Failed,404 Client Error: Not Found for url: https://swagatpackersmovers.in/,2026-08-07T08:15:39.470226
https://vrlgroup.in/vrl_logistics_service.aspx,Failed,404 Client Error: Not Found for url: https://vrlgroup.in/vrl_logistics_service.aspx,2026-08-07T08:15:40.026958
https://yadavmovers.com/,Failed,Website does not appear to be a valid business website,2026-08-07T08:15:44.728506
https://a3scargo.com/,Failed,"HTTPSConnectionPool(host='a3scargo.com', port=443): Max retries exceeded with url: / (Caused by NameResolutionError(""<urllib3.connection.HTTPSConnection object at 0x1131c3610>: Failed to resolve 'a3scargo.com' ([Errno 8] nodename nor servname provided, or not known)""))",2026-08-07T08:15:51.807400
http://www.clickyourmed.com/,Failed,cannot access local variable 'title' where it is not associated with a value,2026-08-07T08:15:52.992444
https://locations-in.express.dhl.com/courier-service-in-vyttila-kochi-kerala/home,Failed,Website does not appear to be a valid business website,2026-08-07T08:21:51.073636
http://www.packship.in/,Failed,"HTTPConnectionPool(host='www.packship.in', port=80): Max retries exceeded with url: / (Caused by NameResolutionError(""<urllib3.connection.HTTPConnection object at 0x114661260>: Failed to resolve 'www.packship.in' ([Errno 8] nodename nor servname provided, or not known)""))",2026-08-07T08:22:03.695367
http://speedandsafe.com/,Failed,cannot access local variable 'title' where it is not associated with a value,2026-08-07T08:22:04.917660
http://www.ups.com/,Failed,"HTTPSConnectionPool(host='www.ups.com', port=443): Read timed out. (read timeout=15)",2026-08-07T08:22:51.236868
http://www.dtdc.com/,Failed,"HTTPConnectionPool(host='www.dtdc.com', port=80): Max retries exceeded with url: / (Caused by NewConnectionError('<urllib3.connection.HTTPConnection object at 0x114663f00>: Failed to establish a new connection: [Errno 61] Connection refused'))",2026-08-07T08:23:05.242059
http://tpcindia.com/,Failed,"HTTPConnectionPool(host='tpcindia.com', port=80): Max retries exceeded with url: / (Caused by ConnectTimeoutError(<urllib3.connection.HTTPConnection object at 0x10c9c0f30>, 'Connection to tpcindia.com timed out. (connect timeout=15)'))",2026-08-07T08:24:19.118603
https://find.bluedarttracking.in/office/ernakulam/Kakkanad,Failed,Website does not appear to be a valid business website,2026-08-07T08:24:20.005309
http://www.akrexpress.com/,Failed,Website does not appear to be a valid business website,2026-08-07T08:25:58.555854
https://www.gokulamspeedandsafe.com/track/,Failed,cannot access local variable 'title' where it is not associated with a value,2026-08-07T08:26:03.191771
https://www.ikkawa.com/,Failed,"HTTPSConnectionPool(host='www.ikkawa.com', port=443): Max retries exceeded with url: / (Caused by SSLError(SSLCertVerificationError(1, '[SSL: CERTIFICATE_VERIFY_FAILED] certificate verify failed: certificate has expired (_ssl.c:1032)')))",2026-08-07T08:26:05.095322
https://vrlgroup.in/vrl_logistics_service.aspx,Failed,404 Client Error: Not Found for url: https://vrlgroup.in/vrl_logistics_service.aspx,2026-08-07T08:26:05.629035
http://www.ekartlogistics.com/,Failed,cannot access local variable 'title' where it is not associated with a value,2026-08-07T08:26:20.346878
http://www.arcparcelservice.com/,Failed,403 Client Error: Forbidden for url: http://www.arcparcelservice.com/,2026-08-07T08:26:20.728931
https://locations-in.express.dhl.com/courier-service-in-dharampeth-nagpur-maharashtra/home,Failed,Website does not appear to be a valid business website,2026-08-07T08:33:41.100730
https://daakghar.in/,Failed,Website does not appear to be a valid business website,2026-08-07T08:33:46.817248
"http://www.cr.indianrailways.gov.in/view_section.jsp?lang=0&id=0,6,287,384,1766",Failed,"HTTPConnectionPool(host='www.cr.indianrailways.gov.in', port=80): Max retries exceeded with url: /view_section.jsp?lang=0&id=0,6,287,384,1766 (Caused by NewConnectionError('<urllib3.connection.HTTPConnection object at 0x113da27a0>: Failed to establish a new connection: [Errno 61] Connection refused'))",2026-08-07T08:34:04.575319
http://packersmoversnagpur.com/,Failed,Website does not appear to be a valid business website,2026-08-07T08:34:17.169759
https://vrlgroup.in/vrl_logistics_service.aspx,Failed,404 Client Error: Not Found for url: https://vrlgroup.in/vrl_logistics_service.aspx,2026-08-07T08:34:17.668612
http://www.safetranswaypackersmovers.com/,Failed,"HTTPConnectionPool(host='www.safetranswaypackersmovers.com', port=80): Max retries exceeded with url: / (Caused by NewConnectionError('<urllib3.connection.HTTPConnection object at 0x113da2cf0>: Failed to establish a new connection: [Errno 61] Connection refused'))",2026-08-07T08:34:32.355748
https://www.google.com/maps/contrib/100894201406426956505?hl=en-IN,Failed,Website does not appear to be a valid business website,2026-08-07T08:34:40.004540
http://www.printmeindia.com/,Failed,Website does not appear to be a valid business website,2026-08-07T08:34:49.160988
http://majestic-mugs.mini.site/,Failed,"HTTPConnectionPool(host='majestic-mugs.mini.site', port=80): Max retries exceeded with url: / (Caused by NameResolutionError(""<urllib3.connection.HTTPConnection object at 0x10c4fae00>: Failed to resolve 'majestic-mugs.mini.site' ([Errno 8] nodename nor servname provided, or not known)""))",2026-08-07T08:34:49.226894
https://hexabuddy.com/,Failed,cannot access local variable 'title' where it is not associated with a value,2026-08-07T08:35:07.127790
http://bisenvisa.in/,Failed,"HTTPConnectionPool(host='bisenvisa.in', port=80): Max retries exceeded with url: / (Caused by NameResolutionError(""<urllib3.connection.HTTPConnection object at 0x114662f10>: Failed to resolve 'bisenvisa.in' ([Errno 8] nodename nor servname provided, or not known)""))",2026-08-07T08:35:07.175042
https://printmonkindia.com/,Failed,Website does not appear to be a valid business website,2026-08-07T08:35:15.982686
https://www.arxpress.in/,Failed,"HTTPSConnectionPool(host='www.arxpress.in', port=443): Max retries exceeded with url: / (Caused by SSLError(SSLCertVerificationError(1, '[SSL: CERTIFICATE_VERIFY_FAILED] certificate verify failed: self-signed certificate (_ssl.c:1032)')))",2026-08-07T08:35:19.114314
https://bit.ly/3FzjR1e,Failed,"HTTPSConnectionPool(host='savinns.com', port=443): Max retries exceeded with url: /?utm_source=Google+My+Business&utm_medium=google+my+business+listing&utm_campaign=savinns+online+pharmacy+organic+reach+from+GMB&utm_id=GMB&utm_term=savinns+online+pharmacy&utm_content=https://savinns.com/ (Caused by SSLError(SSLCertVerificationError(1, ""[SSL: CERTIFICATE_VERIFY_FAILED] certificate verify failed: Hostname mismatch, certificate is not valid for 'savinns.com'. (_ssl.c:1032)"")))",2026-08-07T08:35:21.698443
http://www.gooverseas.in/,Failed,Website does not appear to be a valid business website,2026-08-07T08:36:08.858242
https://www.delhivery.com/,Failed,Website does not appear to be a valid business website,2026-08-07T08:45:09.115390
http://www.dependo.com/,Failed,"HTTPConnectionPool(host='www.dependo.com', port=80): Max retries exceeded with url: / (Caused by ConnectTimeoutError(<urllib3.connection.HTTPConnection object at 0x114661f20>, 'Connection to www.dependo.com timed out. (connect timeout=15)'))",2026-08-07T08:46:11.202934
http://xpressdelivery.in/,Failed,Website does not appear to be a valid business website,2026-08-07T08:46:11.880378
https://vrlgroup.in/vrl_logistics_service.aspx,Failed,404 Client Error: Not Found for url: https://vrlgroup.in/vrl_logistics_service.aspx,2026-08-07T08:46:48.802593
http://www.courierpoint.com/,Failed,Website does not appear to be a valid business website,2026-08-07T08:47:08.858209
https://bangaloreonecargo.com/,Failed,Website does not appear to be a valid business website,2026-08-07T08:47:12.956632
https://locations-in.express.dhl.com/courier-service-in-armane-nagar-bengaluru-karnataka/home,Failed,Website does not appear to be a valid business website,2026-08-07T08:48:01.802126
http://nextwaycargo.com/,Failed,"HTTPConnectionPool(host='nextwaycargo.com', port=80): Max retries exceeded with url: / (Caused by NameResolutionError(""<urllib3.connection.HTTPConnection object at 0x113da2030>: Failed to resolve 'nextwaycargo.com' ([Errno 8] nodename nor servname provided, or not known)""))",2026-08-07T08:48:14.535168
https://www.shipexpresscourier.in/,Failed,Website does not appear to be a valid business website,2026-08-07T08:48:15.947319
https://ecomexpress.in/,Failed,"HTTPSConnectionPool(host='ecomexpress.in', port=443): Max retries exceeded with url: / (Caused by SSLError(SSLCertVerificationError(1, '[SSL: CERTIFICATE_VERIFY_FAILED] certificate verify failed: certificate has expired (_ssl.c:1032)')))",2026-08-07T08:48:16.098390
http://dhex.in/,Failed,Website does not appear to be a valid business website,2026-08-07T08:48:16.752700
https://www.humdost.in/,Failed,"HTTPSConnectionPool(host='www.humdost.in', port=443): Max retries exceeded with url: / (Caused by NameResolutionError(""<urllib3.connection.HTTPSConnection object at 0x1131c39d0>: Failed to resolve 'www.humdost.in' ([Errno 8] nodename nor servname provided, or not known)""))",2026-08-07T08:48:23.055985
http://www.ezshifting.in/,Failed,"HTTPConnectionPool(host='www.ezshifting.in', port=80): Max retries exceeded with url: / (Caused by NameResolutionError(""<urllib3.connection.HTTPConnection object at 0x113da0d10>: Failed to resolve 'www.ezshifting.in' ([Errno 8] nodename nor servname provided, or not known)""))",2026-08-07T08:50:16.977818
http://www.pacificpackersandmovers.com/,Failed,"HTTPSConnectionPool(host='www.pacificpackersandmovers.com', port=443): Max retries exceeded with url: / (Caused by SSLError(SSLCertVerificationError(1, ""[SSL: CERTIFICATE_VERIFY_FAILED] certificate verify failed: Hostname mismatch, certificate is not valid for 'www.pacificpackersandmovers.com'. (_ssl.c:1032)"")))",2026-08-07T08:50:21.220987
http://www.dhl.co.in/RAJEEBALi,Failed,"HTTPSConnectionPool(host='www.dhl.com', port=443): Read timed out. (read timeout=15)",2026-08-07T08:51:25.508157
https://dynamicparcel.com/,Failed,403 Client Error: Forbidden for url: https://dynamicparcel.com/,2026-08-07T08:59:07.902741
https://locations-in.express.dhl.com/courier-service-in-nariman-point-mumbai-maharashtra/home,Failed,Website does not appear to be a valid business website,2026-08-07T08:59:59.746858
https://offonexpress.in/,Failed,Website does not appear to be a valid business website,2026-08-07T09:00:05.276723
https://borzodelivery.com/in,Failed,Website does not appear to be a valid business website,2026-08-07T09:00:16.532570
http://www.ssworldwidecourier.com/,Failed,unhashable type: 'list',2026-08-07T09:00:21.001025
http://www.teamglobal.in/,Failed,"HTTPSConnectionPool(host='teamglobal.in', port=443): Max retries exceeded with url: / (Caused by SSLError(SSLCertVerificationError(1, '[SSL: CERTIFICATE_VERIFY_FAILED] certificate verify failed: unable to get local issuer certificate (_ssl.c:1032)')))",2026-08-07T09:00:21.679058
http://www.dtdc.com/,Failed,"HTTPConnectionPool(host='www.dtdc.com', port=80): Max retries exceeded with url: / (Caused by NewConnectionError('<urllib3.connection.HTTPConnection object at 0x10c9c1f20>: Failed to establish a new connection: [Errno 61] Connection refused'))",2026-08-07T09:01:30.416128
http://www.quickcl.com/,Failed,Website does not appear to be a valid business website,2026-08-07T09:01:39.902663
https://vrlgroup.in/vrl_logistics_service.aspx,Failed,404 Client Error: Not Found for url: https://vrlgroup.in/vrl_logistics_service.aspx,2026-08-07T09:01:52.531102
https://shreedishacourier.in/,Failed,"HTTPSConnectionPool(host='shreedishacourier.in', port=443): Max retries exceeded with url: / (Caused by SSLError(SSLCertVerificationError(1, '[SSL: CERTIFICATE_VERIFY_FAILED] certificate verify failed: certificate has expired (_ssl.c:1032)')))",2026-08-07T09:01:55.684936
http://www.xpressdelivery.in/,Failed,Website does not appear to be a valid business website,2026-08-07T09:01:56.930022
http://delipackexpress.com/,Failed,403 Client Error: Forbidden for url: http://delipackexpress.com/,2026-08-07T09:01:57.334985
https://www.jagdambadtdc.in/,Failed,"HTTPSConnectionPool(host='www.jagdambadtdc.in', port=443): Max retries exceeded with url: / (Caused by SSLError(SSLError(1, '[SSL: TLSV1_ALERT_INTERNAL_ERROR] tlsv1 alert internal error (_ssl.c:1032)')))",2026-08-07T09:01:57.893314
http://www.shypbuddy.net/,Failed,"HTTPConnectionPool(host='www.shypbuddy.net', port=80): Max retries exceeded with url: / (Caused by NewConnectionError('<urllib3.connection.HTTPConnection object at 0x10c9c0d10>: Failed to establish a new connection: [Errno 61] Connection refused'))",2026-08-07T09:01:58.178831
https://vishnupackers.in/,Failed,Website does not appear to be a valid business website,2026-08-07T09:02:43.257780
https://citycargo.in/,Failed,"HTTPSConnectionPool(host='citycargo.in', port=443): Max retries exceeded with url: / (Caused by SSLError(SSLCertVerificationError(1, '[SSL: CERTIFICATE_VERIFY_FAILED] certificate verify failed: certificate has expired (_ssl.c:1032)')))",2026-08-07T09:12:02.126245
https://locations-in.express.dhl.com/courier-service-in-preet-vihar-new-delhi-delhi/home,Failed,Website does not appear to be a valid business website,2026-08-07T09:13:39.069104
http://www.malikcourierservices.com/,Failed,"HTTPConnectionPool(host='www.malikcourierservices.com', port=80): Max retries exceeded with url: / (Caused by NewConnectionError('<urllib3.connection.HTTPConnection object at 0x1146627a0>: Failed to establish a new connection: [Errno 61] Connection refused'))",2026-08-07T09:13:41.793687
http://couriercharges.in/,Failed,Website does not appear to be a valid business website,2026-08-07T09:13:42.614080
http://fasttrackintl.in/,Failed,Website does not appear to be a valid business website,2026-08-07T09:13:45.480522
http://www.expresscargoovers.in/,Failed,"HTTPConnectionPool(host='www.expresscargoovers.in', port=80): Max retries exceeded with url: / (Caused by NameResolutionError(""<urllib3.connection.HTTPConnection object at 0x114661150>: Failed to resolve 'www.expresscargoovers.in' ([Errno 8] nodename nor servname provided, or not known)""))",2026-08-07T09:13:45.545253
http://ddlogistic.com/,Failed,cannot access local variable 'title' where it is not associated with a value,2026-08-07T09:13:47.490690
http://www.immediateparcelservice.com/,Failed,cannot access local variable 'title' where it is not associated with a value,2026-08-07T09:13:49.368969
https://epostbook.com/,Failed,Website does not appear to be a valid business website,2026-08-07T09:13:55.082951
https://anytimeexpress.in/,Failed,Website does not appear to be a valid business website,2026-08-07T09:13:58.129811
http://www.jumbocourier.com/,Failed,Website does not appear to be a valid business website,2026-08-07T09:13:58.570883
http://www.dilliking.com/,Failed,Website does not appear to be a valid business website,2026-08-07T09:13:59.338131
http://delhiparcel.com/,Failed,Website does not appear to be a valid business website,2026-08-07T09:14:01.173864
https://vrlgroup.in/vrl_group_home.aspx,Failed,404 Client Error: Not Found for url: https://vrlgroup.in/vrl_group_home.aspx,2026-08-07T09:14:07.709190
https://www.couriermedicines.com/,Failed,Website does not appear to be a valid business website,2026-08-07T09:14:08.588387
http://shipshi.com/,Failed,Website does not appear to be a valid business website,2026-08-07T09:14:09.079982
http://www.sagarairexpress.com/,Failed,Website does not appear to be a valid business website,2026-08-07T09:14:11.500058
https://portador.in/,Failed,unhashable type: 'list',2026-08-07T09:14:29.775188
http://dtdc.com/,Failed,500 Server Error: Internal Server Error for url: https://www.dtdc.com,2026-08-07T09:14:31.046148
http://www.delhivery.com/,Failed,Website does not appear to be a valid business website,2026-08-07T09:14:36.830719
http://mabhagwatilogistics.in/,Failed,408 Client Error: Request Time-out for url: http://mabhagwatilogistics.in/,2026-08-07T09:14:54.289135
http://www.the-maharajas.com/,Failed,"HTTPSConnectionPool(host='www.the-maharajas.com', port=443): Max retries exceeded with url: / (Caused by SSLError(SSLError(1, '[SSL: UNSAFE_LEGACY_RENEGOTIATION_DISABLED] unsafe legacy renegotiation disabled (_ssl.c:1032)')))",2026-08-07T09:15:00.683697
https://locations-in.express.dhl.com/courier-service-in-sector-25-gurugram-haryana/home,Failed,Website does not appear to be a valid business website,2026-08-07T09:25:20.714860
https://ecomexpress.in/,Failed,"HTTPSConnectionPool(host='ecomexpress.in', port=443): Max retries exceeded with url: / (Caused by SSLError(SSLCertVerificationError(1, '[SSL: CERTIFICATE_VERIFY_FAILED] certificate verify failed: certificate has expired (_ssl.c:1032)')))",2026-08-07T09:25:20.845511
https://usmailers.in/,Failed,"HTTPSConnectionPool(host='usmailers.in', port=443): Max retries exceeded with url: / (Caused by NameResolutionError(""<urllib3.connection.HTTPSConnection object at 0x10c5dbc50>: Failed to resolve 'usmailers.in' ([Errno 8] nodename nor servname provided, or not known)""))",2026-08-07T09:25:24.845936
http://www.dtdc.com/,Failed,"HTTPConnectionPool(host='www.dtdc.com', port=80): Max retries exceeded with url: / (Caused by NewConnectionError('<urllib3.connection.HTTPConnection object at 0x1146627a0>: Failed to establish a new connection: [Errno 61] Connection refused'))",2026-08-07T09:25:29.731148
https://app.rapidshyp.com/?utm_source=Google&utm_medium=cpm&utm_campaign=Google-My-Bussiness&utm_term=Google&utm_content=GMB,Failed,Website does not appear to be a valid business website,2026-08-07T09:25:53.252758
https://www.navi-visaglobal.com/,Failed,cannot access local variable 'title' where it is not associated with a value,2026-08-07T09:25:56.581269
https://www.kerryindevexpress.com/track.aspx,Failed,Website does not appear to be a valid business website,2026-08-07T09:25:58.536268
https://vrlgroup.in/vrl_logistics_service.aspx,Failed,404 Client Error: Not Found for url: https://vrlgroup.in/vrl_logistics_service.aspx,2026-08-07T09:26:05.785273
https://www.safexpress.com/,Failed,cannot access local variable 'title' where it is not associated with a value,2026-08-07T09:26:06.298348
http://www.tpcglobe.com/,Failed,"HTTPConnectionPool(host='www.tpcglobe.com', port=80): Max retries exceeded with url: / (Caused by ConnectTimeoutError(<urllib3.connection.HTTPConnection object at 0x113da2cf0>, 'Connection to www.tpcglobe.com timed out. (connect timeout=15)'))",2026-08-07T09:27:27.752287
https://dagarwalpackers.com/,Failed,cannot access local variable 'title' where it is not associated with a value,2026-08-07T09:27:28.071387
https://www.tracxlogis.com/,Failed,Website does not appear to be a valid business website,2026-08-07T09:27:36.279822
http://www.ups.com/content/in/en/locations/dropoff/index.html?WT.svl=PNRO_L1,Failed,"HTTPSConnectionPool(host='www.ups.com', port=443): Read timed out. (read timeout=15)",2026-08-07T09:28:21.687387
https://haripackersandmovers.com/,Failed,"HTTPSConnectionPool(host='haripackersandmovers.com', port=443): Max retries exceeded with url: / (Caused by ConnectTimeoutError(<urllib3.connection.HTTPSConnection object at 0x1131c2350>, 'Connection to haripackersandmovers.com timed out. (connect timeout=15)'))",2026-08-07T09:29:28.254629
http://www.bestroadways.com/,Failed,404 Client Error: Not Found for url: http://www.bestroadways.com/,2026-08-07T09:29:37.994244
https://locations-in.express.dhl.com/courier-service-in-sector-18-noida-uttar-pradesh/home,Failed,Website does not appear to be a valid business website,2026-08-07T09:37:49.315266
http://www.internationalcouriersservice.com/,Failed,cannot access local variable 'title' where it is not associated with a value,2026-08-07T09:37:52.836120
https://saharaaircourier.com/,Failed,"HTTPSConnectionPool(host='saharaaircourier.com', port=443): Max retries exceeded with url: / (Caused by NameResolutionError(""<urllib3.connection.HTTPSConnection object at 0x10ca90410>: Failed to resolve 'saharaaircourier.com' ([Errno 8] nodename nor servname provided, or not known)""))",2026-08-07T09:37:55.199628
https://vrlgroup.in/vrl_logistics_service.aspx,Failed,404 Client Error: Not Found for url: https://vrlgroup.in/vrl_logistics_service.aspx,2026-08-07T09:37:55.601940
https://www.google.com/search?q=DTDC+PVT+LTD&stick=H4sIAAAAAAAA_-NgU1I1qDC2NEhONU2xsExKMjM3SEuxMqgwNTMHAlMz01RDkyQLk6RFrDwuIS7OCgFhIQo-IS4AwhbsLDgAAAA&hl=en&mat=CTWPtz8c7eP0ElMBNqvzOlBVvKJMkXCK8-DpLL2trwvNxsVWJUUwWIWU0rzuiqQDfSNmCs4Kq-IUWm2ArexCQKNigdbOc-NUk8GM-Dw1QWWylwz5lR4aPS4r90Tdiw&authuser=2#mpd=~17646208470551596853/editprofile/info,Failed,cannot access local variable 'title' where it is not associated with a value,2026-08-07T09:38:01.192680
http://www.dtdc.com/,Failed,"HTTPConnectionPool(host='www.dtdc.com', port=80): Max retries exceeded with url: / (Caused by NewConnectionError('<urllib3.connection.HTTPConnection object at 0x113d605a0>: Failed to establish a new connection: [Errno 61] Connection refused'))",2026-08-07T09:38:01.418026
https://www.flutterxpress.com/,Failed,"HTTPSConnectionPool(host='www.flutterxpress.com', port=443): Max retries exceeded with url: / (Caused by SSLError(SSLCertVerificationError(1, ""[SSL: CERTIFICATE_VERIFY_FAILED] certificate verify failed: Hostname mismatch, certificate is not valid for 'www.flutterxpress.com'. (_ssl.c:1032)"")))",2026-08-07T09:38:08.533519
https://jsdl.in/RSL-XXV1780905756,Failed,Website does not appear to be a valid business website,2026-08-07T09:38:11.763652
http://www.bestroadways.com/,Failed,404 Client Error: Not Found for url: http://www.bestroadways.com/,2026-08-07T09:38:19.401682
http://superfastpackersmovers.in/,Failed,Website does not appear to be a valid business website,2026-08-07T09:38:30.419152
https://www.shriraminternational.in/,Failed,"HTTPSConnectionPool(host='www.shriraminternational.in', port=443): Max retries exceeded with url: / (Caused by NameResolutionError(""<urllib3.connection.HTTPSConnection object at 0x1131c1090>: Failed to resolve 'www.shriraminternational.in' ([Errno 8] nodename nor servname provided, or not known)""))",2026-08-07T09:38:34.896145
https://www.onlinexpress.co.in/,Failed,"HTTPSConnectionPool(host='www.onlinexpress.co.in', port=443): Max retries exceeded with url: / (Caused by SSLError(SSLCertVerificationError(1, ""[SSL: CERTIFICATE_VERIFY_FAILED] certificate verify failed: Hostname mismatch, certificate is not valid for 'www.onlinexpress.co.in'. (_ssl.c:1032)"")))",2026-08-07T09:38:35.435613
http://shipshi.com/,Failed,Website does not appear to be a valid business website,2026-08-07T09:39:13.154517
https://skyhighsolution.com/,Failed,cannot access local variable 'title' where it is not associated with a value,2026-08-07T09:39:17.582830
http://www.shrikarni.in/,Failed,cannot access local variable 'title' where it is not associated with a value,2026-08-07T09:40:14.823518
https://locations-in.express.dhl.com/courier-service-in-himayatnagar-hyderabad-telangana/home,Failed,Website does not appear to be a valid business website,2026-08-07T09:48:28.927665
https://www.iclinternational.in/,Failed,Website does not appear to be a valid business website,2026-08-07T09:48:30.009062
https://www.mapsexpres.com/,Failed,Website does not appear to be a valid business website,2026-08-07T09:48:40.270157
http://www.delhivery.com/,Failed,Website does not appear to be a valid business website,2026-08-07T09:48:40.446342
https://sreegarudaexpress.nowfloats.com/,Failed,"HTTPSConnectionPool(host='sreegarudaexpress.nowfloats.com', port=443): Max retries exceeded with url: / (Caused by SSLError(SSLCertVerificationError(1, '[SSL: CERTIFICATE_VERIFY_FAILED] certificate verify failed: unable to get local issuer certificate (_ssl.c:1032)')))",2026-08-07T09:48:40.849026
https://www.yourdesicart.com/,Failed,Website does not appear to be a valid business website,2026-08-07T09:48:54.232486
http://www.fedex.in/,Failed,cannot access local variable 'title' where it is not associated with a value,2026-08-07T09:49:01.915602
http://www.dtdc.in/,Failed,"HTTPConnectionPool(host='www.dtdc.in', port=80): Max retries exceeded with url: / (Caused by NewConnectionError('<urllib3.connection.HTTPConnection object at 0x113d60270>: Failed to establish a new connection: [Errno 61] Connection refused'))",2026-08-07T09:49:02.263895
http://urbandot.in/,Failed,Website does not appear to be a valid business website,2026-08-07T09:49:12.701136
https://vrlgroup.in/vrl_logistics_service.aspx,Failed,404 Client Error: Not Found for url: https://vrlgroup.in/vrl_logistics_service.aspx,2026-08-07T09:49:16.910101
https://www.bombinoexp.in/index.aspx,Failed,"HTTPSConnectionPool(host='www.bombinoexp.in', port=443): Max retries exceeded with url: /index.aspx (Caused by SSLError(SSLCertVerificationError(1, '[SSL: CERTIFICATE_VERIFY_FAILED] certificate verify failed: certificate has expired (_ssl.c:1032)')))",2026-08-07T09:59:17.137221
http://www.dtdc.in/tracking/shipment-tracking.asp,Failed,"HTTPConnectionPool(host='www.dtdc.in', port=80): Max retries exceeded with url: /tracking/shipment-tracking.asp (Caused by NewConnectionError('<urllib3.connection.HTTPConnection object at 0x114662470>: Failed to establish a new connection: [Errno 61] Connection refused'))",2026-08-07T09:59:19.106230
http://vtlpl.com/,Failed,cannot access local variable 'title' where it is not associated with a value,2026-08-07T09:59:20.389773
https://vrlgroup.in/vrl_logistics_service.aspx,Failed,404 Client Error: Not Found for url: https://vrlgroup.in/vrl_logistics_service.aspx,2026-08-07T09:59:30.371042
https://markexpress.co.in/,Failed,"HTTPSConnectionPool(host='markexpress.co.in', port=443): Max retries exceeded with url: / (Caused by SSLError(SSLCertVerificationError(1, '[SSL: CERTIFICATE_VERIFY_FAILED] certificate verify failed: certificate has expired (_ssl.c:1032)')))",2026-08-07T09:59:32.717088
http://www.tccs.in/,Failed,404 Client Error: Not Found for url: http://www.tccs.in/,2026-08-07T09:59:33.682824
https://www.bestlogisticsservice.com/,Failed,404 Client Error: Not Found for url: https://www.bestlogisticsservice.com/,2026-08-07T09:59:50.987166
http://www.delhivery.com/,Failed,Website does not appear to be a valid business website,2026-08-07T09:59:57.882935
http://www.swiftcargo.com/,Failed,"HTTPSConnectionPool(host='www.swiftcargo.com', port=443): Max retries exceeded with url: / (Caused by SSLError(SSLCertVerificationError(1, ""[SSL: CERTIFICATE_VERIFY_FAILED] certificate verify failed: Hostname mismatch, certificate is not valid for 'www.swiftcargo.com'. (_ssl.c:1032)"")))",2026-08-07T10:00:29.553422
http://www.concorindia.com/,Failed,Website does not appear to be a valid business website,2026-08-07T10:00:36.226607
https://sreewaripackersandmovers.in/,Failed,"HTTPSConnectionPool(host='sreewaripackersandmovers.in', port=443): Max retries exceeded with url: / (Caused by NameResolutionError(""<urllib3.connection.HTTPSConnection object at 0x1131c39d0>: Failed to resolve 'sreewaripackersandmovers.in' ([Errno 8] nodename nor servname provided, or not known)""))",2026-08-07T10:01:08.675452
https://locations-in.express.dhl.com/courier-service-in-shivajinagar-pune-maharashtra/home,Failed,Website does not appear to be a valid business website,2026-08-07T10:09:15.832461
http://www.dtdc.com/,Failed,"HTTPConnectionPool(host='www.dtdc.com', port=80): Max retries exceeded with url: / (Caused by NewConnectionError('<urllib3.connection.HTTPConnection object at 0x10c9c17b0>: Failed to establish a new connection: [Errno 61] Connection refused'))",2026-08-07T10:09:16.086508
https://www.homepickupcourier.online/,Failed,Website does not appear to be a valid business website,2026-08-07T10:09:17.549027
https://www.quickshift.in/,Failed,Website does not appear to be a valid business website,2026-08-07T10:09:25.391651
http://trackoncourier.com/,Failed,404 Client Error: Not Found for url: http://trackoncourier.com/,2026-08-07T10:09:32.566896
http://24thmile.com/,Failed,cannot access local variable 'title' where it is not associated with a value,2026-08-07T10:09:41.749266
https://kaushiklogisticspackers.com/,Failed,Website does not appear to be a valid business website,2026-08-07T10:10:29.406602
https://vrlgroup.in/vrl_logistics_service.aspx,Failed,404 Client Error: Not Found for url: https://vrlgroup.in/vrl_logistics_service.aspx,2026-08-07T10:10:29.962128
http://www.nearbiketransportpune.com/,Failed,"HTTPConnectionPool(host='www.nearbiketransportpune.com', port=80): Max retries exceeded with url: / (Caused by NameResolutionError(""<urllib3.connection.HTTPConnection object at 0x10ca74f30>: Failed to resolve 'www.nearbiketransportpune.com' ([Errno 8] nodename nor servname provided, or not known)""))",2026-08-07T10:10:40.460774
https://trocko.in/,Failed,"HTTPSConnectionPool(host='trocko.in', port=443): Max retries exceeded with url: / (Caused by ConnectTimeoutError(<urllib3.connection.HTTPSConnection object at 0x1131c0910>, 'Connection to trocko.in timed out. (connect timeout=15)'))",2026-08-07T10:12:46.472095
https://www.myspaceship.in/,Failed,"HTTPSConnectionPool(host='www.myspaceship.in', port=443): Max retries exceeded with url: / (Caused by NameResolutionError(""<urllib3.connection.HTTPSConnection object at 0x1131c3610>: Failed to resolve 'www.myspaceship.in' ([Errno 8] nodename nor servname provided, or not known)""))",2026-08-07T10:13:09.206531
http://www.gotour.co.in/,Failed,Website does not appear to be a valid business website,2026-08-07T10:13:12.641944
https://www.indiapost.gov.in/vas/Pages/IndiaPostHome.aspx,Failed,404 Client Error: Not Found for url: https://www.indiapost.gov.in/vas/Pages/IndiaPostHome.aspx,2026-08-07T10:13:27.973609
https://www.urbanrelocationcompany.com/pune/ravet,Failed,404 Client Error: Not Found for url: https://www.urbanrelocationcompany.com/pune/ravet,2026-08-07T10:13:30.125112
http://amazon.in/,Failed,Website does not appear to be a valid business website,2026-08-07T10:13:31.034414
https://sudintravels.in/index,Failed,Website does not appear to be a valid business website,2026-08-07T10:13:53.755289
