LeadId,CompanyName,Website,Headquarters,CitiesServed,Industry,FleetSizePublic,Employees,RevenuePublic,DecisionMakers,LinkedInURL,Email,Phone,CRMTMSUsedPublic,DeliveryVolumePublic,ExistingPODSolution,Notes,CreatedDate
1,#,http://www.couriersjunction.com/tracking.aspx,Saved,,express logistics companies Noida India,,,,,,sales@couriersjunction.com,+919873417106,SAP,,,Source keyword: express logistics companies Noida India | Contact page: mailto:support@courierjunction.in,2026-08-04T05:20:49.193972
2,Relief,http://www.courierinternationalservices.com/,Saved,,courier companies in Bengaluru India,,,,,,info@courierinternationalservices.com,+3403400760,"Salesforce, SAP",,,Source keyword: courier companies in Bengaluru India | Contact page: http://www.courierinternationalservices.com/Enquiry.aspx,2026-08-04T05:20:56.032091
3,Express Air Logistics,https://www.expressairlogistics.in/?utm_source=google&utm_medium=organic&utm_campaign=GMB_Website_logistic+Tracking,Saved,,courier companies in Bengaluru India,,,,Main Logo (CEO),,info@expressairlogistics.in,+3403400760,"Salesforce, SAP",,,Source keyword: courier companies in Bengaluru India | Contact page: https://api.whatsapp.com/send?phone=+91 81979 56549 &text=%0aWelcome to Express Air Logistics!%0aBest International Courier Services in Bangalore.%0aHow can we help you?,2026-08-04T05:23:25.102041
4,The Professional Courier and Cargo Services in Bangalore |Atlant Global,https://www.atlantglobalindia.in/,Saved,the South and East regions of Bengaluru with a strong network of 65 branches strategically located across prime areas of the city,courier companies in Bengaluru India,,,,Roboto Slab (CEO),https://www.linkedin.com/company/atlantglobalindia,connect@atlantglobalindia.com,+917411708958,SAP,,,Source keyword: courier companies in Bengaluru India | Contact page: https://www.atlantglobalindia.in/contact-us/,2026-08-04T05:23:30.032888
5,CCF Express Service,http://www.ccfexpress.com/,Saved,more than 250 countries and territories and connecting markets that comprise more than 90 percent of the world&rsquo;s business with deliver,courier companies in Bengaluru India,,,,,https://www.linkedin.com/company/ccfexpress/,info@ccfexpress.com,+918550044432,SAP,,,Source keyword: courier companies in Bengaluru India | Contact page: http://www.ccfexpress.com/contact-us.html,2026-08-04T05:23:33.121894
6,"Shree Maruti Courier Service Near Me | Kasturi Nagar, Bengaluru",https://nearme.shreemaruti.com/locator/bengaluru/kasturi-nagar/shree-maruti-courier-service-in-kasturi-nagar-bengaluru--6Mjyip/home,Saved,"you again"",""2026-07-27T07:32:40",courier companies in Bengaluru India,,"1,827",,Concept Artist (Founder),https://www.linkedin.com/company/shree-maruti-integrated-logistics-limited/,,+455731455731,SAP,,,Source keyword: courier companies in Bengaluru India | Contact page: https://nearme.shreemaruti.com/locator/bengaluru/kasturi-nagar/shree-maruti-courier-service-in-kasturi-nagar-bengaluru--6Mjyip/enquiry,2026-08-04T05:23:50.200542
7,International Courier Service -  TimeExpress,https://www.timeexpress.in/,Saved,,express logistics companies Mumbai India,,,,,,info@timeexpress.in,+918041229110,SAP,,,Source keyword: express logistics companies Mumbai India | Contact page: tel:+919535503182,2026-08-04T05:24:58.088075
8,Fastway Express | Best International Courier Service in India,http://www.fastwayindia.com/,Saved,"individuals, businesses and global partners",courier companies in Bengaluru India,,,,,https://www.linkedin.com/company/fastway-worldwide-express/,support@fastwayinida.com,+761719216862,SAP,,after 6 months from the date of shipment,Source keyword: courier companies in Bengaluru India | Contact page: https://fastwayindia.com/contact-us/,2026-08-04T05:26:38.275139
9,Home,https://meointernationallogistics.com/,Saved,,express logistics companies Delhi NCR India,,,,,https://www.linkedin.com/company/meo-international-logistics/,info@meointernationallogistics.com,1745043720,SAP,,,Source keyword: express logistics companies Delhi NCR India | Contact page: https://meointernationallogistics.com/contact/,2026-08-04T05:26:45.362089
10,DTDC | India’s Trusted Courier Delivery & Logistics Company,http://dtdc.in/,Saved,,courier companies in Nagpur India,,,,Stories That Move Us (Founder),,,1472182140,SAP,,Mentioned on website,Source keyword: courier companies in Nagpur India | Contact page: http://dtdc.in/,2026-08-04T05:27:12.906233
11,Android App,http://www.shreetirupaticourier.net/,Saved,the Country,courier companies in Jaipur India,,,,Shree Tirupati Courier (Owner),,infosoft_soln@yahoo.co.in,840835764669,SAP,,system which is capable of monitoring all packages through a,Source keyword: courier companies in Jaipur India | Contact page: http://www.shreetirupaticourier.net/franchisee.aspx,2026-08-04T05:28:17.727213
12,Home page,https://unifinitelogistics.com/,,of over thousands of pin codes,courier companies in Bengaluru India,,,,,,info@unifinitelogistics.com,+919035798523,SAP,,,Source keyword: courier companies in Bengaluru India | Contact page: https://unifinitelogistics.com/contact-us/,2026-08-04T05:29:09.277077
13,FedEx JP Nagar | Delhivery Booking Point (PH: 7619102083) - Courier Service,https://fedex-jp-nagar.grexa.site/,Saved,,courier companies in Bengaluru India,,,,,,,148204235729,SAP,,,Source keyword: courier companies in Bengaluru India | Contact page: https://fedex-jp-nagar.grexa.site/contact,2026-08-04T05:29:14.134327
14,Web Counter,http://brvlogistics.com/,Saved,,courier companies in Bengaluru India,,,,,,,08022110190,,,,Source keyword: courier companies in Bengaluru India | Contact page: http://brvlogistics.com/Contact.html,2026-08-04T05:29:15.808830
15,"Shop from India, Ship Worldwide - ShoppRe.com",https://www.shoppre.com/shop-from-india-ship-worldwide?utm_source=google_my_business&utm_medium=organic&utm_campaign=gmb_listing,Saved,,courier companies in Bengaluru India,,,,,,support@shoppre.com,+919880393291,SAP,,,Source keyword: courier companies in Bengaluru India | Contact page: https://www.shoppre.com/shop-from-india-ship-worldwide?utm_source=google_my_business&utm_medium=organic&utm_campaign=gmb_listing,2026-08-04T05:29:22.280581
16,Flyking,http://flyking.in/,Rajat Gupta,,courier companies in Jaipur India,,,,,,support@flyking.co.in,+3403400760,"Salesforce, SAP",,,Source keyword: courier companies in Jaipur India | Contact page: http://flyking.in/ContactUs.aspx,2026-08-04T05:29:24.744167
17,GMS Domestic Services,http://www.gmsworldwide.com/,Saved,ENDS -->,express logistics companies Bengaluru India,,,,,,corp@gmsworldwide.com,+919886848640,SAP,,,Source keyword: express logistics companies Bengaluru India | Contact page: https://www.gmsworldwide.com/contact-us/,2026-08-04T05:29:26.572460
18,DTDC,https://stores.dtdc.com/dtdc-express-ltd-dhantoli-nagpur-dhantoli-ccc-courier-service-dhantoli-nagpur-563478/Home?utm_source=locator&utm_medium=googleplaces,Sanjay Warankar,,courier companies in Nagpur India,,,,,,retail.dhantoli@dtdc.com,+918037681447,SAP,,,Source keyword: courier companies in Nagpur India | Contact page: https://stores.dtdc.com/dtdc-retail-dhantoli-dhantoli-ccc-courier-service-dhantoli-nagpur-563478/Contact-Us,2026-08-04T05:30:19.248697
19,KK Express phone support icon,https://kkexpress.in/,Saved,to 220+ countries</li>,courier companies in Mumbai India,200+,,,,https://www.linkedin.com/company/kkexpresslogistics/,contact@kkexpress.in,+3403400760,"Salesforce, SAP",,,Source keyword: courier companies in Mumbai India | Contact page: mailto:Contact@Kkexpress.in,2026-08-04T05:37:20.488941
20,International Courier Cargo Service Mumbai Maharashtra,https://overseasairfreight.com/,Saved,,express logistics companies Mumbai India,,,,,https://www.linkedin.com/company/overseas-air-freight,info@overseasairfreight.com,+919821458404,SAP,,,Source keyword: express logistics companies Mumbai India | Contact page: https://overseasairfreight.com/enquiry/,2026-08-04T05:37:24.868231
21,Slider,http://www.translinkexp.com/,Saved,,courier companies in Mumbai India,,,,,,enquery@translinkexp.com,+3403400760,"Salesforce, SAP",,(POD) available on request for domestic shipments,Source keyword: courier companies in Mumbai India | Contact page:  https://www.translinkexp.com/Contact-Us,2026-08-04T05:37:29.190386
22,"Best International Courier Service in Mumbai, India - Reliable | Affordable",https://www.parcelchief.in/,Saved,,courier companies in Mumbai India,,,,,https://in.linkedin.com/company/international-parcel-chief,info@parcelchief.in,+919699699048,SAP,,,Source keyword: courier companies in Mumbai India | Contact page: https://www.parcelchief.in/,2026-08-04T05:37:31.233341
23,international courier near me,https://www.uniquecourier.in/,Saved,,courier companies in Mumbai India,,,,,,info@uniqueservice.co.in,+918879663684,SAP,,,Source keyword: courier companies in Mumbai India | Contact page: https://www.uniquecourier.in/contact.php,2026-08-04T05:37:32.514904
24,Sunrise Mumbai,https://sunrisemumbai.com/,Saved,,courier companies in Mumbai India,,50,,,https://www.linkedin.com/company/sunrise-international-courier-cargo,info@sunrisemumbai.com,+917400428880,"Salesforce, SAP",,,Source keyword: courier companies in Mumbai India | Contact page: https://sunrisemumbai.com/contact-us,2026-08-04T05:37:38.831746
25,banner1,https://www.airinternationalcourier.com/?utm_source=google_profile&utm_campaign=localo&utm_medium=mainlink,Saved,up to a certain value,courier companies in Mumbai India,,,,,https://www.linkedin.com/company/airintlcourier/,info@airinternationalcourier.com,+917738210917,SAP,,) will be available on request,Source keyword: courier companies in Mumbai India | Contact page: https://www.airinternationalcourier.com/Contact_us.aspx,2026-08-04T05:37:39.947550
26,.trashed-1717840374-CSM BW1,http://www.courierservicemumbai.in/,Saved,,courier companies in Mumbai India,,,,,,help@courierservicemumbai.in,+919820896060,SAP,,,Source keyword: courier companies in Mumbai India | Contact page: https://courierservicemumbai.in/home-2/,2026-08-04T05:37:45.136118
27,City International Courier | International Courier Services in Mumbai India,https://www.cityinternationalcourier.com/,Saved,,courier companies in Mumbai India,,,,,,couriercityinternational@gmail.com,+275050275050,SAP,,,Source keyword: courier companies in Mumbai India | Contact page: https://cityinternationalcourier.com/contact-us/,2026-08-04T05:38:38.933784
28,Air Express Courier & Cargo,http://www.airexpresscargo.in/,Saved,,courier companies in Mumbai India,,,,,,info@airexpresscargo.in,+919022563806,SAP,,system which is capable of monitoring all,Source keyword: courier companies in Mumbai India | Contact page: http://www.airexpresscargo.in/contact-us.aspx,2026-08-04T05:39:32.658476
29,"Raj courier & cargo services - Courier Service in Andheri East, Mumbai",https://raj-courier-cargo.grexa.site/,Saved,,courier companies in Mumbai India,,,,,,,+917666196031,SAP,,,Source keyword: courier companies in Mumbai India | Contact page: https://raj-courier-cargo.grexa.site/contact,2026-08-04T05:39:35.293916
30,ST International Courier | International Courier Service Mumbai India,https://stinternationalcourier.com/,Restaurants,"customers across Mumbai &amp; India<br data-start=""616"" data-end=""619"" />✅ Fastest &amp; Safest Delivery – Express &amp; economy shipping op",courier companies in Mumbai India,,,,,https://www.linkedin.com/company/st-international-courier,stinternationalcourier@yahoo.com,+3403400760,"Salesforce, SAP",,,Source keyword: courier companies in Mumbai India | Contact page: https://stinternationalcourier.com/contact-us/,2026-08-04T05:39:38.660359
31,Ocean-Gate-Cargo-Courier,https://apollointlcouriers.com/,Saved,,courier companies in Mumbai India,,,,,,apollointernationalcouriers@gmail.com,+917208342452,SAP,,,Source keyword: courier companies in Mumbai India | Contact page: https://apollointlcouriers.com/contact-us.html,2026-08-04T05:39:49.831104
32,Full Truck Load Service Provider | Goods Transport Services | Best Courier Services | India-New Western Carrier,https://www.newwesterncarrier.in/,Saved,"clients predominantly in Western India for over 45 years by providing efficient and economical transportation services which are safe, on-ti",courier companies in Mumbai India,,100+,,,https://www.linkedin.com/company/new-western-carrier,customercare@newwesterncarrier.in,+918605009141,"Salesforce, SAP",,,Source keyword: courier companies in Mumbai India | Contact page: https://www.newwesterncarrier.in/contact-us/,2026-08-04T05:39:52.462513
33,tradelinkinternational,http://tradelinkinternational.co.in/,Saved,to major cities in nearly every country worldwide,courier companies in Mumbai India,,,,,https://www.linkedin.com/company/trade-link-courier/,info@tradelinkinternational.co.in,+2616769217,SAP,,,Source keyword: courier companies in Mumbai India | Contact page: http://tradelinkinternational.co.in/contact,2026-08-04T05:39:59.365509
34,SCC,http://www.samruddhicourier.com/,Saved,"major global lanes (US, UK, Europe, Middle East, APAC)",courier companies in Mumbai India,,,,,https://www.linkedin.com/company/samruddhi-courier-cargo/,samruddhicouriercargo@gmail.com,+919876543210,SAP,,and final status in your tracking,Source keyword: courier companies in Mumbai India | Contact page: http://www.samruddhicourier.com/contact.php,2026-08-04T05:42:23.813210
35,Image,http://www.unitedworldwideexpress.com/,Restaurants,,express logistics companies Gurugram India,,,,,https://www.linkedin.com/company/pannest-integrated-services-pvt-ltd/,service@unitedworldwideexpress.com,+12323235324,,,,Source keyword: express logistics companies Gurugram India | Contact page: http://www.unitedworldwideexpress.com/#section-contact,2026-08-04T05:42:25.286542
36,One Express,http://www.oneexpress.in/,Saved,,courier companies in Mumbai India,,,,,,info@oneexpress.in,+917666310634,SAP,,,Source keyword: courier companies in Mumbai India | Contact page: http://www.oneexpress.in/contact-us.html,2026-08-04T05:42:26.848453
37,International Courier Services in India  | Global India Express,https://www.globalindiaexpress.com/,Saved,and a suitable delivery estimate,courier companies in Delhi NCR India,,,,,,info@globalindiaexpress.com,+911141785200,SAP,,,Source keyword: courier companies in Delhi NCR India | Contact page: https://www.globalindiaexpress.com/dhl-fedex.php,2026-08-04T05:52:51.933907
38,Skyline Couriers,https://skylinecourier.in/,Saved,<strong>Delhi NCR</strong> with a wide International network,courier companies in Delhi NCR India,,,,,,info@skylinecourier.in,+917011137802,SAP,,,Source keyword: courier companies in Delhi NCR India | Contact page: https://skylinecourier.in/#section-contact-us,2026-08-04T05:56:08.064772
39,NCRCouriers,http://ncrcouriers.in/,Saved,,courier companies in Delhi NCR India,,,,,,,+919210209709,SAP,,,Source keyword: courier companies in Delhi NCR India | Contact page: https://ncrcouriers.in/#contact,2026-08-04T05:56:10.523628
40,Vandana International Courier,https://sites.google.com/view/vandana-international/home,Saved,,courier companies in Delhi NCR India,,,,,,vandanainternational1@email.com,+0000026843,SAP,,,Source keyword: courier companies in Delhi NCR India | Contact page: https://sites.google.com/view/vandana-international/contact-us,2026-08-04T05:56:13.216728
41,International Courier Services in Delhi | TechnoZing Express,http://technozingexpress.com/,Saved,</h3>,courier companies in Delhi NCR India,,,,,,info@technozing.com,+2645741339,SAP,,,Source keyword: courier companies in Delhi NCR India | Contact page: https://technozingexpress.com/contact/,2026-08-04T05:56:17.225517
42,International Courier Services In Noida,https://www.internationalcourierservices.org/,Saved,,courier companies in Delhi NCR India,,,,,,info@ddlogistic.com,+3403400760,"Salesforce, SAP",,,Source keyword: courier companies in Delhi NCR India | Contact page: https://www.internationalcourierservices.org/contact.html,2026-08-04T05:56:20.201078
43,CourierVia,http://couriervia.com/,Saved,in NCR -->,courier companies in Delhi NCR India,,,,Madhu Satija (Managing Director),https://www.linkedin.com/company/couriervia,info@couriervia.com,+917861011111,"Salesforce, SAP",,,Source keyword: courier companies in Delhi NCR India | Contact page: http://couriervia.com/#contact,2026-08-04T05:56:30.137197
44,images not found,https://www.doortodoorlogistic.in/,Saved,,courier companies in Delhi NCR India,,,,,,info@doortodoorlogistic.in,+919289322684,SAP,,,Source keyword: courier companies in Delhi NCR India | Contact page: https://www.doortodoorlogistic.in/contact-us,2026-08-04T05:56:34.072312
45,Msdinternationalservices,https://www.msdinternationalservices.com/,,"the heart of Delhi, our commitment to excellence guarantees the safe and timely delivery of your food items",courier companies in Delhi NCR India,,,,,,madinternationalservice@gmail.com%20,+918700417300,SAP,,,Source keyword: courier companies in Delhi NCR India | Contact page: https://msdinternationalservices.com/contact/,2026-08-04T05:56:45.558077
46,International Courier Services Provider in Delhi | Parcel Services,https://www.dtinternational.in/,Saved,,courier companies in Delhi NCR India,,,,,https://www.linkedin.com/company/d-t-international,sale@dtinternational.in,+918447948865,"Salesforce, SAP",,,Source keyword: courier companies in Delhi NCR India | Contact page: https://www.dtinternational.in/contact.php,2026-08-04T05:56:47.844742
47,"Rose Courier Services - Courier Service in Shastri Park, Delhi",https://rose-courier-services.grexa.site/,Saved,,courier companies in Delhi NCR India,,,,,,,+917503935300,SAP,,,Source keyword: courier companies in Delhi NCR India | Contact page: https://rose-courier-services.grexa.site/contact,2026-08-04T05:56:50.804930
48,KM CARGO,https://www.kmcargoservices.com/,Saved,,courier companies in Delhi NCR India,,,,,https://in.linkedin.com/in/km-cargo-and-courier-services-575a5a55,info@kmcargoservices.com,+919999500751,"Salesforce, Zoho, SAP",,,Source keyword: courier companies in Delhi NCR India | Contact page: https://www.kmcargoservices.com/Contact-Us.asp,2026-08-04T05:56:54.184940
49,Courier Services Noida,http://www.courierservicesnoida.com/,,,courier companies in Delhi NCR India,,,,,,sumitbalaji2@gmail.com,+9891907261,,,,Source keyword: courier companies in Delhi NCR India | Contact page: http://www.courierservicesnoida.com/contact.php,2026-08-04T05:56:57.423644
50,Courier service in dwarka | Reliable Courier Services,https://www.reliablecourierservice.in/,Saved,"Pepfuels"">",courier companies in Delhi NCR India,,,,,https://www.linkedin.com/company/reliable-courier-services/?viewAsMember=true,info@reliablecourierservice.in,+3403400760,"Salesforce, SAP",,,Source keyword: courier companies in Delhi NCR India | Contact page: https://www.reliablecourierservice.in/contactus.php,2026-08-04T05:56:59.307175
51,Share on WhatsApp,https://wa.me/9649919930,Saved,,express logistics companies Delhi NCR India,,,,,,,+3403400760,"Salesforce, SAP",,,Source keyword: express logistics companies Delhi NCR India | Contact page: https://faq.whatsapp.com/,2026-08-04T05:57:04.658020
52,Call Us,https://balajicourier.com/,Saved,"across all major metropolitan cities such as <strong>Delhi, Mumbai, Chennai, Kolkata, Hyderabad, Pune, Noida and Gurgaon",courier companies in Delhi NCR India,,,,,,info@balajicourier.com,+919540111188,SAP,,,Source keyword: courier companies in Delhi NCR India | Contact page: https://balajicourier.com/contactus.html,2026-08-04T05:57:08.664121
53,Couriers24x7,https://www.couriers24x7.com/,Saved,your specific destination country,courier companies in Delhi NCR India,,,,,https://www.linkedin.com/in/courier-medicine-004775358/,couriers24x7@gmail.com,+919211363777,SAP,,,Source keyword: courier companies in Delhi NCR India | Contact page: https://couriers24x7.com/contact.php,2026-08-04T05:57:10.182163
54,Taj Express | Courier & Logistics Services,https://www.tajxpress.com/,Saved,,courier companies in Delhi NCR India,,,,,,tajexpresscourier@gmail.com,+2616760833,SAP,,Mentioned on website,Source keyword: courier companies in Delhi NCR India | Contact page: https://www.tajxpress.com/#contact,2026-08-04T05:57:16.923584
55,Blue Dart-DHL Relationship - Bluedart,https://www.bluedart.com/blue-dart-dhl-relationship,Saved,with an in-depth understanding of local markets,courier companies in Delhi NCR India,6,"10,501",,,https://www.linkedin.com/company/bluedart/,feedback@bluedart.com,+918046611234,SAP,,</strong>,Source keyword: courier companies in Delhi NCR India | Contact page: https://www.bluedart.com/contact-us,2026-08-04T05:57:46.078620
56,Los Angeles,http://royalcouriers.com/,Saved,the customer with reliable and professional manner,courier companies in Delhi NCR India,,,,,,mumbai@royalcargoonline.com,+919020580000,,,,Source keyword: courier companies in Delhi NCR India | Contact page: http://royalcouriers.com/contact.php,2026-08-04T05:57:51.423064
57,download (8),http://www.flightdespatch.co.in/,Saved,</p>,courier companies in Delhi NCR India,,,,,https://www.linkedin.com/company/flight-despatch-courier-cargo-india/,contact@flightdespatch.in,+2616760833,SAP,,(POD) and system-driven invoicing </span>,Source keyword: courier companies in Delhi NCR India | Contact page: https://flightdespatch.in/contact-us/,2026-08-04T05:58:05.898777
58,MedsCourier,https://medscourier.com/,Saved,<strong>since 2015</strong> in international medicine shipping from India,courier companies in Delhi NCR India,,,,,https://www.linkedin.com/company/medscourier-international-medicine-courier-from-india/,info@medscourier.com,+3403400760,"Salesforce, SAP",,,Source keyword: courier companies in Delhi NCR India | Contact page: https://medscourier.com/contact.html,2026-08-04T05:58:14.695236
59,Mr.Rajesh Sehgal,https://stcourier.com/,Restaurants,our customers 24/7,courier companies in Kochi India,,,,,https://in.linkedin.com/company/st-courier,helpdesk@stcourier.com,04461266666,,,,Source keyword: courier companies in Kochi India | Contact page: https://stcourier.com/franchise-enquiry,2026-08-04T05:58:18.355044
60,Category Banner,https://www.wescouriers.co.in/,Saved,a niche client for the last 2 decades,courier companies in Delhi NCR India,,,,,,abinternational2k16@gmail.com,+918860116390,SAP,,,Source keyword: courier companies in Delhi NCR India | Contact page: https://www.wescouriers.co.in/contact-us,2026-08-04T05:59:09.955348
61,Back To Top,https://ocs-india.co/,Saved,,courier companies in Delhi NCR India,,,,,,ocsjaipur@ocs-india.com,+919999167795,,,,Source keyword: courier companies in Delhi NCR India | Contact page: http://43.241.36.19:82,2026-08-04T05:59:24.350431
62,Best Courier Service in Delhi/NCR,https://www.shipmiles.com/,,you better,courier companies in Delhi NCR India,,,,,https://www.linkedin.com/company/shipmiles/about/?viewAsMember=true,support@shipmiles.com,+918860568430,"Salesforce, SAP",,,Source keyword: courier companies in Delhi NCR India | Contact page: mailto:support@shipmiles.com,2026-08-04T05:59:29.264238
63,UNIQUE,http://uaec.in/,Saved,,courier companies in Delhi NCR India,,,,,,info@uaec.in,+911145143118,SAP,,,Source keyword: courier companies in Delhi NCR India | Contact page: https://uaec.in/web/about-us/incredible-support/,2026-08-04T05:59:33.954530
64,Delhi Cargo Courier Services,https://delhicargocourierservices.com/,Saved,,courier companies in Delhi NCR India,,,,,,info@delhicargocourierservices.com,+919811678196,SAP,,,Source keyword: courier companies in Delhi NCR India | Contact page: tel:+9891201454,2026-08-04T05:59:35.983226
65,banner,https://cslindia.net/,Restaurants,,courier companies in Kochi India,,,,,https://www.linkedin.com/company/consolidated-shipping-line/,cok@cslindia.net,+910484665610,,,,Source keyword: courier companies in Kochi India | Contact page: https://cslindia.net/contact,2026-08-04T05:59:39.107505
66,Cheap International Courier Services,https://www.cheapinternationalcouriers.in/,Saved,,courier companies in Delhi NCR India,,,,,,shriramworldwidecourier@gmail.com,+917048943144,SAP,,,Source keyword: courier companies in Delhi NCR India | Contact page: https://www.cheapinternationalcouriers.in/contact.html,2026-08-04T05:59:40.807427
67,item,http://aashirwadlogistics.com/,Saved,,courier companies in Delhi NCR India,,,,Niranjan Mishra (Founder),,,7011237133,SAP,,,Source keyword: courier companies in Delhi NCR India | Contact page: http://aashirwadlogistics.com/contact.php,2026-08-04T05:59:45.198380
68,Aryawarta Services Packers and Movers Delhi And Patna Trusted Movers,http://aryawartaservices.com/,Saved,,courier companies in Delhi NCR India,,,,,,info@kushwahapackers.com,+3403400760,"Salesforce, SAP",,,Source keyword: courier companies in Delhi NCR India | Contact page: https://aryawartaservices.com/contact-us/,2026-08-04T06:00:34.543870
69,Best courier services near me in Delhi Gurgaon,http://www.trackonexpress.com/,Saved,"and budget-friendly prices make us the air, surface and train courier & cargo delivery partner you can count on, for your domestic courier a",courier companies in Delhi NCR India,,,,,https://www.linkedin.com/in/Trackon-express,info@trackonexpress.com,+919811185123,SAP,,"<b style=""color:#000;background:#ffff66"">Trackon Express</b> has your courier",Source keyword: courier companies in Delhi NCR India | Contact page: http://www.trackonexpress.com/contactus.html,2026-08-04T06:00:37.694184
70,01,https://www.globalindialogistics.com/,Saved,India and overseas,courier companies in Gurugram India,,,,,,info@globalindialogistics.com,+919971082689,,,,Source keyword: courier companies in Gurugram India | Contact page: https://www.globalindialogistics.com/Home/Contact,2026-08-04T06:13:46.520201
71,Air World Express,http://www.airworldexpress.co.in/,Saved,,courier companies in Gurugram India,,,,,,info@airworldexpress.co.in,+919582426263,SAP,,,Source keyword: courier companies in Gurugram India | Contact page: http://www.airworldexpress.co.in/contact-us.php,2026-08-04T06:14:04.811571
72,Domestic Courier Services in Gurgaon near Sector 45,https://thepcs.in/,Saved,"<i class=""las la-angle-down""></i></a>",courier companies in Gurugram India,,,,,,support@thepcs.in,+917042473222,"Salesforce, SAP",,on demand,Source keyword: courier companies in Gurugram India | Contact page: https://thepcs.in/contact.html,2026-08-04T06:14:11.748326
73,"DTDC Courier Sector 39 - Courier Service in Sector 39, Gurugram",https://dtdc-courier-sector.grexa.site/,Saved,,courier companies in Gurugram India,,,,,,,+919625887808,SAP,,,Source keyword: courier companies in Gurugram India | Contact page: https://dtdc-courier-sector.grexa.site/contact,2026-08-04T06:14:14.287959
74,"COURIER SERVICE - Courier Service in Sector 17, Gurugram",https://courier-service.grexa.site/,Saved,,courier companies in Gurugram India,,,,,,,+917011619869,SAP,,,Source keyword: courier companies in Gurugram India | Contact page: https://courier-service.grexa.site/contact,2026-08-04T06:14:23.218480
75,USA,https://wielogistics.com/,Saved,an increasingly interconnected world,courier companies in Gurugram India,,,,,,sales@worldindiaexpress.com,+3403400760,"Salesforce, SAP",,,Source keyword: courier companies in Gurugram India | Contact page: https://wielogistics.com/,2026-08-04T06:14:43.922441
76,Courier Services in Gurgaon Near Me - Gurgaon Courier Service,https://www.risingsunlogistics.com/contact-us/,Saved,,courier companies in Gurugram India,,,,,,jitender@risingsunlogistics.com,+911244957090,SAP,,,Source keyword: courier companies in Gurugram India | Contact page: https://risingsunlogistics.com/contact-us/,2026-08-04T06:14:45.836871
77,Shiprocket: Your All-in-One eCommerce Growth Partner,https://www.shiprocket.in/,Saved,"19,000+ unique pin codes nationwide and reach over 220+",courier companies in Gurugram India,,,,,https://in.linkedin.com/company/shiprocket,,+918879758863,"Zoho, SAP",,,Source keyword: courier companies in Gurugram India | Contact page: https://www.shiprocket.in/capital/,2026-08-04T06:14:48.651668
78,Raghav International,https://raghavintl.com/,Saved,,courier companies in Gurugram India,,,,,https://www.linkedin.com/in/raghav-international-07ab54307/,info@raghavintl.com,+919818357478,SAP,,,Source keyword: courier companies in Gurugram India | Contact page: https://raghavintl.com/contact.php,2026-08-04T06:14:51.062297
79,VS Global,https://vsglobal.co.in/,Saved,,courier companies in Gurugram India,,,,Rajesh Chauhan (Owner),https://www.linkedin.com/company/vs-global-logistics/,,+919971914224,"Salesforce, SAP",,Mentioned on website,Source keyword: courier companies in Gurugram India | Contact page: https://vsglobal.co.in/,2026-08-04T06:15:03.805655
80,Box Courier Service,https://www.boxcourierservice.com/,Saved,Areas</h5>,courier companies in Gurugram India,,,,,https://www.linkedin.com/company/box-courier-service-since-1985/,info@boxcourierservice.com,+919053159135,SAP,,confirmation</li></ul>,Source keyword: courier companies in Gurugram India | Contact page: https://boxcourierservice.com/contacts,2026-08-04T06:15:07.192005
81,Dot Time Deliveries,https://dottimedeliveries.com/,Saved,,courier companies in Gurugram India,,,,,,,+919310707098,SAP,,,Source keyword: courier companies in Gurugram India | Contact page: https://dottimedeliveries.com/contact-us,2026-08-04T06:15:09.046875
82,image-removebg-preview (89),https://lazership.in/,Saved,,courier companies in Gurugram India,,,,,,info@lazership.in,+919717191719,SAP,,,Source keyword: courier companies in Gurugram India | Contact page: https://lazership.in/contact-us/,2026-08-04T06:15:16.632939
83,"Shree Maruti Courier Service Near Me | Vyttila, Kochi",https://nearme.shreemaruti.com/shree-maruti/stores-in-kochi/stores-in-Vyttila/shree-maruti-courier-service-in-Vyttila-kochi--76huRG/home,Sangeetha Gopalakrishnan,"you again!"",""2026-06-20T17:25:56",courier companies in Kochi India,,,,,https://www.linkedin.com/company/shree-maruti-integrated-logistics-limited/,customercare@shreemaruti.com,+492308492308,SAP,,,Source keyword: courier companies in Kochi India | Contact page: https://nearme.shreemaruti.com/locator/kochi/vyttila/shree-maruti-courier-service-in-vyttila-kochi--76huRG/enquiry,2026-08-04T06:15:26.284604
84,Allcargo Logistics,https://www.allcargologistics.com/,Saved,profitability,courier companies in Gurugram India,300,,,Business Inquiries (Director),https://www.linkedin.com/company/allcargogati/,customerservices@allcargologistics.com,4370261425,"Salesforce, Zoho, SAP, Oracle",,"(POD) accuracy using Machine Learning, and established a centralized Control Tow",Source keyword: courier companies in Gurugram India | Contact page: https://www.allcargologistics.com/contact-us,2026-08-04T06:16:06.037532
85,"Jmd express Trackon Couriers - Courier Service in Gurugram - Courier Service in Patel Nagar, Gurugram",https://jmd-express-trackon.grexa.site/,Saved,,courier companies in Gurugram India,,,,,,,+918800272526,SAP,,,Source keyword: courier companies in Gurugram India | Contact page: https://jmd-express-trackon.grexa.site/contact,2026-08-04T06:16:08.607279
86,Truck delivery illustration,http://kartikinternational.com/,Restaurants,,courier companies in Noida India,,,,,,kartikinternationalnoida@gmail.com,+5546487244,SAP,,,Source keyword: courier companies in Noida India | Contact page: http://kartikinternational.com/contact.html,2026-08-04T06:16:29.352668
87,Dtdc Courier Booking - Courier Service,https://dtdc-courier-booking.grexa.site/,Saved,,courier companies in Gurugram India,,,,,,,183597407888,SAP,,,Source keyword: courier companies in Gurugram India | Contact page: https://dtdc-courier-booking.grexa.site/contact,2026-08-04T06:17:17.087027
88,Blue Dart Express Limited- India’s Most Innovative and Awarded Express logistics company. - Bluedart,https://www.bluedart.com/,"""Best courier service",,courier companies in Gurugram India,,"10,501",,,https://www.linkedin.com/company/bluedart/,communications@bluedart.com,+918046611234,SAP,,</strong>,Source keyword: courier companies in Gurugram India | Contact page: https://www.bluedart.com/contact-us,2026-08-04T06:19:07.873611
89,Sehdev Packers & Movers Pvt Ltd,https://www.sehdevpackers.com/,Saved,"from local cities to national and are working as top Packers and Movers in Gurgaon, <a href=""https://www",courier companies in Gurugram India,,,,,https://in.linkedin.com/company/sehdevpackersandmovers,info@sehdevpackers.com,+3403400760,"Salesforce, SAP, Oracle",,,Source keyword: courier companies in Gurugram India | Contact page: https://www.sehdevpackers.com/contact-us,2026-08-04T06:19:11.125742
90,Indian Cargo  Packers And Movers,https://indiancargopackersmovers.in/,Saved,its valued clients in Delhi,courier companies in Gurugram India,,,,,https://www.linkedin.com/company/indiacargopackersdelhi/,indiancpm011@gmail.com,+918307721120,SAP,,,Source keyword: courier companies in Gurugram India | Contact page: https://indiancargopackersmovers.in/contact.html,2026-08-04T06:19:12.552319
91,eCommerce Shipping and Courier Aggregator in India – NimbusPost,https://nimbuspost.com/,Saved,as far as 300 km from the hub,courier companies in Gurugram India,,,,More Results (Owner),https://www.linkedin.com/company/nimbus-post,escalationteam@nimbuspost.com,+911234567890,SAP,,,Source keyword: courier companies in Gurugram India | Contact page: https://nimbuspost.com/contact-us/,2026-08-04T06:19:37.516501
92,Indrapuri Express Courier Services,http://www.indrapuricourier.com/,Saved,"in 6 continents, 192 countries and more",courier companies in Gurugram India,,,,,,,+919250093884,,,,Source keyword: courier companies in Gurugram India | Contact page: http://www.indrapuricourier.com/ContactUs.aspx,2026-08-04T06:19:38.375873
93,"D2D Express Pvt Ltd - Delivering Excellence, One Parcel at a Time",https://d2dexpressgo.com/,Saved,– Seamless door-to-door service in India and over 200 global destinations,courier companies in Gurugram India,,,,,https://www.linkedin.com/company/d2d-express-private-limited/,customersupport@d2dexpressgo.com,+919582181010,SAP,,,Source keyword: courier companies in Gurugram India | Contact page: https://d2dexpressgo.com/contact/,2026-08-04T06:21:20.007367
94,Home - Gati Safe Express Packers And Movers,https://gatipackermover.in/,Saved,,courier companies in Noida India,,,,Work Sans (CEO),,info@gatipackermover.in,+917200092049,SAP,,,Source keyword: courier companies in Noida India | Contact page: https://gatipackermover.in/contact-us/,2026-08-04T06:30:32.593578
95,Google's products and services,https://www.google.co.in/intl/en/about/products?tab=lh,Restaurants,,express logistics companies Gurugram India,,,,No Genie (CEO),,asxvmprobertest@gmail.com,+4014003013,"Salesforce, SAP",,,Source keyword: express logistics companies Gurugram India | Contact page: https://support.google.com/?utm_source=about.google&utm_medium=referral&utm_campaign=productspage,2026-08-04T06:30:37.480063
96,icon-not-found,https://www.multiplecourierservices.in/,Restaurants,,courier companies in Noida India,,,,,,multiplecouriers01@gmail.com,8383871422,,,,Source keyword: courier companies in Noida India | Contact page: https://www.multiplecourierservices.in/#contact,2026-08-04T06:31:23.808838
97,"Shree Maruti Courier Service Near Me | Chauhanpur, Greater Noida",https://nearme.shreemaruti.com/locator/greater-noida/Chauhanpur/shree-maruti-courier-service-in-Chauhanpur-greater-noida--6keqoi/home,Restaurants,,courier companies in Noida India,,,,,https://www.linkedin.com/company/shree-maruti-integrated-logistics-limited/,,+492308492308,SAP,,,Source keyword: courier companies in Noida India | Contact page: https://nearme.shreemaruti.com/locator/greater-noida/chauhanpur/shree-maruti-courier-service-in-chauhanpur-greater-noida--6keqoi/enquiry,2026-08-04T06:31:41.705010
98,img,https://gaintlogistic.com/,Saved,,express logistics companies Delhi NCR India,,,,,,care@gaintlogistic.com,1784890042,SAP,,,Source keyword: express logistics companies Delhi NCR India | Contact page: https://gaintlogistic.com/,2026-08-04T06:31:45.086611
99,Managed Relocation & Logistics Services | Varma Logistics | Varma Logistics,http://www.varmalogistics.com/,Restaurants,,courier companies in Noida India,,,,,,info@varmalogistics.com,+918920131094,SAP,,,Source keyword: courier companies in Noida India | Contact page: http://www.varmalogistics.com/contact,2026-08-04T06:31:55.635334
100,best website builder,https://shrijaishaniexpresscourier.in/,Restaurants,you!</span></p>,courier companies in Noida India,,,,,,,+919540520902,SAP,,,Source keyword: courier companies in Noida India | Contact page: https://shrijaishaniexpresscourier.in/page/contact-us,2026-08-04T06:32:03.601659
101,"Trackon Courier - Courier Service in Sector 4, Greater Noida, Ghaziabad",https://trackon-courier-gaur.grexa.site/,Restaurants,,courier companies in Noida India,,,,,,,+917042573480,SAP,,,Source keyword: courier companies in Noida India | Contact page: https://trackon-courier-gaur.grexa.site/contact,2026-08-04T06:32:06.187281
102,Aparna Enterprises,https://aparnaentp.in/,Restaurants,and international reach,courier companies in Noida India,,,,,,info@aparnaentp.in,+919650230480,SAP,,", in four tracked stages",Source keyword: courier companies in Noida India | Contact page: https://aparnaentp.in/contact,2026-08-04T06:32:53.295106
103,Truck,http://www.worthcartindia.com/,Restaurants,,courier companies in Noida India,,,,,,exim@worthcartindia.com,+18001234567,,,,Source keyword: courier companies in Noida India | Contact page: http://www.worthcartindia.com/contact.html,2026-08-04T06:32:55.247491
104,noida packers movers,https://noidapackermover.online/,Restaurants,"all major locations in Noida, Greater Noida, Ghaziabad, Delhi NCR, and nearby cities with fast and professional warehouse shifting services",courier companies in Noida India,,,,,,infonoidapackersmovers@email.com,+3403400760,"Salesforce, SAP",,,Source keyword: courier companies in Noida India | Contact page: https://noidapackermover.online/contact-2/,2026-08-04T06:32:59.441662
105,speeddeskcouriers.in,http://www.speeddeskcouriers.in/,Restaurants,,courier companies in Noida India,,,,,,,,,,,Source keyword: courier companies in Noida India,2026-08-04T06:33:08.509196
106,image,https://www.vrlpackersmoverss.in/,Restaurants,,courier companies in Noida India,,,,,,info@vrlpackersmoverss.in,+919901546907,"Salesforce, SAP",,,Source keyword: courier companies in Noida India | Contact page: https://www.vrlpackersmoverss.in/#enquiry,2026-08-04T06:33:55.355706
107,Eagle Packers and Movers,https://eaglepacker.com/packers-and-movers-in-noida/,Restaurants,to give you total peace of mind,courier companies in Noida India,,,,,https://www.linkedin.com/in/eagle-packers-and-movers-052203382/,info@eaglepacker.com,+919960727272,SAP,,,Source keyword: courier companies in Noida India | Contact page: https://eaglepacker.com/contacts,2026-08-04T06:33:57.347842
108,Packers and Movers in Gurugram | DTC Packers and Movers,http://www.dtcargopackers.com/,Restaurants,for Shifting </span>,courier companies in Noida India,,,,,,info@dtcargopackers.com,+810101249997,SAP,,,Source keyword: courier companies in Noida India | Contact page: https://dtcargopackers.com/contact-dtc-packers-and-movers-in-gurugram/,2026-08-04T06:34:04.610522
109,"Noida Packers & Movers - Packers and Movers in Noida,Delhi,Ghaziabad",http://www.noidapackersmovers.in/,Restaurants,,courier companies in Noida India,,,,,https://www.linkedin.com/in/noida-packers-movers-6925b81bb/,sales.npmmoving@gmail.com,+3403400760,"Salesforce, SAP",,,Source keyword: courier companies in Noida India | Contact page: https://www.noidapackersmovers.in/contact-us,2026-08-04T06:34:17.178511
110,Cline Photo,http://www.worldfirst.in/,Saved,over 1000 Pin Code destinations across Andhra Pradesh & Telangana States,courier companies in Hyderabad India,,,,,,info@worldfirst.in,+15105099587,SAP,,,Source keyword: courier companies in Hyderabad India | Contact page: http://www.worldfirst.in/ContactUs.aspx,2026-08-04T06:42:44.058039
111,JustXpress Worldwide place picture,http://www.justxpress.in/,Saved,,courier companies in Hyderabad India,,,,,,info@justxpress.in,+713496713496,SAP,,,Source keyword: courier companies in Hyderabad India | Contact page: https://justxpress.in/customer-support/,2026-08-04T06:43:01.312738
112,bg-image,http://www.zoom4couriers.com/,Saved,,courier companies in Hyderabad India,,,,,,info@zoom4couriers.com,+919700481445,SAP,,,Source keyword: courier companies in Hyderabad India | Contact page: tel:Sales+919052144775,2026-08-04T06:43:10.147755
113,Vasant Couriers | Reliable International & Domestic Courier Service in Hyderabad,http://www.vasantcouriers.in/,Saved,,courier companies in Hyderabad India,,,,,,info@vasantcouriers.in,+919391445005,SAP,,,Source keyword: courier companies in Hyderabad India | Contact page: http://www.vasantcouriers.in/contact.php,2026-08-04T06:43:13.192568
114,KSR Shipping Services - Best Courier Services Hyderabad,http://ksrshipping.com/,Saved,is included for all shipments,courier companies in Hyderabad India,,,,,,ksrshippingservice@gmail.com,+919912014267,SAP,,,Source keyword: courier companies in Hyderabad India | Contact page: http://ksrshipping.com/support,2026-08-04T06:43:20.461684
115,Vamshi International Couriers - Ship from India to USA & Worldwide,https://www.vamshicouriers.com/,Saved,,courier companies in Hyderabad India,,,,,,,,,,,Source keyword: courier companies in Hyderabad India,2026-08-04T06:43:23.925408
116,Star International Courier,http://www.starinternationalcourier.com/,Saved,and careful handling for every type of shipment</p>,courier companies in Hyderabad India,,,,Star International Courier (Founder),,info@starinternationalcourier.com,+919100983748,"Salesforce, SAP",,</h3>,Source keyword: courier companies in Hyderabad India | Contact page: https://starinternationalcourier.com/contact.php,2026-08-04T06:43:33.047363
117,Courier service Hyderabad at affordable price - worldwide,https://sxcourier.in/,Saved,extending to major cites throughout India,courier companies in Hyderabad India,,,,,,,+12195471225016,SAP,,,Source keyword: courier companies in Hyderabad India | Contact page: https://sxcourier.in/contact-us/,2026-08-04T06:43:35.190098
118,Bag,https://avaanexcess.com/,Saved,,courier companies in Hyderabad India,,,,,https://www.linkedin.com/company/71634995/,customerservice@avaanexcess.com,+2480523486,SAP,,,Source keyword: courier companies in Hyderabad India | Contact page: tel:08069405400,2026-08-04T06:44:31.709527
119,Loading,http://www.tashitransportpackersmovers.com/,Saved,,courier companies in Indore India,,,,,https://www.linkedin.com/company/tashi-packers-movers/,tashicompany.bhopal@gmail.com%20,+919755830829,SAP,,,Source keyword: courier companies in Indore India | Contact page: https://tashitransportpackersmovers.com/contact-us/,2026-08-04T06:44:37.039757
120,VK Logistics Hub,http://www.vklogisticshub.com/,Saved,,courier companies in Hyderabad India,,,,,,info@vklogisticshub.com,+447823752594,SAP,,,Source keyword: courier companies in Hyderabad India | Contact page: http://www.vklogisticshub.com/contact-vk-logistics-hub.html,2026-08-04T06:45:29.119263
121,HOME - AEROFAST INTERNATIONAL,https://aerofastinternational.com/,Saved,,courier companies in Hyderabad India,,,,,https://www.linkedin.com/in/aerofastcourier-undefined-baa5032b6/,aerofastcourier@gmail.com,+919110756483,SAP,,,Source keyword: courier companies in Hyderabad India | Contact page: https://aerofastinternational.com/contact/,2026-08-04T06:45:30.817020
122,ICL Express - Your Trusted Shipping Partner|Courier Services,https://iclexpress.in/,Restaurants,for efficient and reliable shipping across regions,courier companies in Nagpur India,,,,,https://www.linkedin.com/company/icl-couriers-logistics/,info@iclexpress.in,+17627777716,SAP,,(POD) provided online,Source keyword: courier companies in Nagpur India | Contact page: https://iclexpress.in/contact/,2026-08-04T06:46:23.138450
123,Parcel Line Express India - International Express | Freight | Courier services | Hyderabad | India,http://www.parcellineexpress.com/,Saved,in India </p> </div>,courier companies in Hyderabad India,,,,Helvetica Neue (CEO),https://www.linkedin.com/in/parcel-line-express-india-53106b162,support@parcellineexpress.com,+919493927688,SAP,,,Source keyword: courier companies in Hyderabad India | Contact page: https://parcellineexpress.com/contact-us/,2026-08-04T06:46:30.369558
124,Home - JK International Couriers,https://jkinternationalcouriers.com/,Saved,,courier companies in Hyderabad India,,,,,https://linkedin.com/company/jk-international-couriers,contact@jkinternationalcouriers.com,+918008838050,SAP,,,Source keyword: courier companies in Hyderabad India | Contact page: mailto:contact@jkinternationalcouriers.com,2026-08-04T06:46:52.774589
125,International Courier Hyderabad,https://internationalcourierhyd.com/,Saved,,courier companies in Hyderabad India,,,,,,info@internationalcourierhyd.com,+917337339121,SAP,,,Source keyword: courier companies in Hyderabad India | Contact page: https://internationalcourierhyd.com/#contact,2026-08-04T06:47:09.807388
126,default,https://aakaashxpress.in/,Saved,,courier companies in Hyderabad India,,,,,https://www.linkedin.com/in/aakaash-xpress-784018285/,support@aakaashxpress.in,+918106489944,SAP,,,Source keyword: courier companies in Hyderabad India | Contact page: https://aakaashxpress.in/contact/,2026-08-04T06:47:18.814190
127,Witsxpress India's Most Trusted Courier Services,https://witsxpress.com/,Saved,&amp; Insurance</span>,courier companies in Hyderabad India,,,,,https://www.linkedin.com/company/witsxpress/,support@witsxpress.com,+918985557012,SAP,,,Source keyword: courier companies in Hyderabad India | Contact page: https://witsxpress.com/,2026-08-04T06:47:25.620923
128,Track Your Shipment,http://www.sribalajicourier.com/,Saved,,courier companies in Hyderabad India,,,,,,couriers@gmail.com,+917799080700,SAP,,,Source keyword: courier companies in Hyderabad India | Contact page: https://sribalajicourier.com/contact-us/,2026-08-04T06:47:28.126799
129,SSS Courier International And Domestic Service,http://www.ssscourier.in/,Saved,,courier companies in Hyderabad India,,,,,,v.pavan520@gmail.com,+918497920006,SAP,,,Source keyword: courier companies in Hyderabad India | Contact page: http://www.ssscourier.in/contact-us,2026-08-04T06:47:37.952782
130,Best international courier services in Hyderabad - ICS Courier,http://www.icscourierservice.com/,Saved,Hyderabad with overnight parcel deliveries in Worldwide,courier companies in Hyderabad India,,,,,,john@doe.com,+3403400760,"Salesforce, SAP",,,Source keyword: courier companies in Hyderabad India | Contact page: https://icscourierservice.com/contact-us/,2026-08-04T06:47:54.231825
131,Home - Cloud7exp.co.in | Best Courier Service in Hyderabad | send parcel from hyderabad to world,https://cloud7exp.co.in/,Saved,5000 Pincodes across India,courier companies in Hyderabad India,,,,,,info@cloud7exp.co.in,+918008667056,SAP,,,Source keyword: courier companies in Hyderabad India | Contact page: https://cloud7exp.co.in/contact-us/,2026-08-04T06:48:02.767614
132,SLP Express International Couriers,http://slpcouriers.in/,Saved,"30,000+ customers across Hyderabad",courier companies in Hyderabad India,,,,,https://www.linkedin.com/in/slp-express-international-couriers,info@slpcouriers.in,+919951083676,SAP,,,Source keyword: courier companies in Hyderabad India | Contact page: http://slpcouriers.in/,2026-08-04T06:48:12.707989
133,"Integrated Logistics, Express delivery, Freight, Courier, Shipping, Supply Chain, eCommerce, Cross Border, Cold-chain",http://www.shreemaruticourier.com/,Restaurants,"dates - Start:', startDate, 'End:', endDate);",courier companies in Kochi India,,,,Franchise Partnership (CEO),https://www.linkedin.com/company/shree-maruti/,customercare@shreemaruticourier.com,+919712666666,SAP,,,Source keyword: courier companies in Kochi India | Contact page: https://shreemaruti.com/contact-us/,2026-08-04T06:48:16.993837
134,Welcome To LTL COURIERS(Location To Location),http://www.ltlexpress.in/,"""Good services ......Best price",over 220 countries and territories and connecting markets that comprise over 90 % of the worldâs business with delivery to most countries,courier companies in Hyderabad India,,,,,,info@ltlexpress.in,+918074199172,,,,Source keyword: courier companies in Hyderabad India | Contact page: http://www.ltlexpress.in/contact.html,2026-08-04T06:49:29.545033
135,"Web
Analytics Made Easy - StatCounter",http://www.internationalcourierpoint.com/,Saved,,courier companies in Hyderabad India,,,,,,dhlinhyd@gmail.com,+919703057624,,,,Source keyword: courier companies in Hyderabad India | Contact page: http://www.internationalcourierpoint.com/contact_us.html,2026-08-04T06:50:18.687093
136,Cards,http://www.prrasadinternationalcourier.com/,Saved,"India "" />",courier companies in Hyderabad India,,,,,,pichorjy@gmail.com,1555999359,SAP,,,Source keyword: courier companies in Hyderabad India | Contact page: http://www.prrasadinternationalcourier.com/contact_us.php,2026-08-04T06:50:21.478190
137,International Courier Chennai | Affordable Service to 200+ Countries | Capex Courier,https://capexcourier.com/,Saved,,courier companies in Chennai India,,,,,,info@capexcourier.com,+917010581687,"Salesforce, SAP",,,Source keyword: courier companies in Chennai India | Contact page: https://wa.me/919150295959?text=Enquiry%20for%20Shipping%20Abroad,2026-08-04T06:56:47.364123
138,08 Courier,https://mikivcard.com/08courier#gallery-section,,,courier companies in Chennai India,,,,,,08courier@gmail.com,+3403400760,"Salesforce, SAP",,,"Source keyword: courier companies in Chennai India | Contact page: https://wa.me/919941601119?text=Hi, I am interested in your product/service: Domestic Parcel Booking. Please provide more details.",2026-08-04T06:56:55.655169
139,Maxser International Courier Chennai,http://maxser.in/,Restaurants,,courier companies in Chennai India,,,,Helvetica Neue (CEO),,yourname@amail.com,+917305747444,SAP,,,Source keyword: courier companies in Chennai India | Contact page: https://connect.maxser.in/,2026-08-04T06:56:57.423354
140,Chennai to USA Courier Charges,https://icecourier.in/,Restaurants,,courier companies in Chennai India,,,,,,,+3403400760,"Salesforce, SAP",,,Source keyword: courier companies in Chennai India | Contact page: https://icecourier.in/#contact,2026-08-04T06:57:00.552502
141,jas air Express international air courier,http://theinternationalcouriers.com/,Restaurants,,courier companies in Chennai India,,,,,,theinternationalcouriers@gmail.com,+917200424241,,,,Source keyword: courier companies in Chennai India | Contact page: http://theinternationalcouriers.com/contact.html,2026-08-04T06:57:01.304865
142,Courier Collects - Home,http://www.couriercollects.com/,Restaurants,,courier companies in Chennai India,,,,,https://www.linkedin.com/in/couriercollects/,info@couriercollects.com,+918939758500,SAP,,,Source keyword: courier companies in Chennai India | Contact page: http://www.couriercollects.com/contactus,2026-08-04T06:59:20.353829
143,internatinal_courier_1_150x30,http://www.aanushexpress.com/,Saved,,courier companies in Chennai India,,,,,,rahul@aanushexpress.com,+918124403403,SAP,,,Source keyword: courier companies in Chennai India | Contact page: https://aanushexpress.com/contact-us/,2026-08-04T07:00:54.470063
144,International Courier Service near me,https://www.aerovonexpress.com/,Restaurants,,courier companies in Chennai India,,,,,,aerovoncourier@gmail.com,+919655654248,SAP,,,Source keyword: courier companies in Chennai India | Contact page: https://www.aerovonexpress.com/cheapest-international-courier-service-chennai.html,2026-08-04T07:00:55.665308
145,Courier Service in Chennai | Atlas Logistech Enterprises,https://atlaslogistech.com/,Restaurants,as a Solutions for Every Industry </h2>,courier companies in Chennai India,,10,,,https://www.linkedin.com/company/atlas-logistech-enterprises/,operations@atlaslogistech.com,+917338898436,SAP,,,Source keyword: courier companies in Chennai India | Contact page: https://atlaslogistech.com/contact.php,2026-08-04T07:00:58.905788
146,Logistics Person,https://thecreativelogistics.com/,Saved,,courier companies in Chennai India,,,,,,info@thecreativelogistics.com,+919000000000,"Salesforce, SAP",,,Source keyword: courier companies in Chennai India | Contact page: https://thecreativelogistics.com/#contact,2026-08-04T07:01:03.845414
147,Best International Courier Services in India,http://www.flyerfreight.com/,Restaurants,"a broad range of industries, including manufacturing, retail,"" />",courier companies in Chennai India,,,,,,support@flyerfreight.com,+1262146417,SAP,,,Source keyword: courier companies in Chennai India | Contact page: https://flyerfreight.com/contact-us/,2026-08-04T07:01:13.361533
148,Transparency Icon,https://starworldwidecouriers.com/,Restaurants,,courier companies in Chennai India,,,,,,support@starworldwidecouriers.com,+3403400760,"Salesforce, SAP",,,Source keyword: courier companies in Chennai India | Contact page: https://starworldwidecouriers.com/contact.html,2026-08-04T07:01:15.509117
149,International Courier Service in Chennai | ShipHit,https://shiphit.com/international-courier-chennai,Restaurants,both the diaspora and business shippers,courier companies in Chennai India,,,,Schedule Pickup (Founder),https://www.linkedin.com/company/shiphit/,info@shiphit.com,+919159688688,SAP,,,Source keyword: courier companies in Chennai India | Contact page: https://shiphit.com/international-courier/canada/,2026-08-04T07:01:19.084244
150,DHL International Courier Service in Chennai | Free Pickup and Packing,https://www.nativeaircargo.com/,Restaurants,all over the world,courier companies in Chennai India,,,,,,sales@nativeaircargo.com,+919962018875,SAP,,,Source keyword: courier companies in Chennai India | Contact page: https://nativeaircargo.com/contact/,2026-08-04T07:02:17.132153
151,ProPremium Rate Revision,https://www.tpcglobe.com/contact.aspx,Restaurants,,courier companies in Chennai India,,,,,https://www.linkedin.com/company/the-professional-courier,ho@tpcglobe.com,+6562910900,SAP,,,Source keyword: courier companies in Chennai India | Contact page: https://www.tpcglobe.com/contact.aspx,2026-08-04T07:02:19.852161
152,Get Cheap and Best Rate for all your international couriers,https://bestpackinternationalcourier.com/,Restaurants,,courier companies in Chennai India,,,,,,booking@bestpackinternationalcourier.com,+917299313377,SAP,,,Source keyword: courier companies in Chennai India | Contact page: https://bestpackinternationalcourier.com/contact/,2026-08-04T07:02:48.096409
153,"Best International Courier Services in Chennai , Your Trusted Shipping Partner-Janexlogistics",http://www.janexlogistics.com/,Restaurants,,courier companies in Chennai India,,,,,,info@janexlogistics.com,+919500090004,,,,Source keyword: courier companies in Chennai India | Contact page: http://www.janexlogistics.com/contact.html,2026-08-04T07:02:56.148612
154,Singapore Cityscape,http://www.sgnetworkcourier.com/,Restaurants,,courier companies in Chennai India,,,,Source Title (CEO),,cs@sgnetworkcourier.com,+914445497222,,,,Source keyword: courier companies in Chennai India | Contact page: http://www.sgnetworkcourier.com/Default.aspx#contact,2026-08-04T07:03:43.688339
155,The Last of us,http://www.saharaexpress.com/,Restaurants,,courier companies in Chennai India,,,,,,info@saharaexpress.com,04424763000,,,,Source keyword: courier companies in Chennai India | Contact page: http://www.saharaexpress.com/# ,2026-08-04T07:03:45.970954
156,International Courier Service In Chennai - Call 996 225 9406,https://sainexco.com/,Restaurants,Multiple Districts:</h3> </div>,courier companies in Chennai India,,,,,,admin@sainexco.com,+918778119817,"Salesforce, SAP",,,Source keyword: courier companies in Chennai India | Contact page: https://sainexco.com/contact/,2026-08-04T07:03:51.353232
157,Express On International Courier,http://expresson.co.in/,Restaurants,,courier companies in Chennai India,,,,Express On International Courier (Owner),,u003eexpresson2013@gmail.com,+919789005941,SAP,,,Source keyword: courier companies in Chennai India | Contact page: javascript:void(0),2026-08-04T07:04:00.569991
158,Alliance Freight Express Pvt Ltd,http://alliancecargo.ind.in/,Restaurants,"exporters and importers across textiles, leather, machinery, automotive components, pharma, food products, electronics, and eCommerce busine",courier companies in Chennai India,,,,,,info@alliancecargo.ind.in,+916374419875,"Salesforce, SAP",,,Source keyword: courier companies in Chennai India | Contact page: http://alliancecargo.ind.in/contactus.html,2026-08-04T07:04:08.397398
159,Right Logistics Pvt. Ltd.,http://www.rightlogistics.com/,Restaurants,,courier companies in Chennai India,,,,,https://www.linkedin.com/company/rightlogisticspvtltd,delhi@rightlogistics.com,+917907549732,"Salesforce, SAP",,,Source keyword: courier companies in Chennai India | Contact page: https://rightlogistics.com/contact/,2026-08-04T07:05:32.896976
160,SAR WORKDWIDE,http://www.sarworldwide.in/,Restaurants,,courier companies in Chennai India,,,,,,info@sarworldwide.in,+919940062691,,,,Source keyword: courier companies in Chennai India | Contact page: http://www.sarworldwide.in/Contact.aspx,2026-08-04T07:06:26.255058
161,"Fast & Reliable International Courier Service from Pune to USA, UK & UAE",http://www.prathamairexpress.com/,Restaurants,,courier companies in Pune India,,,,,,prashantcourier@gmail.com,+919067455331,"Salesforce, SAP",,,Source keyword: courier companies in Pune India | Contact page: https://prathamairexpress.com/contact/,2026-08-04T07:15:27.360159
162,Kathat Logistics,http://www.kathatlogistics.com/,Restaurants,,courier companies in Pune India,,,,,https://www.linkedin.com/in/kathat-logistics-a64328215/,transjet@4x.png,+918955339036,SAP,,,Source keyword: courier companies in Pune India | Contact page: https://kathatlogistics.com/contact-us/,2026-08-04T07:15:29.245053
163,"Courier, shipment, freight etc",https://www.falconcourier.org/,Restaurants,,courier companies in Pune India,,,,,https://www.linkedin.com/company/falcon-international-courier-services,falconcourier.org@gmail.com,+919979974457,SAP,,,Source keyword: courier companies in Pune India | Contact page: https://www.falconcourier.org/contact-us,2026-08-04T07:15:34.660159
164,International courier services in Pune -Parcel Delivery- ISL,http://islcourier.com/,,services Door to Door</p> </div>,courier companies in Pune India,,,,,,info@islcourier.com,2655029736,SAP,,,Source keyword: courier companies in Pune India | Contact page: https://islcourier.com/contact-us/,2026-08-04T07:15:43.668273
165,"A1 Courier - Courier Service in Mundhwa, Pune",https://a1-courier.grexa.site/,Restaurants,,courier companies in Pune India,,,,,,,+918087261677,SAP,,,Source keyword: courier companies in Pune India | Contact page: https://a1-courier.grexa.site/contact,2026-08-04T07:16:00.125007
166,The Professional Couriers - SB Road | Courier Services In Pune,https://nearby-courier.tpcindia.com/the-professional-couriers/branch-in-pune/branch-in-sb-road/the-professional-couriers-domestic-international-courier-services-in-sb-road-pune--c080a414-43ae-4fed-b58a-ec7da8154e98/home,Pruthvi Bhosale,more than 3 million customers,courier companies in Pune India,,,,,https://www.linkedin.com/company/the-professional-courier,,+3149431494,SAP,,,Source keyword: courier companies in Pune India | Contact page: https://nearby-courier.tpcindia.com/locator/pune/sb-road/the-professional-couriers-domestic-international-courier-services-in-sb-road-pune--7f5BTI/enquiry,2026-08-04T07:16:16.959826
167,We provide Best Courier & Cargo Services,http://www.dishaintl.com/,Restaurants,,courier companies in Pune India,,,,,,csd@dishaintl.com,+919309294781,SAP,,,Source keyword: courier companies in Pune India | Contact page: https://www.dishaintl.com/inquiry,2026-08-04T07:17:19.363897
168,Akash Ganga Courier,http://www.akashganga.info/,Saved,,courier companies in Lucknow India,,,,,https://www.linkedin.com/company/akash-ganga-courier-limited/?viewAsMember=true,delhi@akashganga.info,+919624750509,SAP,,,Source keyword: courier companies in Lucknow India | Contact page: http://www.akashganga.info/contact-us.aspx,2026-08-04T07:20:37.620422
169,Constra,http://www.onusoverseas.in/,Restaurants,,courier companies in Pune India,,,,,,onusoverseas@gmail.com,+917038030574,,,,Source keyword: courier companies in Pune India | Contact page: http://www.onusoverseas.in/contact.php,2026-08-04T07:20:53.278988
170,Atlantic International Express,http://www.atlanticcourier.net/,Restaurants,,courier companies in Kochi India,,,,,https://www.linkedin.com/company/atlanticinternationalcourier,info@atlanticcourier.net,+918767997755,"Salesforce, SAP",,,Source keyword: courier companies in Kochi India | Contact page: http://www.atlanticcourier.net/contact,2026-08-04T07:20:57.405119
171,Find your local World Courier office and depot | World Courier,https://www.worldcourier.com/locations?utm_source=Uberall&utm_medium=organic&utm_term=&utm_content=Content&utm_campaign=Uberall,Restaurants,,courier companies in Pune India,,,,Senior Vice,https://www.linkedin.com/company/world-courier/,,02067236790,SAP,,,Source keyword: courier companies in Pune India | Contact page: https://www.worldcourier.com/locations?utm_source=Uberall&utm_medium=organic&utm_term=&utm_content=Content&utm_campaign=Uberall#gate-00d964ed-072c-41eb-a34d-195e9532656a,2026-08-04T07:21:03.142405
172,"TRACKON COURIER SERVICE - Courier Service in Gultekadi, Pune",https://trackon-courier-service.grexa.site/,Restaurants,,courier companies in Pune India,,,,,,,+919890608655,SAP,,,Source keyword: courier companies in Pune India | Contact page: https://trackon-courier-service.grexa.site/contact,2026-08-04T07:21:05.736186
173,Tej Couriers,https://www.tejcouriers.com/shipment-tracking.php,Restaurants,,courier companies in Nagpur India,,,,,https://www.linkedin.com/company/tej-couriers-official,info@tejcouriers.com,912312550022,,,,Source keyword: courier companies in Nagpur India | Contact page: https://www.tejcouriers.com/contact.php,2026-08-04T07:21:07.629031
174,Shree Trivedi International,https://strivediservices.com/locations/surat,Saved,include,courier companies in Surat India,,,,Dharmesh Trivedi (Founder),,info@strivediservices.com,+447886866297,"Salesforce, SAP",,,Source keyword: courier companies in Surat India | Contact page: https://strivediservices.com/contact_us,2026-08-04T07:30:52.796231
175,Shipping ProductsWorldWideSafelyEverywhere,http://www.planetcourier.in/,Saved,,courier companies in Ahmedabad India,,,,,,planetcourier.mum@gmail.com,+919712348348,,,,Source keyword: courier companies in Ahmedabad India | Contact page: https://planetcourier.in/contact_us,2026-08-04T07:30:56.107799
176,Delivering Your Parcels with Care and Speed,https://stardtd.com/,+4,"every corner of India, we ensure seamless deliveries across borders, bringing the world to your doorstep",courier companies in Ahmedabad India,,,,,,info@stardoortodoor.com,+919327077790,,,,Source keyword: courier companies in Ahmedabad India | Contact page: https://stardtd.com/contact_us,2026-08-04T07:31:02.148908
177,RAVI ENTERPRISE,https://wa.me/918905879453?text=Hello%2C%20Hope%20you%20are%20doing%20well.%20Kindly%20share%20the%20following%20details%20to%20proceed%20with%20your%20courier%20booking%3A%0A%0A1.%20Shipment%20Delivery%20Pincode%3A%0A2.%20Shipment%20Delivery%20Address%3A%0A3.%20Approximate%20Weight%20of%20Shipment%20%28in%20kg%29%3A%0A4.%20What%20Is%20Inside%20The%20Shipment%3F%0A5.%20Mode%20Of%20Transportation%3A%20Air%20Or%20Road%0A%0AIf%20you%20have%20any%20inquiries%2C%20feel%20free%20to%20call%20us.,Saved,,courier companies in Ahmedabad India,,,,Main Logo (CEO),,,+3403400760,"Salesforce, SAP",,,Source keyword: courier companies in Ahmedabad India | Contact page: https://faq.whatsapp.com/,2026-08-04T07:35:02.127133
178,Astha International,https://www.asthacourier.com/,Saved,,courier companies in Ahmedabad India,,,,,,info@asthacourier.com,+917940098821,SAP,,,Source keyword: courier companies in Ahmedabad India | Contact page: https://asthacourier.com/contact_us,2026-08-04T07:35:51.056122
179,Home - Patel Express Courier,https://www.patelcourier.in/,Saved,,courier companies in Ahmedabad India,,,,,https://www.linkedin.com/company/patel-express-courier-services/,cs@patelcourier.in,+950227095094,SAP,,,Source keyword: courier companies in Ahmedabad India | Contact page: https://patelcourier.in/contact/,2026-08-04T07:37:01.472497
180,HTML5,https://primecourier.in/,Saved,across the length & width of the globe,courier companies in Ahmedabad India,,,,,,primecourier01@gmail.com,+918905849486,,,,Source keyword: courier companies in Ahmedabad India | Contact page: http://www.primecourier.in/inquiry,2026-08-04T07:37:52.170995
181,Responsive image,https://www.hindustanyellowpages.in/Ahmedabad/Siddhi-Courier-Services/Bapunagar,Saved,,courier companies in Ahmedabad India,,,,,,,+919227272727,"SAP, Oracle",,,Source keyword: courier companies in Ahmedabad India | Contact page: https://www.hindustanyellowpages.in/Ahmedabad/Siddhi-Courier-Services/Bapunagar/ContactUs,2026-08-04T07:43:12.143509
182,Yash International Courier Service,http://www.yashaircourier.com/,Saved,,courier companies in Ahmedabad India,,,,,,yashintl@yahoo.com,+46403390804,"Salesforce, SAP",,for domestic shipments will be available upon request,Source keyword: courier companies in Ahmedabad India | Contact page: https://www.yashaircourier.com/contact-us/,2026-08-04T07:44:07.228531
183,Chips Express,http://chipsairexp.com/,Saved,,courier companies in Ahmedabad India,,,,,,info@chipsairexp.com,8511539404,SAP,,,Source keyword: courier companies in Ahmedabad India | Contact page: http://chipsairexp.com/faqs.php,2026-08-04T07:44:56.404112
184,1,https://stardoor2door.com/,Saved,,courier companies in Ahmedabad India,,,,,,stard2d@gmail.com,+917940041086,SAP,,,Source keyword: courier companies in Ahmedabad India | Contact page: https://stardoor2door.com/contact.php,2026-08-04T07:44:57.560154
185,Best International Courier Service in Ahmedabad - Patidar International Courier,https://patidarcouriers.com/,Saved,,courier companies in Ahmedabad India,,,,,,,+917069016262,SAP,,,Source keyword: courier companies in Ahmedabad India | Contact page: https://www.patidarcouriers.com/contact-us/,2026-08-04T07:45:05.090821
186,Home | Vanshinternationalcourierservice,https://vanshinternationlc.wixsite.com/vanshinternational-1,Saved,,courier companies in Ahmedabad India,,,,Invalid Sentry Dsn (CEO),,605a7baede844d278b89dc95ae0a9123@sentry-next.wixpress.com,506864101151,SAP,,,Source keyword: courier companies in Ahmedabad India | Contact page: https://vanshinternationlc.wixsite.com/vanshinternational-1,2026-08-04T07:45:10.106502
187,about-image-6,https://www.appleexpress.in/,Saved,,courier companies in Ahmedabad India,,,,,,info@appleexpress.com,+919327555544,SAP,,,Source keyword: courier companies in Ahmedabad India | Contact page: https://www.appleexpress.in/contact-us.html,2026-08-04T07:45:58.933363
188,INTERNATIONAL COURIER,http://www.sunlightinternational.in/,Saved,,courier companies in Ahmedabad India,,,,,,info@sunlightinternational.in,+919537583002,SAP,,,Source keyword: courier companies in Ahmedabad India | Contact page: http://www.sunlightinternational.in/inquiry,2026-08-04T07:46:17.351469
189,shape,http://www.maahicourier.com/,Saved,,courier companies in Ahmedabad India,,,,,,mahicourier@yahoo.com,+3403400760,"Salesforce, SAP",,,Source keyword: courier companies in Ahmedabad India | Contact page: https://maahicourier.com/contact-us/,2026-08-04T07:46:21.962227
190,International Courier,https://indianexpresscourier.net/,Saved,,courier companies in Ahmedabad India,,,,,,indianexpresscourierintl@gmail.com,+919033881099,,,,Source keyword: courier companies in Ahmedabad India | Contact page: https://indianexpresscourier.net/contact.php,2026-08-04T07:46:28.059718
191,International Courier Service in Ahmedabad,https://www.kpenterprises.co.in/,Saved,,courier companies in Ahmedabad India,,,,,,pratikbshah2001@yahoo.com,+919426058514,,,,Source keyword: courier companies in Ahmedabad India | Contact page: https://www.kpenterprises.co.in/enquiry.php,2026-08-04T07:46:29.164303
192,"A N COURIER SERVICES (ALL COURIER SERVICES) - Courier Service in Vejalpur, Ahmedabad",https://courier-services-all.grexa.site/,Saved,,courier companies in Ahmedabad India,,,,,,,+823890473232,SAP,,,Source keyword: courier companies in Ahmedabad India | Contact page: https://courier-services-all.grexa.site/contact,2026-08-04T07:47:22.689640
193,Captcha,https://www.tpcindia.com/Default.aspx,Saved,,courier companies in Ahmedabad India,,,,,https://www.linkedin.com/company/the-professional-courier,marketing@tpcvpl.com,+6562910900,SAP,,,Source keyword: courier companies in Ahmedabad India | Contact page: https://www.tpcindia.com/contact.aspx,2026-08-04T07:47:33.164280
194,Dynamic International Courier,http://www.dynamiccourier.in/,Saved,"for documents, parcels, electronics, commercial cargo, and household goods",courier companies in Ahmedabad India,,,,,,info@dynamiccourier.in,+37537499999,"Salesforce, SAP",,,Source keyword: courier companies in Ahmedabad India | Contact page: https://dynamiccourier.in/contact-us/,2026-08-04T07:47:38.369327
195,MABLES WORLDWIDE EXPRESS,https://mablesworldwideexpress.com/,Saved,,courier companies in Coimbatore India,,,,,,express.mables18@gmail.com,084387566750,,,,Source keyword: courier companies in Coimbatore India | Contact page: https://mablesworldwideexpress.com/contact.html,2026-08-04T07:54:28.675998
196,Indian International Express,https://indianinternationalexpress.com/,Restaurants,"over 190+ countries worldwide, Indian International Express is trusted for reliable international courier services from Coimbatore",courier companies in Coimbatore India,,,,,https://www.linkedin.com/company/indian-international-express/,info@indianinternationalexpress.com,+919894299099,SAP,,,Source keyword: courier companies in Coimbatore India | Contact page: https://indianinternationalexpress.com/contact-us/,2026-08-04T07:54:32.473475
197,Oscar Express Worldwide,https://oscarexpress.in/,Saved,,courier companies in Coimbatore India,,,,Open Sans (CEO),https://www.linkedin.com/company/oscar-express-courier/,info@oscarexpress.in,+9626250234,SAP,,,Source keyword: courier companies in Coimbatore India | Contact page: https://oscarexpress.in/contact-us/,2026-08-04T07:55:31.846744
198,VSP International Courier,https://vspinternationalcourier.com/,Saved,,courier companies in Coimbatore India,,,,,,contact@vspinternationalcourier.com,+918438089878,SAP,,,Source keyword: courier companies in Coimbatore India | Contact page: https://vspinternationalcourier.com/vsp-courier-service-contact-vsp-international-courier/,2026-08-04T07:55:35.822799
199,Elbex,http://www.elbex.in/,Restaurants,,courier companies in Kochi India,,,,,https://www.linkedin.com/in/elbex-couriers/,info@elbex.in,+914224388573,SAP,,,Source keyword: courier companies in Kochi India | Contact page: http://www.elbex.in/elbex-support.html,2026-08-04T07:55:38.491760
200,SSL - International Courier Services for Fast Global Shipping,http://www.sslexpress.in/,Restaurants,,courier companies in Coimbatore India,,,,,,info@sslexpress.in,+914224399516,"Salesforce, SAP",,,Source keyword: courier companies in Coimbatore India | Contact page: https://sslexpress.in/contact-us/,2026-08-04T07:56:54.209822
201,Background,https://www.a1parcel.in/,Restaurants,,courier companies in Coimbatore India,,,,,,a1parcel.india@gmail.com,+919047755255,,,,Source keyword: courier companies in Coimbatore India | Contact page: https://www.a1parcel.in/Index#contact,2026-08-04T07:56:57.512863
202,Sarvam Logistics,https://www.sarvamlogistics.com/,Saved,more than 1000 Clients every single year,courier companies in Coimbatore India,,,,Saravan Kumar (Owner),https://www.linkedin.com/company/sarvam-logistics-india-pvt-ltd/,info@sarvamlogistics.com,+919843533123,"Zoho, SAP",,,Source keyword: courier companies in Coimbatore India | Contact page: https://www.sarvamlogistics.com/logistics-chennai-tuticorin-tamilnadu.php,2026-08-04T07:57:05.130778
203,We are the best packers and movers in coimbatore,http://www.a1annapackers.in/,Restaurants,,courier companies in Coimbatore India,,,,,,a1annapackersindia@gmail.com,+919940097022,SAP,,,Source keyword: courier companies in Coimbatore India | Contact page: https://a1annapackers.in/contact-packers-and-movers-in-coimbatore/,2026-08-04T07:57:29.255895
204,KRS Logistic Services,http://krs.co.in/,Restaurants,"more than 1000 locations through a dedicated workforce of over 3,500 employees",courier companies in Coimbatore India,1500,"3,500",,,https://www.linkedin.com/company/keralaroadways/,cs@krs.in,+914954099999,,,,Source keyword: courier companies in Coimbatore India | Contact page: http://krs.co.in/contact,2026-08-04T07:57:32.737560
205,Mettur Transports,http://www.metturtransports.com/,Saved,our customers in a way that they get an option to get down at the most closer proximity of their opted stop even though we have no in-betwe,courier companies in Coimbatore India,,,,South India (Director),,,+919443310770,SAP,,,Source keyword: courier companies in Coimbatore India | Contact page: http://www.metturtransports.com/contact.php,2026-08-04T07:58:24.105180
206,Rachna Courier Parcel Services,https://www.rachnacourier.net/tracking.php,Restaurants,,courier companies in Surat India,,,,,,"rachnacourier_parcel@yahoo.com,
rachnacs01@gmail.com",+919879104455,SAP,,,Source keyword: courier companies in Surat India | Contact page: https://www.rachnacourier.net/Contact-Us/,2026-08-04T08:06:09.315861
207,City International,https://www.cityinternational.in/,Saved,"across Gujarat, major carrier partnerships, and tools built for exporters and online sellers",courier companies in Surat India,,,,,https://www.linkedin.com/in/city-international-courier,info@cityinternational.in,1393969411,,,,Source keyword: courier companies in Surat India | Contact page: https://cityinternational.in/contact.html,2026-08-04T08:06:10.356706
208,Track Shipment,https://chipsinternational.in/,Restaurants,our clients with reliable,courier companies in Surat India,,,,,,urvesh@chipsinternational.in,+32345345645,,,,Source keyword: courier companies in Surat India | Contact page: https://chipsinternational.in/contactus.aspx,2026-08-04T08:07:49.004138
209,Domestic Courier Services,https://www.mitint.net/,Restaurants,,courier companies in Surat India,,,,,,surat@mitint.net,+917405252541,,,,Source keyword: courier companies in Surat India | Contact page: https://www.mitint.net/,2026-08-04T08:08:06.637812
210,Safe & ReliableLogisticSolutions!,https://siddhiinternationalcourier.com/,Restaurants,,courier companies in Surat India,,,,,,info.siddhicourierservices01@gmail.comn,+918780965584,Yfqik/Xqgh879qLOcfZ7SKV3swLW0aaK5+LoVHJp8cHftJ3pkLllUzYJbIQsoNjOptDdppKVCf5wrG9g,,,Source keyword: courier companies in Surat India | Contact page: https://siddhiinternationalcourier.com/contact.php,2026-08-04T08:08:55.477440
211,Expedite,https://www.chachaparcel.com/#/,Saved,,courier companies in Surat India,,,,,,chachacourier@yahoo.com,+2616760833,SAP,,,Source keyword: courier companies in Surat India | Contact page: https://www.chachaparcel.com/Contact_Us/,2026-08-04T08:08:57.174835
212,blog_2.jpg,https://expressintl.in/,Restaurants,>,courier companies in Surat India,,,,,,exp2intl@gmail.com,+919898833433,SAP,,,Source keyword: courier companies in Surat India | Contact page: https://expressintl.in/contact/contactrate,2026-08-04T08:09:01.616309
213,Bhagwati International,http://bhagwatiintl.in/,Restaurants,our customers fastest possible route with best safety standards,courier companies in Surat India,,,,,,support@bhagwatiintl.com,+919727533302,,,,Source keyword: courier companies in Surat India | Contact page: https://www.bhagwatiintl.in/contactus.html,2026-08-04T08:09:51.498597
214,hero-header,http://www.dlightinternational.com/,Restaurants,the needs of its clients since its establishment,courier companies in Surat India,,,,,,info@dlightinternational.com,+918469408161,SAP,,,Source keyword: courier companies in Surat India | Contact page: https://dlightinternational.com/index.php?route=information/contact,2026-08-04T08:09:59.781224
215,Bright Parcel,https://www.brightparcel.com/,Saved,,courier companies in Surat India,,,,,,brightparcel.com@gmail.com,+918980422299,SAP,,,Source keyword: courier companies in Surat India | Contact page: https://www.brightparcel.com/contactus,2026-08-04T08:10:10.772554
216,...,https://flindialogistics.com/,Saved,,express logistics companies Noida India,,,,,,logisticsflindia@gmail.com,+919005141429,"SAP, Oracle",,,Source keyword: express logistics companies Noida India | Contact page: https://flindialogistics.com/contact-us,2026-08-04T08:10:27.019619
217,swiftparcel,https://www.swiftparcel.in/,Restaurants,,courier companies in Surat India,,,,,,info@expoint.com,+919033731227,SAP,,obtained,Source keyword: courier companies in Surat India | Contact page: https://www.swiftparcel.in/Contact/,2026-08-04T08:13:04.587203
218,"Trackon Courier Amroli 394107 - Courier Service in Amroli, Surat",https://trackon-courier-amroli.grexa.site/,Restaurants,,courier companies in Surat India,,,,,,,+823890473232,SAP,,,Source keyword: courier companies in Surat India | Contact page: https://trackon-courier-amroli.grexa.site/contact,2026-08-04T08:13:09.429434
219,Skyxpress,http://www.skyexpress.in/,Saved,through the global network covering all major trade routes,courier companies in Jaipur India,,,,,,skyexp.csd@gmail.com,+919314022900,SAP,,", and a guarantee of peace of mind",Source keyword: courier companies in Jaipur India | Contact page: http://www.skyexpress.in/index#tool&help,2026-08-04T08:22:49.634238
220,Home - WEIT Prime Pvt. Ltd.,https://www.weitprime.com/,Saved,,courier companies in Jaipur India,,,,,https://www.linkedin.com/company/weitprime/,support@weitprime.com,+1275100543711,SAP,,,Source keyword: courier companies in Jaipur India | Contact page: https://weitprime.com/contact/,2026-08-04T08:23:01.098348
221,GK Courier,http://www.gkcourier.com/,Saved,,courier companies in Jaipur India,,,,,,support@gkcourier.com,+666666666667,,,,Source keyword: courier companies in Jaipur India | Contact page: https://www.gkcourier.com/contact-us,2026-08-04T08:25:29.520496
222,DTDC Courier Tracking - Track Your Shipment Delivery,https://www.dtdc.com/track-your-shipment/,Saved,,courier companies in Jaipur India,,,,,,,1472182140,SAP,,""");",Source keyword: courier companies in Jaipur India | Contact page: https://www.dtdc.com/track-your-shipment/,2026-08-04T08:27:06.571363
223,Fast delivery,https://indianexpresscouriers.com/,Saved,,courier companies in Jaipur India,,,,,,accounts@indianexpresscouriers.com,+919314636920,,,,Source keyword: courier companies in Jaipur India | Contact page: https://indianexpresscouriers.com/index/contactus,2026-08-04T08:27:07.596754
224,customerservice@westexpresslogistics.com,http://westexpresslogistics.com/,Saved,,courier companies in Jaipur India,,,,,,customerservice@westexpresslogistics.com,01414913134,SAP,,,Source keyword: courier companies in Jaipur India | Contact page: http://westexpresslogistics.com/Web/contacts,2026-08-04T08:27:08.619070
225,D K Enterprises,https://dkcourier.in/,"Jun 12, 2026",,courier companies in Jaipur India,,,,,,info@dkcourier.com,+919602525132,,,,Source keyword: courier companies in Jaipur India | Contact page: https://dkcourier.in/#contact,2026-08-04T08:27:11.651143
226,WELCOME TOPushpak Courier,http://www.pushpakcourier.net/,Saved,,courier companies in Jaipur India,,,,,,spain@pushpakcourier.net,+919930142619,SAP,,,Source keyword: courier companies in Jaipur India | Contact page: http://www.pushpakcourier.net/contact-us.html,2026-08-04T08:27:18.918028
227,Logisti,http://shekhawaticourier.com/,Saved,,courier companies in Jaipur India,,,,,, info@shekhawatiotc.com,+919257030581,SAP,,,Source keyword: courier companies in Jaipur India | Contact page: http://shekhawaticourier.com/enquiry.html,2026-08-04T08:28:30.080656
228,"Discover TV, Broadband & Mobile Phone Packages with Sky",http://www.sky.com/,Saved,"of the arts, free of charge",courier companies in Jaipur India,,"35,445",,Account Manager (Director),https://uk.linkedin.com/company/sky,,+641810715656,SAP,,,Source keyword: courier companies in Jaipur India | Contact page: https://www.sky.com/help/home,2026-08-04T08:30:59.073774
229,"International Courier Charges - USA, Canada, UK, Australia, UAE",http://courierchargesfor.com/,Saved,/ AUDIENCE -->,courier companies in Jaipur India,,,,,,,+3403400760,"Salesforce, SAP",,,Source keyword: courier companies in Jaipur India | Contact page: http://courierchargesfor.com/#contact,2026-08-04T08:31:08.871839
230,Courier Service in Vijay Nagar Indore Orbit Mall Branch –Suryakoti.,https://suryakotiexpress.com/courier-service-in-vijay-nagar-indore-orbit-mall-branch/,Saved,,courier companies in Indore India,,,,,https://www.linkedin.com/company/suryakoti-express/?originalSubdomain=in,contact@suryakoti.com,+919522330007,SAP,,,Source keyword: courier companies in Indore India | Contact page: https://suryakotiexpress.com/contact/,2026-08-04T08:41:06.216342
231,Sk Courier & Cargo Services - Courier Service,https://sk-courier-services.grexa.site/,Saved,,courier companies in Indore India,,,,,,,183597407888,SAP,,"</h5><p>Sk Courier Services delivers Proof Of Delivery in South Tukoganj, Indore",Source keyword: courier companies in Indore India | Contact page: https://sk-courier-services.grexa.site/contact,2026-08-04T08:42:44.035692
232,male and female worker packing courier box in warehouse,http://www.globalairexpress.com/,"""Much more quality packaging... parking area are good ..""",,courier companies in Indore India,,,,,,info@globalairexpress.com,+3403400760,"Salesforce, SAP",,,Source keyword: courier companies in Indore India | Contact page: http://www.globalairexpress.com/enquiry,2026-08-04T08:42:56.621439
233,Weeple Logistics,https://www.weeple.in/,Saved,"Across India</title><meta name=""keywords"" content=""Weeple Logistics, Packers and Movers, Part Load Transport, Bike Transport, Luggage Transp",courier companies in Indore India,,,,,https://www.linkedin.com/company/weeplein,growth@weeple.in,+918871249766,SAP,,,Source keyword: courier companies in Indore India | Contact page: https://www.weeple.in/contact-us,2026-08-04T08:43:51.176994
234,Home - United Goods Transport Co.,http://unitedtransport.co.in/,Saved,,courier companies in Indore India,200,,,,,info@unitedtransport.co.in,+12195471225016,SAP,,,Source keyword: courier companies in Indore India | Contact page: https://unitedtransport.co.in/contact/,2026-08-04T08:48:43.502612
235,packers and movers,http://www.thepackersandmover.in/,Saved,,courier companies in Indore India,,,,,,info@thepackersandmover.in,+918400774405,"Salesforce, SAP",,,Source keyword: courier companies in Indore India | Contact page: http://www.thepackersandmover.in/index.html#enquiry,2026-08-04T08:48:46.255534
236,"Indore Packers and Movers: Reliable, Efficient, Relocation Services",https://www.kalkipackersandmovers.com/packers-and-movers-indore/,Saved,,courier companies in Indore India,,,,,https://www.linkedin.com/company/105038096/admin/page-posts/published/,kalkipackersandmovers@gmail.com,+918827933061,SAP,,,Source keyword: courier companies in Indore India | Contact page: https://www.kalkipackersandmovers.com/contact-us/,2026-08-04T08:49:57.055143
237,"Shree Maruti Courier Service Near Me | Siyaganj, Indore",https://nearme.shreemaruti.com/shree-maruti/stores-in-indore/stores-in-Siyaganj/shree-maruti-courier-service-in-Siyaganj-indore--1zwIPH/home,Saved,"you again"",""2025-10-28T13:39:32",courier companies in Indore India,,,,,https://www.linkedin.com/company/shree-maruti-integrated-logistics-limited/,,+492308492308,SAP,,,Source keyword: courier companies in Indore India | Contact page: https://nearme.shreemaruti.com/locator/indore/siyaganj/shree-maruti-courier-service-in-siyaganj-indore--1zwIPH/enquiry,2026-08-04T08:50:07.025518
238,loader,http://pawanputra.in/,Saved,,courier companies in Indore India,,,,,,,+2616760833,SAP,,,Source keyword: courier companies in Indore India | Contact page: http://pawanputra.in/contact.html,2026-08-04T08:50:23.281733
239,Awasthi Transport Company,http://awasthitransport.co.in/,Restaurants,,courier companies in Lucknow India,,,,,,team@awasthitransport.in,+919670000360,SAP,,,Source keyword: courier companies in Lucknow India | Contact page: https://awasthitransport.co.in/contact-us/,2026-08-04T08:58:07.670418
240,tciexpress,https://www.tciexpress.in/,Restaurants,=================================-->,express logistics companies Gurugram India,,,,,https://www.linkedin.com/company/tciexpressltd,info@tciexpress.in,+490024002400,,,)</li>,Source keyword: express logistics companies Gurugram India | Contact page: https://www.tciexpress.in/pincode-enquiry,2026-08-04T08:58:09.947624
241,Jetline,http://www.jetlinecouriers.in/,Restaurants,,courier companies in Lucknow India,,,,,,admin@jetlinecouriers.in,9266615514,,,,Source keyword: courier companies in Lucknow India | Contact page: http://www.jetlinecouriers.in/contactus.aspx,2026-08-04T08:58:16.795020
242,Sai Transport Services,https://saitransportservices.in/,Restaurants,,courier companies in Lucknow India,,,,,,team@saitransportservices.in,+2616760833,SAP,,,Source keyword: courier companies in Lucknow India | Contact page: https://saitransportservices.in/contact-us/,2026-08-04T08:58:21.412096
243,"CENTURY CARGO - Transportation Service in Transport Nagar, Lucknow",https://century-cargo.grexa.site/,Restaurants,,courier companies in Lucknow India,,,,,,,+919235739235,SAP,,,Source keyword: courier companies in Lucknow India | Contact page: https://century-cargo.grexa.site/contact,2026-08-04T08:58:31.746949
244,AWL India,http://www.awlindia.com/,Restaurants,your customers in the right markets,courier companies in Lucknow India,,,,John Smith (Owner),https://www.linkedin.com/company/accelerated-warehousing-logistics-pvt--ltd-/,info@awlindia.com,+911244279462,SAP,,,Source keyword: courier companies in Lucknow India | Contact page: http://www.awlindia.com/shipping-and-receiving-support,2026-08-04T08:58:35.613381
245,About UsWelcome to M.R International,https://mrinternationalcourier.com/,Restaurants,you with excellence and reliability,courier companies in Lucknow India,,,,Our Locations (Founder),,,+918858026126,SAP,,,Source keyword: courier companies in Lucknow India | Contact page: https://mrinternationalcourier.com/Home/Contact,2026-08-04T08:59:06.049212
246,Globe Xpress - Best Courier & Cargo Service in Kochi - Globe Xpress,https://www.goxpress.in/,Saved,,courier companies in Kochi India,,,,,,contact@goxpress.in,+918660377572,SAP,,,Source keyword: courier companies in Kochi India | Contact page: https://goxpress.in/contact/,2026-08-04T09:06:26.939759
247,Express World Couriers,https://expressworldintl.com/,Restaurants,for your shipments,courier companies in Kochi India,,,,,,info@expressworldintl.com,+3403400760,"Salesforce, SAP",,,Source keyword: courier companies in Kochi India | Contact page: https://expressworldintl.com/contact.html,2026-08-04T09:08:56.110928
248,"DELIVERING EXCELLENCE, CONNECTING THE WORLD",https://aironexp.com/,Saved,end -->,courier companies in Kochi India,,,,,,info@aironexp.com,+918590819991,SAP,,,Source keyword: courier companies in Kochi India | Contact page: https://aironexp.com/Home/Support.html,2026-08-04T09:08:56.936746
249,vanakkam express international courier,https://vanakkamexpress.com/,Restaurants,,courier companies in Kochi India,,,,,,info@vanakkamexpress.com,+917010632001,SAP,,,Source keyword: courier companies in Kochi India | Contact page: https://connect.vanakkamexpress.com/shipment_tracker,2026-08-04T09:09:46.291066
250,NRI Express,http://www.nriexpress.in/,Restaurants,,courier companies in Kochi India,0026,,,,,nricochin@gmail.com,+914844022765,SAP,,,Source keyword: courier companies in Kochi India | Contact page: http://www.nriexpress.in/,2026-08-04T09:09:55.986341
251,"Freight Forwarding, Logistics company in kerala | URBX Worldwide",https://www.urbxworldwide.com/,Restaurants,,courier companies in Kochi India,,,,,https://www.linkedin.com/company/urbx-worldwide-logistics,css@urbxworldwide.com,+914842981888,SAP,,,Source keyword: courier companies in Kochi India | Contact page: https://www.urbxworldwide.com/contact-us/,2026-08-04T09:13:37.861478
252,Trackon Software,http://www.trackon.com/,Restaurants,,courier companies in Kochi India,,,,,https://www.linkedin.com/company/trackonsoftware,info@trackonsoftware.com,+971586324166,SAP,,,Source keyword: courier companies in Kochi India | Contact page: http://www.trackon.com/contact.html,2026-08-04T09:14:09.765021
253,SRD Logistics - Full Service Logistics Provider in India | Surface Transport,http://srdlogistics.com/,Restaurants,,courier companies in Kochi India,,,,,,,+511998511998,SAP,,,Source keyword: courier companies in Kochi India | Contact page: https://srdlogistics.com/contact-us/,2026-08-04T09:14:18.522883
254,Global Services | Domestic & International Courier Services in Nagpur,https://trackglobal.in/,Saved,,courier companies in Nagpur India,,,,,,,,,,,Source keyword: courier companies in Nagpur India,2026-08-04T09:23:15.232731
255,Best Courier Service in Nagpur: Fast & Reliable,https://dtexpress.co.in/,Saved,,courier companies in Nagpur India,1000+,,,,,info@dtexpress.co.in,+919604625032,SAP,,,Source keyword: courier companies in Nagpur India | Contact page: https://dtexpress.co.in/contact/,2026-08-04T09:23:23.991622
256,"Shree Maruti Courier Service Near Me | Vivekanand Nagar, Nagpur",https://nearme.shreemaruti.com/locator/nagpur/Vivekanand-Nagar/shree-maruti-courier-service-in-Vivekanand-Nagar-nagpur--2dBWo4/home,Saved,"you again"",""2026-06-18T13:10:30",courier companies in Nagpur India,,,,,https://www.linkedin.com/company/shree-maruti-integrated-logistics-limited/,,+492308492308,SAP,,,Source keyword: courier companies in Nagpur India | Contact page: https://nearme.shreemaruti.com/locator/nagpur/vivekanand-nagar/shree-maruti-courier-service-in-vivekanand-nagar-nagpur--2dBWo4/enquiry,2026-08-04T09:23:44.552399
257,SHREE ANJANI COURIER SERVICE PVT LTD. - Courier Service,https://shree-anjani-148285.grexa.site/,Restaurants,,courier companies in Nagpur India,,,,,,,183597407888,SAP,,,Source keyword: courier companies in Nagpur India | Contact page: https://shree-anjani-148285.grexa.site/contact,2026-08-04T09:25:23.010065
258,Relocate Packers and Movers,https://www.relocatepackersandmovers.com/,Restaurants,,courier companies in Nagpur India,,,,,,info@relocatepackersandmovers.com,+1320419202,SAP,,,Source keyword: courier companies in Nagpur India | Contact page: https://relocatepackersandmovers.com/contact/,2026-08-04T09:25:28.978137
259,Road Freight,https://maxmailcourier.com/,Restaurants,,courier companies in Nagpur India,,,,,,mumbai@maxmailcourier.com,+919975030381,,,,Source keyword: courier companies in Nagpur India | Contact page: http://www.maxmailcourier.com/Inquiry,2026-08-04T09:25:32.708605
260,Sahara Cargo Packers And Movers,https://www.saharapackersmovers.in/,Restaurants,"you wherever you are, bridging gaps and making connections that matter",courier companies in Nagpur India,,300,,,,info@saharapackersmovers.in,+917769000802,"Salesforce, SAP",,,Source keyword: courier companies in Nagpur India | Contact page: https://www.saharapackersmovers.in/contact-us,2026-08-04T09:25:39.250578
261,Warehouse in Noida | Trusted 3PL  Warehousing Services,https://www.warehousingexpress.com/warehousing-logistics-storage-services-noida,Saved,"e-commerce, FMCG, retail, pharmaceuticals, electronics, automotive, textile, and food & beverage businesses",express logistics companies Noida India,,,,,https://www.linkedin.com/company/warehousing-express/,info@warehousingexpress.com,+919910135316,SAP,,,Source keyword: express logistics companies Noida India | Contact page: https://www.warehousingexpress.com/warehousing-logistics-storage-services-noida,2026-08-04T09:36:49.814824
262,Home | International & Domestic Courier,http://www.beyondreachlogistics.in/,Saved,"clients in the United States, the United Kingdom, Europe, Dubai, Australia, New Zealand, and the rest of the world",express logistics companies Bengaluru India,,,,,,info@email.com,+919071907196,SAP,,,Source keyword: express logistics companies Bengaluru India | Contact page: http://www.beyondreachlogistics.in/contact,2026-08-04T09:39:25.525049
263,SRT Logistics - Courier Service,https://srt-logistics.grexa.site/,Saved,,express logistics companies Bengaluru India,,,,,,,183597407888,SAP,,,Source keyword: express logistics companies Bengaluru India | Contact page: https://srt-logistics.grexa.site/contact,2026-08-04T09:40:13.582263
264,NXグループ,http://www.nipponexpress.com/,Saved,,express logistics companies Bengaluru India,,,,,https://www.linkedin.com/company/nippon-express-group/,,58887683049,,,,Source keyword: express logistics companies Bengaluru India | Contact page: http://www.nipponexpress.com/service/solutions/scm/trading-support/,2026-08-04T09:41:49.335680
265,Home - Leonora - Packers Movers in India | 100% Save Moving Solutions,https://leonorapackersmovers.com/,Saved,,express logistics companies Bengaluru India,,120,,,https://www.linkedin.com/company/leonorapackersmovers/,info@leonorapackersmovers.com,+919663434306,SAP,,,Source keyword: express logistics companies Bengaluru India | Contact page: https://leonorapackersmovers.com/contact/,2026-08-04T09:42:00.947860
266,"Home - Movizy Freight India â Air, Sea, Road Logistics Across India",http://www.movizy.in/,Saved,(Modern Grid),express logistics companies Bengaluru India,,,,,,support@movizy.in,+919738615499,SAP,,,Source keyword: express logistics companies Bengaluru India | Contact page: http://www.movizy.in/#contact,2026-08-04T09:42:12.866123
267,images-1,http://avirise.com/,Saved,"with an extensive network of transport and warehousing facilities, catering to diverse industries with unmatched efficiency",express logistics companies Bengaluru India,,,,,https://www.linkedin.com/company/avirise-express,support@avirise.com,+919538946661,SAP,,,Source keyword: express logistics companies Bengaluru India | Contact page: https://avirise.com/contact-us/,2026-08-04T09:42:23.704807
268,ESWN courier and logistics,http://www.eswn.in/,Saved,"across the country, offering maximum pin code service through air, ocean, road, and rail modes of transportation",express logistics companies Bengaluru India,,,,Invalid Sentry Dsn (CEO),https://www.linkedin.com/company/eswn-courier-and-logistics/,info@eswn.in,+917676159141,SAP,,,Source keyword: express logistics companies Bengaluru India | Contact page: https://www.eswn.in/contact,2026-08-04T09:42:26.026530
269,Express PACKERS MOVERS BANGALORE,https://www.professionalpackersbangalore.com/,Saved,"your specific needs and ensure transportation of Cars with utmost care and safety, timely delivery and door pickup and door delivery",express logistics companies Bengaluru India,,,,Invalid Sentry Dsn (CEO),http://www.linkedin.com/in/expresspackersmovers,0e6a29e4756740a8a63493e912ba2174@sentry.wixpress.com,+919243189801,"Zoho, SAP",,,Source keyword: express logistics companies Bengaluru India | Contact page: https://www.professionalpackersbangalore.com/contact-movers-packers,2026-08-04T09:42:35.413085
270,International Courier in Electronic City Bangalore | GCC Express,https://gccexpressinternationalcourier.com/,Saved,"IT parks, tech companies, and startups across Phase 1 &amp; 2 with reliable, same-day, and affordable business courier services",express logistics companies Bengaluru India,,,,,,info.moveasy669@gmail.com,+917411338675,SAP,,,Source keyword: express logistics companies Bengaluru India | Contact page: https://gccexpressinternationalcourier.com/?page_id=61,2026-08-04T09:44:08.725148
271,Safe Packers And Movers,https://safepackersmovers.co.in/about/,Saved,"Indirapuram, Vasundhara, Raj Nagar, Kaushambi, and all nearby areas",express logistics companies Bengaluru India,,,,,,info@safepackersmovers.co.in,+919036970077,SAP,,,Source keyword: express logistics companies Bengaluru India | Contact page: https://safepackersmovers.co.in/contact/,2026-08-04T09:44:13.031914
272,images,http://www.mnccourierservices.com/,Saved,,express logistics companies Bengaluru India,,,,,,girish@mnccourierservices.com,+012222989899,"Salesforce, SAP",,,Source keyword: express logistics companies Bengaluru India | Contact page: http://www.mnccourierservices.com/contact.html,2026-08-04T09:44:16.985705
273,about image,http://shivamexpresslogistics.in/,Saved,"businesses who are looking for speed and timely connections, over air mode",express logistics companies Bengaluru India,,,,,,info@shivamexpresslogistics.in,+918088817541,,,,Source keyword: express logistics companies Bengaluru India | Contact page: http://shivamexpresslogistics.in/contact.html,2026-08-04T09:45:03.202565
274,Whatsapp,http://www.tridevexpress.com/,Saved,in many locations</p>,express logistics companies Bengaluru India,,,,,,info@tridevexpress.com,+918336988161,"Salesforce, SAP",,,Source keyword: express logistics companies Bengaluru India | Contact page: http://www.tridevexpress.com/contact.aspx,2026-08-04T09:46:56.500882
275,CriticaLog India Private Limited,https://www.criticalog.com/,Saved,after animation starts,express logistics companies Bengaluru India,,,,,https://www.linkedin.com/company/criticalog-india-private-limited/,marketing@criticalog.com,+918046883100,"SAP, Oracle",,,Source keyword: express logistics companies Bengaluru India | Contact page: https://www.criticalog.com/contact-us/#careers,2026-08-04T09:50:21.765864
276,Globe Moving,https://www.globemoving.net/,Saved,individuals and businesses,express logistics companies Bengaluru India,,,,Data Center Relocation (Owner),https://www.linkedin.com/company/globe-moving-&-storage,info@globemoving.net,+91761877733,SAP,,,Source keyword: express logistics companies Bengaluru India | Contact page: https://www.globemoving.net/about/contact-us/,2026-08-04T09:50:36.858587
277,Röhlig India,https://www.rohlig.com/offices/asia/india/?utm_source=uberall&utm_medium=profile,Saved,correctly,express logistics companies Bengaluru India,,"2,800",,Kasper Skaarhoj (Owner),https://www.linkedin.com/company/rohlig-logistics/,hello@rohlig.com,+4942130310,SAP,,,Source keyword: express logistics companies Bengaluru India | Contact page: https://www.rohlig.com/offices/asia/india/?utm_source=uberall&utm_medium=profile#c3128,2026-08-04T09:50:39.408298
278,Moving & Courier Made Simple,http://moveabox.in/,Saved,those who serve the nation,express logistics companies Bengaluru India,,,,,https://www.linkedin.com/company/moveaboxblr/,info@moveabox.in,+919019534085,SAP,,,Source keyword: express logistics companies Bengaluru India | Contact page: http://moveabox.in/contact,2026-08-04T09:51:49.494721
279,Home - Express Global Logistics,https://exglogistics.com/,Saved,"an impressive list of long-term clients&hellip;</div><div class=""entry-readmore""> <a class=""btn-more elementor-animation-pagination"" href=""h",express logistics companies Mumbai India,45+,,,Third Party (CEO),https://www.linkedin.com/company/express-infra-logistics/,express@expressworld.com,+480004480004,"SAP, Oracle",,,Source keyword: express logistics companies Mumbai India | Contact page: https://exglogistics.com/contact-us/,2026-08-04T10:00:07.076673
280,Home | IN,https://in.inxpress.com/,Saved,,express logistics companies Mumbai India,,,",",,https://www.linkedin.com/company/inxpress-india/,,+912245902000,"HubSpot, SAP",,,Source keyword: express logistics companies Mumbai India | Contact page: https://in.inxpress.com/get-a-quote/,2026-08-04T10:00:10.090862
281,Express Logistics Solutions,http://els-india.com/,Saved,,express logistics companies Mumbai India,,,,,,els@els-india.com,+918657044113,,,,Source keyword: express logistics companies Mumbai India | Contact page: http://els-india.com/contact.php,2026-08-04T10:00:11.744793
282,"Logistics Service Provider Company, ACE Express, Mumbai",https://www.aeindia.co.in/,Saved,"to meet deadlines of manufactures, allowing them to manage their supply chain at optimal levels",express logistics companies Mumbai India,,,,,https://www.linkedin.com/company/ace-express-logistics-pvt-ltd/,info@aeindia.co.in,+918046723300,SAP,,,Source keyword: express logistics companies Mumbai India | Contact page: https://www.aeindia.co.in/contact.html,2026-08-04T10:00:16.192526
283,CTS Express Logistics Pvt Ltd,https://www.ctsexpress.co.in/,Saved,the needs of many companies with applaud,express logistics companies Mumbai India,,,,,https://www.linkedin.com/company/cts-express-logistics-pvt-ltd/,info@ctsexpress.co.in,+912067300400,SAP,,,Source keyword: express logistics companies Mumbai India | Contact page: https://www.ctsexpress.co.in/contact-us/,2026-08-04T10:00:28.509179
284,"International Courier Service Company Mumbai, Bangalore – Pace",https://paceexp.com/,Saved,you need so that you can reach nearly every local market in the world,express logistics companies Mumbai India,,21,,,https://in.linkedin.com/company/pace-group-international1,info@paceexp.com,+53688521057,SAP,,,Source keyword: express logistics companies Mumbai India | Contact page: https://paceexp.com/,2026-08-04T10:00:42.000558
285,WELcome toMegaExpress Logistics,http://megaexpresslogistics.com/,Saved,trade lanes through our highly reliable network having presence all around the globe,express logistics companies Mumbai India,,,,,,quotedesk@megaexpresslogistics.com,+912249763697,SAP,,,Source keyword: express logistics companies Mumbai India | Contact page: https://megaexpresslogistics.com/contact/,2026-08-04T10:00:47.239417
286,"URL Safe Express | Pan-India FTL, ODC & Project Cargo",http://www.urlsafe.in/,Saved,,express logistics companies Mumbai India,"1,600+",,,,https://www.linkedin.com/in/kushal-agarwal-5b09a115b,mumbai@urlsafe.in,+919860610295,"Salesforce, SAP",,,Source keyword: express logistics companies Mumbai India | Contact page: http://www.urlsafe.in/#contact,2026-08-04T10:01:39.447941
287,support-image-2,http://omturanth.com/,Saved,,express logistics companies Mumbai India,150,,,,,contact@omturanth.com,+919375690800,SAP,,,Source keyword: express logistics companies Mumbai India | Contact page: http://omturanth.com/contact-us.php,2026-08-04T10:04:09.658857
288,GLOBAL EXPRESS has great pleasure in introducing ourselves to you as one of the leading courier professional in the field of courier mode opration. Call Now :- 9619193865 GLOBAL EXPRESS the BUSINESS ASSOCIATES of all the most leading courier company. | Cargo & Courier | Domestic Courier Services In Andheri | Fast Courier Service In Andheri | Air Cargo Service In Andheri | Domestic Cargo Services In Andheri | Door To Door Courier Services In Andheri | International Parcel Service In Andheri | Parcel Service In Andheri | Next Day Delivery Service In Andheri | Parcel Booking Services in Andheri East | International Courier Services In Andheri |  International Courier Services In Powai | Domestic Courier Services In Powai | Fast Courier Service In Powai | Air Cargo Service In Powai | Domestic Cargo Services In Powai | Door To Door Courier Services In Powai | International Parcel Service In Powai | Parcel Service In Powai | Next Day Delivery Service In Powai | Urgent courier service in Powai,http://www.globalexpresslogistic.com/,Saved,Andheri and Beyond,express logistics companies Mumbai India,,,,Make More Development (Founder),,info@globalexpresslogistic.com,+919619193865,SAP,,,Source keyword: express logistics companies Mumbai India | Contact page: http://www.globalexpresslogistic.com/contactus.aspx,2026-08-04T10:04:11.148049
289,CargoLink Express Logistics LLP | India's Premier Logistics Company,http://cargolink.in/,Saved,"Pune, Mumbai &amp; Navi Mumbai",express logistics companies Mumbai India,,,,Download Our App (Owner),,info@cargolink.in,+919130069695,SAP,,,Source keyword: express logistics companies Mumbai India | Contact page: http://cargolink.in/contact-us,2026-08-04T10:04:59.272095
290,"Safe Reach Logistics | Speed, Safety & Reliability - Safe reach Logistics",http://www.originexpress.com/,Saved,,express logistics companies Mumbai India,,,,,https://www.linkedin.com/company/81533010/,,+919108908146,SAP,,,Source keyword: express logistics companies Mumbai India | Contact page: http://www.originexpress.com/contact-us/,2026-08-04T10:05:18.795027
291,ULINK22,https://logistians.in/,Saved,,express logistics companies Mumbai India,,,,,,logistianexpress@gmail.com,+919082368143,SAP,,,Source keyword: express logistics companies Mumbai India | Contact page: https://logistians.in/#contact,2026-08-04T10:05:19.586503
292,ace-smart,http://www.jaguarship.com/,Saved,,express logistics companies Mumbai India,,,,,,,+913340627020,,,,Source keyword: express logistics companies Mumbai India | Contact page: http://www.jaguarship.com/contactus.html,2026-08-04T10:05:23.496246
293,item1,http://www.concordeexpress.com/,Saved,the needs for International affairs,express logistics companies Mumbai India,,,,,,info@concordeexpress.com,+917021236604,,,,Source keyword: express logistics companies Mumbai India | Contact page: http://www.concordeexpress.com/contact.php,2026-08-04T10:05:24.704842
294,Star Express,https://www.starexpressindia.com/,,,express logistics companies Mumbai India,,,,Star Express (Founder),,admin@starexpressindia.com,+912266095555,SAP,,,Source keyword: express logistics companies Mumbai India | Contact page: https://www.starexpressindia.com/contact-us,2026-08-04T10:05:30.808356
295,Bonds Logistics,http://bondslogistics.com/,Saved,the logistics needs of customers since October’1995,express logistics companies Mumbai India,,,,,,cs@bondslogistics.com,+912226429780,SAP,,,Source keyword: express logistics companies Mumbai India | Contact page: http://bondslogistics.com/helpdesk.php,2026-08-04T10:06:18.187163
296,Img,https://www.ssgloballog.in/,Saved,"and local know-how to our customers, while still providing the close personalized service we have become known for",express logistics companies Mumbai India,,,,,,info@ssgloballog.in,8082462472,,,,Source keyword: express logistics companies Mumbai India | Contact page: https://www.ssgloballog.in/contact (1).html,2026-08-04T10:06:19.596537
297,Home - Kimaya Express.Com,https://kimayaexpress.com/,Saved,,express logistics companies Mumbai India,,,,Helvetica Neue (CEO),,kimayaexpress@yahoo.com,9594415489,SAP,,,Source keyword: express logistics companies Mumbai India | Contact page: https://kimayaexpress.com/contact-us/,2026-08-04T10:08:06.958149
298,Web Analytics Made Easy - Statcounter,http://shipkar.co.in/,Saved,,express logistics companies Mumbai India,,,,,,support@shipkar.co.in,+918451001005,"Salesforce, SAP",,,Source keyword: express logistics companies Mumbai India | Contact page: mailto:support@shipkar.co.in,2026-08-04T10:09:12.908376
299,International Cargo Services Center in Mumbai India,https://www.cargosafeexpress.com/,Saved,,express logistics companies Mumbai India,,,,,https://www.linkedin.com/company/cargosafe-express-logistics-india-pvt-ltd,info@cargosafeexpress.com,+919769536120,SAP,,,Source keyword: express logistics companies Mumbai India | Contact page: https://www.cargosafeexpress.com/contact-us.php,2026-08-04T10:09:16.972297
300,Uniqueairfreight,http://uniqueairfreight.com/,Saved,"and delivering results for our customers, shareholders as well as employees",express logistics companies Mumbai India,,,,,,customercare@uniqueairfreight.com,02242285850,,,,Source keyword: express logistics companies Mumbai India | Contact page: http://uniqueairfreight.com/support.html,2026-08-04T10:09:24.325464
301,Best Local Courier & Logistics in Mumbai – Iwayexx Logistics,https://iwayexx.in/,Saved,,express logistics companies Mumbai India,,,,,https://www.linkedin.com/company/iway-logistics/?original_referer=,customercare@iwayexx.in,+02266288535,SAP,,,Source keyword: express logistics companies Mumbai India | Contact page: https://iwayexx.in/franchise-enquiry/,2026-08-04T10:10:13.796374
302,"Vighnaharta Express Logistics and Movers - Packaging Company in Panvel, Raigad, Navi Mumbai",https://vighnaharta-express.grexa.site/,Saved,,express logistics companies Mumbai India,,,,,,,+917498069303,SAP,,,Source keyword: express logistics companies Mumbai India | Contact page: https://vighnaharta-express.grexa.site/contact,2026-08-04T10:10:20.489110
303,Indian Express Courier and Cargo Services Mumbai,http://indianexpcargo.com/,Saved,,express logistics companies Mumbai India,,,,,,info@indianexpcargo.com,+918080289792,SAP,,,Source keyword: express logistics companies Mumbai India | Contact page: http://indianexpcargo.com/Contact.aspx,2026-08-04T10:10:43.854668
304,Geeta Shipping &amp; Clearance Services Pvt Ltd,http://www.geetagroup.com/,Saved,a premium band of clientele from diverse industrial sectors,express logistics companies Mumbai India,,,,Play Video (CEO),https://www.linkedin.com/company/geeta-shipping-&-clearing-services?trk=hb_tab_compy_id_735772,shais@geetagroup.com,+912266413000,SAP,,,Source keyword: express logistics companies Mumbai India | Contact page: https://geetagroup.com/dgft-consultation/,2026-08-04T10:11:49.364905
305,DHL Express,https://mydhl.express.dhl/in/en/home.html#/createNewShipmentTab,Saved,,express logistics companies Mumbai India,,,,,https://www.linkedin.com/company/dhlexpressindia/,name@email.com,+912266789001,SAP,,Mentioned on website,Source keyword: express logistics companies Mumbai India | Contact page: https://mydhl.express.dhl/in/en/help-and-support.html,2026-08-04T10:11:52.420253
306,client,https://www.vamaship.com/?utm_source=google&utm_medium=wix_google_business_profile&utm_campaign=7045410507830594541,Saved,,express logistics companies Mumbai India,,,,,,care@vamaship.com,+912248934295,"Zoho, SAP",,,Source keyword: express logistics companies Mumbai India | Contact page: http://help.vamaship.com/support/home,2026-08-04T10:12:00.985050
307,RE Rogers,http://www.rogersworldwideindia.com/,Saved,,express logistics companies Mumbai India,,,,,,manojk@rogersworldwideindia.com,+911129949803,SAP,,,Source keyword: express logistics companies Mumbai India | Contact page: https://rogersworldwideindia.com/contact-us/,2026-08-04T10:12:08.453026
308,BK XPRESS CARGO PVT LTD Courier service - Courier Service,https://bk-xpress-cargo.grexa.site/,Saved,,express logistics companies Mumbai India,,,,,,,183597407888,SAP,,,Source keyword: express logistics companies Mumbai India | Contact page: https://bk-xpress-cargo.grexa.site/contact,2026-08-04T10:12:11.036292
309,JP Logistics - International Logistics Services Provider Company | Mumbai,https://jplogisticsservices.com/,Saved,,express logistics companies Mumbai India,,,,,https://www.linkedin.com/company/40959728/admin/,info@jplogisticsservices.com,+918369608059,SAP,,,Source keyword: express logistics companies Mumbai India | Contact page: https://jplogisticsservices.com/contact-us/,2026-08-04T10:12:15.623878
310,Top Logistics: Simplify Transport with Online Truck Booking,https://www.toplogistics.in/?utm_source=gmb_listing&utm_medium=organic,Saved,a wide range of industries,express logistics companies Mumbai India,350+,,,Vikram Pahwa (Founder),,admin@toplogistics.in,+919152802809,SAP,,,Source keyword: express logistics companies Mumbai India | Contact page: https://www.toplogistics.in/?utm_source=gmb_listing&utm_medium=organic#collapse-22544e76a7143033b181,2026-08-04T10:12:20.666343
311,Established 1990,http://www.airwingsindia.com/,Saved,,express logistics companies Mumbai India,,,,,,,8314317991,,,,Source keyword: express logistics companies Mumbai India | Contact page: http://www.airwingsindia.com/enquiry.html,2026-08-04T10:13:08.505693
312,systematic Approch,http://expressfreight.in/,Saved,,express logistics companies Mumbai India,,,,,,info@expressfreight.in,+912226828546,SAP,,,Source keyword: express logistics companies Mumbai India | Contact page: https://www.expressfreight.in/contact/,2026-08-04T10:13:12.474486
313,"Star India Trans Logistics Pvt. Ltd. - Star India Trans Logistics Pvt. Ltd. has the capability to transport any type of cargo by Air, Sea or Road anywhere in the world.",https://starindiatl.in/,Saved,,express logistics companies Mumbai India,,,,,https://www.linkedin.com/in/amol-patil-39a7a021a/%20,info@starindiatl.in,+919552121845,SAP,,,Source keyword: express logistics companies Mumbai India | Contact page: https://starindiatl.in/contact/,2026-08-04T10:13:14.865824
314,Prd Logistics | Best Logistics delivery and supply management company in Delhi,http://www.prdlogisticsindia.com/,Saved,,express logistics companies Delhi NCR India,,,,,,info@prdlogisticsindia.com,+919910480577,SAP,,,Source keyword: express logistics companies Delhi NCR India | Contact page: https://prdlogisticsindia.com/contact-us/,2026-08-04T10:23:10.405651
315,We offer a host of logistic management and supply chain solutions.,http://reinforcelogistics.com/,Saved,,express logistics companies Delhi NCR India,,,,,,info@reinforcelogistics.com,+919910501336,,,,Source keyword: express logistics companies Delhi NCR India | Contact page: http://reinforcelogistics.com/contact.html,2026-08-04T10:23:12.956388
316,"Zipex Global Logistics- Best Freight Forwarder in Haridwar, Gurgaon",http://zipex.co.in/,Saved,,express logistics companies Delhi NCR India,,,,,https://www.linkedin.com/in/zipex-global-logistics-57788568/,info@zipex.co.in,+919811007329,</a></li>,,,Source keyword: express logistics companies Delhi NCR India | Contact page: http://zipex.co.in/enquiry,2026-08-04T10:24:04.918018
317,About,http://www.sansgloballogistics.in/,Saved,,express logistics companies Delhi NCR India,,,,,,sglcare@sansgloballogistics.in,+919873470244,,,,Source keyword: express logistics companies Delhi NCR India | Contact page: http://www.sansgloballogistics.in/contact.php,2026-08-04T10:24:52.928624
318,EXPRESS LOGISTICS,https://www.expresslogistic.in/,Saved,the NEPAL BORDER area since 2017,express logistics companies Delhi NCR India,,,,,,expresslogistics2018@gmail.com,+919310162188,"""><div class=""jXK9ad-SmKAyb""><div class=""tyJCtd mGzaTb Depvyb baZpAe lkHyyc"" rol",,,Source keyword: express logistics companies Delhi NCR India | Contact page: https://www.expresslogistic.in/contact,2026-08-04T10:24:57.006864
319,Slide background,http://www.impexlogistics.co.in/,Saved,,express logistics companies Delhi NCR India,,,,,,info@impexlogistics.co.in,+918448999082,,,of the consignment forwarded through us is made available with our customer serv,Source keyword: express logistics companies Delhi NCR India | Contact page: http://www.impexlogistics.co.in/enquiry.html,2026-08-04T10:26:32.714820
320,sflsolutions.com,http://www.sflsolutions.com/,Saved,,express logistics companies Delhi NCR India,,,,,,,,,,,Source keyword: express logistics companies Delhi NCR India,2026-08-04T10:27:34.275737
321,A large cargo container ship out to sea.,https://www.hlpl.co.in/,Saved,That Protect Your World !</h2> </div>,express logistics companies Delhi NCR India,190+,,,,,info@hlpl.co.in,+911169112200,SAP,,,Source keyword: express logistics companies Delhi NCR India | Contact page: https://hlpl.co.in/contact-us,2026-08-04T10:27:40.953344
322,menu,http://www.cglindia.net/,Saved,"diverse industries with precision, reliability, and speed",express logistics companies Delhi NCR India,,,,Global Aviation Logistics (Founder),https://www.linkedin.com/company/cglogistics2002/,contact@cglindia.net,+911148588888,,,,Source keyword: express logistics companies Delhi NCR India | Contact page: http://www.cglindia.net/contact-us,2026-08-04T10:27:42.960773
323,"Swiftline Cargo, Please wait...",https://www.swiftlinefreight.com/,Saved,,express logistics companies Delhi NCR India,,,,,https://www.linkedin.com/company/swiftline-cargo-and-express-logistics-pvt-ltd,info@swiftlinefreight.com,+917015507349,SAP,,,Source keyword: express logistics companies Delhi NCR India | Contact page: https://www.swiftlinefreight.com/contact-us,2026-08-04T10:27:44.650038
324,"ABS Logistics | Full-Service Air & Sea Freight Forwarders in New Delhi, India",http://abslogistics.in/,Saved,clients across India and internationally,express logistics companies Delhi NCR India,,,,Our Company (Founder),https://www.linkedin.com/company/abs-logistics-pvt-ltd-,info@abslogistics.in,+919810775426,SAP,,Mentioned on website,Source keyword: express logistics companies Delhi NCR India | Contact page: http://abslogistics.in/contact-us/global-rfq-tender-submission,2026-08-04T10:28:37.048930
325,Most Trusted Freight Forwarding Company in India - GSI Cargo,http://www.gsicargo.com/,Saved,,express logistics companies Delhi NCR India,,,,Amit Gill (CEO),,info@gsicargo.com,+919999573197,"Salesforce, SAP",,,Source keyword: express logistics companies Delhi NCR India | Contact page: https://gsicargo.com/contact-us/,2026-08-04T10:29:41.139109
326,Tiger Logistics - Digital Freight Booking Platform,http://www.tigerlogistics.in/,Saved,,express logistics companies Delhi NCR India,,,624,Tiger Logistics (Director),https://www.linkedin.com/company/tiger-logistics-india-pvt.-ltd.?trk=nav_account_sub_nav_company_admin,info@tigerlogistics.in,919266140029,SAP,,,Source keyword: express logistics companies Delhi NCR India | Contact page: javascript:;,2026-08-04T10:30:30.375794
327,India Market Focus,https://dimerco.com/global-logistics-network/india-freight-forwarder/,Saved,,express logistics companies Delhi NCR India,,,,,http://www.linkedin.com/company/dimerco-express/,info@dimerco.com,+6565422233,"HubSpot, SAP",,,Source keyword: express logistics companies Delhi NCR India | Contact page: https://dimerco.com/investor-contact/,2026-08-04T10:30:50.119790
328,Screenshot 2025-11-04 102723,https://globallogisticsworld.in/,Saved,,express logistics companies Delhi NCR India,,,,,,lego@4x-600x131.png,+919348960359,SAP,,,Source keyword: express logistics companies Delhi NCR India | Contact page: https://globallogisticsworld.in/contact-us/,2026-08-04T10:30:59.329426
329,The DFL Group,https://thedflgroup.com/,Saved,for peace of mind,express logistics companies Delhi NCR India,,,,,,info@thedflgroup.com,+447388653479,SAP,,</a></li>,Source keyword: express logistics companies Delhi NCR India | Contact page: https://thedflgroup.com/contact-us/,2026-08-04T10:31:02.973689
330,RoadLoad,http://roadload.in/,Saved,,express logistics companies Delhi NCR India,,,,,https://www.linkedin.com/company/road-load/,info@roadload.in,+919810887991,,,"</b>Upon successful delivery, you will receive a proof of delivery document, pro",Source keyword: express logistics companies Delhi NCR India | Contact page: http://roadload.in/contact-us.php,2026-08-04T10:34:20.659072
331,Spark Logistic - International Shipping Company in India,https://www.sparklogistic.com/,Saved,,express logistics companies Delhi NCR India,,,,,,info@sparklogistic.com,+919217127419,SAP,,,Source keyword: express logistics companies Delhi NCR India | Contact page: https://www.sparklogistic.com/contact/,2026-08-04T10:34:24.839074
332,www.lotuslogistics.in,https://www.lotuslogistics.in/,Saved,,express logistics companies Delhi NCR India,,,,,,vinay@lotuslogistics.in,2010271340,MDoxNCwwOjE1LDA6MTYsMDoxNxQrAAIWDh8LBRJHU1QgTVJQIENhbGN1bGF0b3IfFwUSR1NUIE1SUCBD,,,Source keyword: express logistics companies Delhi NCR India | Contact page: https://www.lotuslogistics.in/resources/Bulletins/Central_Sales_Tax/Central_Sales_Tax.aspx,2026-08-04T10:34:43.772396
333,Discover Trading partner,http://www.jetsealogistics.com/,Saved,,express logistics companies Delhi NCR India,,,,,,info@jetsealogistics.com,+918860700003,,,,Source keyword: express logistics companies Delhi NCR India | Contact page: http://www.jetsealogistics.com/contact,2026-08-04T10:34:45.520246
334,International Freight Forwarder In India | Customs Clearance,https://www.bdginternational.in/,Saved,,express logistics companies Delhi NCR India,,,,,https://www.linkedin.com/company/bdg-international-india-pvt-ltd/?,bdgindia@bdginternational.com,1785184738,SAP,,,Source keyword: express logistics companies Delhi NCR India | Contact page: https://www.bdginternational.in/contact-us/,2026-08-04T10:34:56.939809
335,AFM Logistics - International Freight Forwarding Company,https://afm.net.in/,Saved,India and worldwide,express logistics companies Delhi NCR India,,,,,,info@afm.net.in,+919811931583,SAP,,,Source keyword: express logistics companies Delhi NCR India | Contact page: https://afm.net.in/best-air-import-freight-forwarders-in-india/,2026-08-04T10:36:31.316903
336,Crew,http://www.relayexpress.in/,Saved,,express logistics companies Delhi NCR India,270,,,John Doe (Founder),,support@relayexpress.in,624138681,,,,Source keyword: express logistics companies Delhi NCR India | Contact page: http://www.relayexpress.in/contact-us.php,2026-08-04T10:36:34.542221
337,hero-image-tra-1,http://expresscouriers.in/,Saved,,express logistics companies Delhi NCR India,,,,,,the_expresscouriers@yahoo.com,+919811384784,,,,Source keyword: express logistics companies Delhi NCR India | Contact page: http://expresscouriers.in/ContactUs.aspx,2026-08-04T10:36:35.652874
338,Express Roadways | Best Logistics Company in India,http://www.expressroadways.in/,Saved,,express logistics companies Delhi NCR India,,,,,https://www.linkedin.com/company/express-roadways-pvt-ltd/,sales.media@expressroadways.co.in,+917082005519,"Salesforce, SAP",,,Source keyword: express logistics companies Delhi NCR India | Contact page: https://expressroadways.in/contact-us/,2026-08-04T10:37:28.410673
339,Kerlin Xpress,http://kerlinxpress.wordpress.com/,Saved,in good organizations in different fields in this area,express logistics companies Delhi NCR India,,,,,,info@kerlinxpress.com,+1275100543711,SAP,,</em></strong>We can arrange for a hard copy of the Receiver’s signature to veri,Source keyword: express logistics companies Delhi NCR India | Contact page: https://kerlinxpress.wordpress.com/contactus/,2026-08-04T10:38:26.927863
340,Synergy Express,http://www.synergy-express.com/,Restaurants,,express logistics companies Gurugram India,,,,,https://www.linkedin.com/company/synergy-express-logistics-pvt-ltd,info@synergy-express.com,+919650002228,SAP,,,Source keyword: express logistics companies Gurugram India | Contact page: https://www.synergy-express.com/contact/,2026-08-04T10:45:58.393972
341,Anup Gupta,http://www.sallogistics.com/,Restaurants,,express logistics companies Gurugram India,,,,,,info@sallogistics.com,+12345678933,SAP,,,Source keyword: express logistics companies Gurugram India | Contact page: https://sallogistics.com/lets-talk/,2026-08-04T10:46:42.299177
342,Anant Express Logistics,https://anantlogistics.com/,Restaurants,"all major metros, mini metros, and several",express logistics companies Gurugram India,,,,,https://www.linkedin.com/company/anant-express-logistics/,info@anantlogistics.com,+911245180985,SAP,,,Source keyword: express logistics companies Gurugram India | Contact page: https://anantlogistics.com/contact-us/,2026-08-04T10:47:44.870876
343,Xtracare Logistics Pvt. Ltd.,http://xclpl.com/,Restaurants,,express logistics companies Gurugram India,,,,,https://www.linkedin.com/company/xtracare-logistics-pvt-ltd/mycompany/,,+919811018689,SAP,,,Source keyword: express logistics companies Gurugram India | Contact page: https://www.xclpl.com/contact/,2026-08-04T10:48:47.147119
344,Home - nagwan.net,http://www.nagwan.net/,Restaurants,,express logistics companies Gurugram India,,,,Noto Sans (CEO),,gurgaon@nagwan.net,1785387157,SAP,,,Source keyword: express logistics companies Gurugram India | Contact page: https://nagwan.net/contact/,2026-08-04T10:49:16.900081
345,Fraud Awareness,http://www.nplworldwideexpress.com/,Restaurants,options are what make us ahead of our competitors coupled with next-gen innovation services,express logistics companies Gurugram India,,,,,https://www.linkedin.com/in/npl-worldwide-express-npl-worldwide-express-26703435a/,support@nplworldwideexpress.com,+919650931148,SAP,,,Source keyword: express logistics companies Gurugram India | Contact page: http://www.nplworldwideexpress.com/contacts_page.html,2026-08-04T10:50:04.834904
346,Modern Logistics,https://smodernlogistics.blogspot.com/,Saved,,express logistics companies Gurugram India,,,,,,smodernlogistics@gmail.com,3432011497,SAP,,,Source keyword: express logistics companies Gurugram India | Contact page: https://smodernlogistics.blogspot.com/p/contact-us.html,2026-08-04T10:50:09.857040
347,OURSERVICES,http://www.asrglobal.com/,Restaurants,,express logistics companies Gurugram India,,,,,,,,,,,Source keyword: express logistics companies Gurugram India | Contact page: http://www.asrglobal.com/contact.php,2026-08-04T10:50:20.953934
348,Express Packers Movers Pvt. Ltd.,https://expresspackersmovers.co.in/,Restaurants,all major cities and towns with the same trusted service everywhere,express logistics companies Gurugram India,,,,,,enquiry@expresspackersmovers.co.in,+919310040072,"Salesforce, SAP",,,Source keyword: express logistics companies Gurugram India | Contact page: mailto:enquiry@expresspackersmovers.co.in,2026-08-04T10:52:44.755277
349,Expeditors | Home,http://www.expeditors.com/,Saved,as a sponsor for Expeditors’ Management Trainee Program during his tenure as District Manager and Regional Vice President,express logistics companies Gurugram India,,"6,500",,,https://www.linkedin.com/company/expeditors,,+738441592687006,HubSpot,,,Source keyword: express logistics companies Gurugram India | Contact page: http://www.expeditors.com/contact/,2026-08-04T10:52:56.825457
350,Project Cargo,https://www.ilslogistics.in/,Restaurants,as logistics service providers,express logistics companies Gurugram India,,,,,https://www.linkedin.com/company/integral-logistics-services-pvt-ltd/posts/?feedView=all,info@ilslogistics.in,+911244188164,"Salesforce, SAP",,,Source keyword: express logistics companies Gurugram India | Contact page: https://www.ilslogistics.in/contact-us,2026-08-04T10:53:51.752829
351,slider,https://www.accuratelogistics.co/,Restaurants,,express logistics companies Gurugram India,,,,,,eazaj@accuratelogistics.co,+919167216417,,,) will be available on request,Source keyword: express logistics companies Gurugram India | Contact page: https://www.accuratelogistics.co/contact.html,2026-08-04T10:53:52.480219
352,Screenshot_2,https://sklpackersmovers.com/,Restaurants,,express logistics companies Gurugram India,,,,,,sklpackersmovers@gmail.com,+918448636499,SAP,,,Source keyword: express logistics companies Gurugram India | Contact page: https://sklpackersmovers.com/contact/,2026-08-04T10:53:56.827013
353,Logistics Company in Gurgaon | CARGOYAAN,http://www.cargoyaan.com/,Restaurants,as your centralized logistics base for North India distribution,express logistics companies Gurugram India,,,,,https://www.linkedin.com/company/cargoyaan/,info@cargoyaan.com,9818486426,SAP,,"(ePOD) is uploaded to our portal, backed by digital signatures and clean unloadi",Source keyword: express logistics companies Gurugram India | Contact page: http://www.cargoyaan.com/transport-company-contact-number,2026-08-04T10:54:05.479708
354,Packers and Movers,https://gaticargopackerandmovers.in/,Restaurants,,express logistics companies Gurugram India,,,,,,gatiexpresscargo@gmail.com,+918882096243,"Salesforce, SAP",,,Source keyword: express logistics companies Gurugram India | Contact page: https://gaticargopackerandmovers.in/index.html#enquiry,2026-08-04T10:54:09.047517
355,"Road, Rail & Air Freight Services in India | Ethics Express",https://ethicsexpress.com/,Restaurants,</div>,express logistics companies Gurugram India,,,,,,info@ethicsexpress.com,+919034555664,,,,Source keyword: express logistics companies Gurugram India | Contact page: https://ethicsexpress.com/contact-us,2026-08-04T10:54:59.964656
356,Transport Company,http://www.skylarkexpressdelhi.com/,Restaurants,,express logistics companies Gurugram India,,,,,,info@skylarkexpressdelhi.com,+01141666666,,,,Source keyword: express logistics companies Gurugram India | Contact page: http://www.skylarkexpressdelhi.com/Contact.aspx,2026-08-04T10:55:01.894952
357,Menu,https://www.trukky.com/delhi-transport-services?utm_source=Google&utm_medium=google-listing&utm_campaign=delhi-transporter&utm_term=truck,Restaurants,"with more than 3000 vehicles including trucks, lorries, trailers serving in over 100 cities in the country",express logistics companies Gurugram India,3000,,,Trukky Logo (Owner),https://www.linkedin.com/company/trukky-com,info@trukky.com,+917227872278,"Zoho, SAP",,system,Source keyword: express logistics companies Gurugram India | Contact page: https://www.trukky.com/contact,2026-08-04T10:55:07.531996
358,Pickrr,https://www.pickrr.com/,Restaurants,and higher profit margins with,express logistics companies Gurugram India,,138,,Online Marketing Intern (Founder),https://www.linkedin.com/company/pickrr,support@pickrr.com,1617194337,SAP,,,Source keyword: express logistics companies Gurugram India | Contact page: https://www.pickrr.com/pickrr-connect,2026-08-04T10:55:55.213948
359,Home | Translink Express,http://translinkindia.com/,Restaurants,,express logistics companies Gurugram India,,,,Invalid Sentry Dsn (CEO),,del@translinkindia.com,+919871296505,SAP,,,Source keyword: express logistics companies Gurugram India | Contact page: https://www.translinkindia.com/contact-10,2026-08-04T10:56:00.692354
360,Our Services,http://www.bharatcartransport.com/,Restaurants,,express logistics companies Gurugram India,,,,,,,+919813038243,"Salesforce, SAP",,,Source keyword: express logistics companies Gurugram India | Contact page: https://bharatcartransport.com/contact,2026-08-04T10:56:06.512098
361,Movin | Moving India,http://movin.in/,Restaurants,around the world,express logistics companies Gurugram India,,"460,000",$,,https://www.linkedin.com/company/movin-express/,digitalsales@movin.in,31536000000,Salesforce,,,Source keyword: express logistics companies Gurugram India | Contact page: mailto:digitalsales@movin.in,2026-08-04T10:57:39.586392
362,Noida Packer service Our expert team has extensive expertise in providing the best in class shifting services to the clients.,http://www.noidapackerservice.in/,Saved,,express logistics companies Noida India,,,,,https://www.linkedin.com/in/noida-packer-service-a632a51a3/,moversnps@gmail.com,+917678599707,,,,Source keyword: express logistics companies Noida India | Contact page: https://www.noidapackerservice.in/contact-us.html,2026-08-04T11:07:58.596512
363,Menu-icon,http://www.expedite-world.com/,Saved,start -->,express logistics companies Noida India,,,,,https://www.linkedin.com/company/expedite-impex-private-limited/,,+01202970097,"Salesforce, SAP",,,Source keyword: express logistics companies Noida India | Contact page: http://www.expedite-world.com/contact.php,2026-08-04T11:08:03.912882
364,Max Logistic Packers Movers,https://www.maxlogisticpackers.com/,Saved,Trolly </td>,express logistics companies Noida India,,4,,,https://www.linkedin.com/company/maxlogisticpackers/,info@maxlogisticpackers.com,+919355044443,"Salesforce, SAP",,,Source keyword: express logistics companies Noida India | Contact page: https://maxlogisticpackers.com/enquiry,2026-08-04T11:09:41.297270
365,Delivery ServiceTrustedLogistics,http://trimurtifreight.com/,Saved,a major part of India and is rapidly expanding to cover more cities and towns and even abroad,express logistics companies Noida India,,,,,,,+919599056992,"Salesforce, SAP",,,Source keyword: express logistics companies Noida India | Contact page: https://trimurtifreight.com/contact/,2026-08-04T11:09:45.124477
366,"Our Services - Packers and Movers in Hyderabad,",http://www.expresslogisticspackers.com/,Saved,"families and businesses across India</span></p><p><span style=""font-size: 1",express logistics companies Hyderabad India,,,,,,web.expresslogisticspackers@gmail.com.in,+919618222500,SAP,,,Source keyword: express logistics companies Hyderabad India | Contact page: tel://9618222500,2026-08-04T11:12:25.684391
367,ZeNXL,http://zenxl.in/,Saved,,express logistics companies Hyderabad India,,,,,https://www.linkedin.com/company/zenxl,info@zenxl.in,+919133332256,SAP,,,Source keyword: express logistics companies Hyderabad India | Contact page: https://zenxl.in/support/,2026-08-04T11:14:51.535223
